{
  "autoencoder": {
    "training-mse": 0.0011230113269337844,
    "validation-mse": 0.0025068850977316343
  },
  "pca": {
    "5-components": {
      "training-mse": 0.01033757502386816,
      "validation-mse": 0.009771731770606263
    },
    "10-components": {
      "training-mse": 0.0017125968070164231,
      "validation-mse": 0.001685114483824339
    },
    "20-components": {
      "training-mse": 0.00035194841184380416,
      "validation-mse": 0.00039903523686961247
    }
  }
}