{
  "autoencoder": {
    "inner dim 4": {
      "training-mse": 3.302706935774193e-08,
      "relative_percent_error": 1.7526348308132829,
      "max_distance_error": 0.009834218182320102,
      "mean_distance_error": 0.00016579866844013618,
      "ae_training_time_s": 109.5542688369751,
      "outer_pca_training_time_s": 42.39303731918335
    },
    "inner dim 5": {
      "training-mse": 2.0168326752912086e-08,
      "relative_percent_error": 1.375342131847467,
      "max_distance_error": 0.005832280221816532,
      "mean_distance_error": 0.00012902429197933317,
      "ae_training_time_s": 107.87903571128845,
      "outer_pca_training_time_s": 42.39303731918335
    },
    "inner dim 6": {
      "training-mse": 3.472957656734324e-08,
      "relative_percent_error": 1.7335661765735646,
      "max_distance_error": 0.006243248612415864,
      "mean_distance_error": 0.00016702702638122423,
      "ae_training_time_s": 109.17714023590088,
      "outer_pca_training_time_s": 42.39303731918335
    },
    "inner dim 7": {
      "training-mse": 7.783863880924687e-09,
      "relative_percent_error": 0.926367605770809,
      "max_distance_error": 0.005741490578447247,
      "mean_distance_error": 8.696583079623358e-05,
      "ae_training_time_s": 110.02622270584106,
      "outer_pca_training_time_s": 42.39303731918335
    },
    "inner dim 8": {
      "training-mse": 9.916912212435629e-09,
      "relative_percent_error": 1.0420960132935446,
      "max_distance_error": 0.00527011035370023,
      "mean_distance_error": 9.802019684193771e-05,
      "ae_training_time_s": 105.77190780639648,
      "outer_pca_training_time_s": 42.39303731918335
    },
    "inner dim 9": {
      "training-mse": 7.453554050981967e-09,
      "relative_percent_error": 0.8737327468799786,
      "max_distance_error": 0.006147754403975767,
      "mean_distance_error": 8.273177244244898e-05,
      "ae_training_time_s": 115.27893304824829,
      "outer_pca_training_time_s": 42.39303731918335
    },
    "inner dim 10": {
      "training-mse": 3.506046776356688e-08,
      "relative_percent_error": 1.7229887199893874,
      "max_distance_error": 0.005390621132231859,
      "mean_distance_error": 0.00016266459081326723,
      "ae_training_time_s": 114.94791269302368,
      "outer_pca_training_time_s": 42.39303731918335
    },
    "inner dim 11": {
      "training-mse": 8.97570306216626e-09,
      "relative_percent_error": 0.9391610917449901,
      "max_distance_error": 0.004566218767915536,
      "mean_distance_error": 8.802457973689005e-05,
      "ae_training_time_s": 114.41149234771729,
      "outer_pca_training_time_s": 42.39303731918335
    }
  },
  "pca": {
    "29-components": {
      "training-mse": 2.0803905666149494e-09,
      "max-distance-error": 0.0027046840016847432,
      "mean-distance-error": 4.328370297495498e-05
    },
    "25-components": {
      "training-mse": 4.838989658995273e-09,
      "max-distance-error": 0.004108350571601712,
      "mean-distance-error": 6.50750970150468e-05
    },
    "11-components": {
      "training-mse": 2.0550147076003522e-07,
      "max-distance-error": 0.02125843793977827,
      "mean-distance-error": 0.0004019575951653157
    }
  }
}