{
  "total_user_interaction_time": 0.0007636547088623047,
  "total_replay_time": 0.01868295669555664,
  "total_training_time": 922.2960443496704
}