{
  "total_user_interaction_time": 0.0008218288421630859,
  "total_replay_time": 11168.81470131874,
  "total_training_time": 5.245208740234375e-06
}