{
  "autoencoder": {
    "inner dim 6": {
      "training-mse": 6.217679936743325e-07,
      "relative_percent_error": 3.5108048230828692,
      "max_distance_error": 0.017542597842941616,
      "mean_distance_error": 0.000998120859968641,
      "ae_training_time_s": 202.4018144607544,
      "outer_pca_training_time_s": 3.376984119415283
    }
  },
  "pca": {}
}