{
  "total_user_interaction_time": 0.00048613548278808594,
  "total_replay_time": 0.0015118122100830078,
  "total_training_time": 217.18024015426636
}