{
  "autoencoder": {
    "training-mse": 0.0006394730762949916,
    "validation-mse": 0.0015477507957317622
  },
  "pca": {
    "5-components": {
      "training-mse": 0.003245506800195387,
      "validation-mse": 0.001730854281670645
    },
    "10-components": {
      "training-mse": 0.00034830922270014526,
      "validation-mse": 0.0002656756306501797
    },
    "20-components": {
      "training-mse": 2.554130668433845e-05,
      "validation-mse": 2.961458803717408e-05
    }
  }
}