{
  "total_user_interaction_time": 0.0006248950958251953,
  "total_replay_time": 0.008192062377929688,
  "total_training_time": 7032.702955007553
}