{
  "autoencoder": {
    "training-mse": 1.1100475977161621e-07,
    "ae_training_time_s": 16.826727390289307,
    "pca_training_time_s": 0.14042139053344727
  },
  "pca": {
    "10-components": {
      "training-mse": 3.553901957713216e-08,
      "explained_var": 0.9999967180559445
    },
    "20-components": {
      "training-mse": 3.626811010972039e-10,
      "explained_var": 0.9999999665072619
    },
    "30-components": {
      "training-mse": 1.5224764859458e-11,
      "explained_var": 0.9999999985940294
    },
    "40-components": {
      "training-mse": 8.255525528338027e-13,
      "explained_var": 0.9999999999237623
    }
  }
}