{
  "autoencoder": {
    "training-mse": 6.039897668764766e-08,
    "relative_percent_error": 0.6578282283048151,
    "max_distance_error": 0.0036082150022941307,
    "ae_training_time_s": 45.79453229904175,
    "pca_training_time_s": 10.874777555465698
  },
  "pca": {
    "6-components": {
      "training-mse": 1.1986623891143197e-07,
      "max-distance-error": 0.00920794753017191
    },
    "12-components": {
      "training-mse": 2.576845590563459e-09,
      "max-distance-error": 0.0026077345370614947
    }
  }
}