{
  "sim_config": {
    "alternative_full_space_mesh": "",
    "integrator_config": {
      "ae_decoded_dim": 20,
      "ae_encoded_dim": 1,
      "gravity": 0,
      "lbfgs_config": {
        "lbfgs_epsilon": 1e-08,
        "lbfgs_m": 8,
        "lbfgs_max_iterations": 0
      },
      "pca_dim": 20,
      "reduced_energy_method": "pcr",
      "reduced_space_type": "autoencoder",
      "save_obj_every_iteration": true,
      "start_pose_from_training_data": 300,
      "timestep": 0.00333333333333333,
      "use_partial_decode": true,
      "use_preconditioner": true,
      "use_reduced_energy": false
    },
    "logging_enabled": true,
    "material_config": {
      "density": 1000,
      "poissons_ratio": 0.47,
      "youngs_modulus": 1000000
    },
    "mesh": "models/new_25cm_bar_11k_twist_and_bend_1d_v2/tets.mesh",
    "save_objs": false,
    "visualization_config": {
      "full_space_constrained_axis": 0,
      "gpu_decode": true,
      "interaction_spring_stiffness": 10000.0,
      "max_frames": 1,
      "print_every_n_frames": 1,
      "show_energy": false,
      "show_stress": false
    }
  },
  "timesteps": [
    {
      "current_frame": 0,
      "iteration_info": {
        "lbfgs_iteration": [
          0,
          1,
          1,
          1,
          2,
          3,
          4,
          5,
          6,
          7
        ],
        "lbfgs_line_iteration": [
          0,
          0,
          1,
          2,
          0,
          0,
          0,
          0,
          0,
          0
        ],
        "lbfgs_obj_vals": [
          0.000232383407921762,
          0.000221276170588563,
          0.00020638412391311,
          0.000179336411567592,
          1.51005862285841e-05,
          1.20420854131921e-06,
          6.07921099512815e-07,
          5.90161858415394e-07,
          5.89269826150704e-07,
          5.89262599766163e-07
        ],
        "timing": {
          "energy_forces_time_s": [
            0.0592048168182373,
            0.0353670120239258,
            0.0290627479553223,
            0.0267302989959717,
            0.0123775005340576,
            0.0239603519439697,
            0.024836540222168,
            0.0221822261810303,
            0.0195229053497314,
            0.0156850814819336
          ],
          "linear_decode_time_s": [
            0.000249385833740234,
            0.000211954116821289,
            0.000168323516845703,
            0.000123977661132812,
            0.000118017196655273,
            0.000108480453491211,
            0.000128984451293945,
            0.000124692916870117,
            8.94069671630859e-05,
            7.67707824707031e-05
          ],
          "obj_and_grad_eval_time_s": [
            0.0134809017181396,
            0.000238656997680664,
            0.000213623046875,
            0.000202417373657227,
            0.000154733657836914,
            0.00191426277160645,
            0.000180482864379883,
            0.000184297561645508,
            0.000151634216308594,
            0.000179767608642578
          ],
          "predict_weight_time": [
            0.0,
            0.0,
            0.0,
            0.0,
            0.0,
            0.0,
            0.0,
            0.0,
            0.0,
            0.0
          ],
          "tf_time_s": [
            9.70363616943359e-05,
            0.000186920166015625,
            0.000145196914672852,
            0.000137805938720703,
            0.000162363052368164,
            0.000137567520141602,
            0.000108003616333008,
            0.000132560729980469,
            0.000194549560546875,
            0.000118494033813477
          ],
          "tot_obj_time_s": [
            0.0730352401733398,
            0.0360078811645508,
            0.029592752456665,
            0.0271966457366943,
            0.012814998626709,
            0.0261225700378418,
            0.0252563953399658,
            0.0226266384124756,
            0.0199613571166992,
            0.0160627365112305
          ]
        }
      },
      "lbfgs_iterations": 7,
      "mouse_info": {
        "dragged_pos": [
          0.0,
          0.0,
          0.0
        ],
        "dragged_vert": 0,
        "is_dragging": false
      },
      "precondition_time": 0.000195741653442383,
      "tot_step_time_s": 0.310049057006836
    }
  ]
}