{
  "autoencoder": {
    "inner dim 6": {
      "training-mse": 1.3633155820361075e-07,
      "relative_percent_error": 1.3864458832714417,
      "max_distance_error": 0.026384954088721716,
      "mean_distance_error": 0.00041195211404224374,
      "ae_training_time_s": 192.8211953639984,
      "outer_pca_training_time_s": 37.04671502113342
    }
  },
  "pca": {
    "49-components": {
      "training-mse": 9.131037346111802e-10,
      "max-distance-error": 0.005498905668060539,
      "mean-distance-error": 3.0085425641907605e-05
    },
    "13-components": {
      "training-mse": 3.1051558216471325e-07,
      "max-distance-error": 0.022790751522205825,
      "mean-distance-error": 0.000537313152056731
    },
    "6-components": {
      "training-mse": 3.483188525641281e-06,
      "max-distance-error": 0.058403217063185194,
      "mean-distance-error": 0.0020987686131428854
    }
  }
}