{
  "autoencoder": {
    "training-mse": 2.1557523665537674e-07,
    "relative_percent_error": 1.2894709935413342,
    "ae_training_time_s": 32.67966985702515,
    "pca_training_time_s": 0.3417470455169678
  },
  "pca": {
    "2-components": {
      "training-mse": 1.9687961425328696e-05,
      "explained_var": 0.9863344937729958,
      "relative_percent_error": 10.71021891342699
    },
    "3-components": {
      "training-mse": 8.113321030764196e-07,
      "explained_var": 0.9994368505876645,
      "relative_percent_error": 2.2143115968963105
    },
    "5-components": {
      "training-mse": 6.9766490381576845e-09,
      "explained_var": 0.99999515747523,
      "relative_percent_error": 0.2418231956691635
    },
    "10-components": {
      "training-mse": 1.9636059847862006e-12,
      "explained_var": 0.999999998637052,
      "relative_percent_error": 0.0032846409382308577
    },
    "20-components": {
      "training-mse": 2.8364277128735567e-16,
      "explained_var": 0.9999999999998032,
      "relative_percent_error": 3.37459701512319e-05
    }
  }
}