{
  "autoencoder": {
    "training-mse": 3.199379529183377e-08,
    "relative_percent_error": 0.5163628757438151,
    "ae_training_time_s": 54.72190570831299,
    "pca_training_time_s": 0.2084662914276123
  },
  "pca": {
    "2-components": {
      "training-mse": 1.956770237797825e-05,
      "explained_var": 0.9861917866198379,
      "relative_percent_error": 10.755927748402305
    },
    "3-components": {
      "training-mse": 8.111451374393978e-07,
      "explained_var": 0.9994276044819321,
      "relative_percent_error": 2.238578034598147
    },
    "5-components": {
      "training-mse": 6.985333183870553e-09,
      "explained_var": 0.9999950707053251,
      "relative_percent_error": 0.2449080218561454
    },
    "10-components": {
      "training-mse": 1.9837342823843727e-12,
      "explained_var": 0.9999999986001513,
      "relative_percent_error": 0.003335185569224349
    },
    "20-components": {
      "training-mse": 3.28967060461857e-16,
      "explained_var": 0.9999999999997681,
      "relative_percent_error": 3.638539465097209e-05
    }
  }
}