{
  "sim_config": {
    "alternative_full_space_mesh": "",
    "integrator_config": {
      "ae_decoded_dim": 20,
      "ae_encoded_dim": 1,
      "gravity": 0,
      "lbfgs_config": {
        "lbfgs_epsilon": 1e-06,
        "lbfgs_m": 8,
        "lbfgs_max_iterations": 0
      },
      "pca_dim": 20,
      "reduced_energy_method": "pcr",
      "reduced_space_type": "autoencoder",
      "save_obj_every_iteration": true,
      "start_pose_from_training_data": 300,
      "timestep": 0.00333333333333333,
      "use_partial_decode": true,
      "use_preconditioner": true,
      "use_reduced_energy": false
    },
    "logging_enabled": true,
    "material_config": {
      "density": 1000,
      "poissons_ratio": 0.47,
      "youngs_modulus": 1000000
    },
    "mesh": "models/new_25cm_bar_11k_twist_and_bend_1d/tets.mesh",
    "save_objs": false,
    "visualization_config": {
      "full_space_constrained_axis": 0,
      "gpu_decode": true,
      "interaction_spring_stiffness": 10000.0,
      "max_frames": 1,
      "print_every_n_frames": 1,
      "show_energy": false,
      "show_stress": false
    }
  },
  "timesteps": [
    {
      "current_frame": 0,
      "iteration_info": {
        "lbfgs_iteration": [
          0,
          1,
          2,
          2,
          2,
          3,
          3,
          3,
          3,
          4,
          5
        ],
        "lbfgs_line_iteration": [
          0,
          0,
          0,
          1,
          2,
          0,
          1,
          2,
          3,
          0,
          0
        ],
        "lbfgs_obj_vals": [
          0.00028233722581842,
          0.000164904349623407,
          258.277545433124,
          0.437281479380694,
          1.53314940144699e-05,
          10.2841789984923,
          0.0664021107340366,
          1.67128546880319e-05,
          1.76594872480597e-06,
          1.08253252000311e-06,
          1.010804800216e-06
        ],
        "timing": {
          "energy_forces_time_s": [
            0.044600248336792,
            0.0160508155822754,
            0.0131182670593262,
            0.0104188919067383,
            0.00996804237365723,
            0.0143921375274658,
            0.0243499279022217,
            0.0220961570739746,
            0.0217940807342529,
            0.023503303527832,
            0.0205903053283691
          ],
          "linear_decode_time_s": [
            0.000244140625,
            0.000229358673095703,
            0.000142097473144531,
            0.000123500823974609,
            0.000111818313598633,
            9.96589660644531e-05,
            9.63211059570312e-05,
            0.000140190124511719,
            8.44001770019531e-05,
            0.000105381011962891,
            9.13143157958984e-05
          ],
          "obj_and_grad_eval_time_s": [
            0.015897274017334,
            0.000193595886230469,
            0.000149250030517578,
            0.000135421752929688,
            0.000127553939819336,
            0.000167608261108398,
            0.000150680541992188,
            0.000142335891723633,
            0.00012969970703125,
            0.000591039657592773,
            0.000146150588989258
          ],
          "predict_weight_time": [
            0.0,
            0.0,
            0.0,
            0.0,
            0.0,
            0.0,
            0.0,
            0.0,
            0.0,
            0.0,
            0.0
          ],
          "tf_time_s": [
            9.46521759033203e-05,
            0.000175952911376953,
            0.000152587890625,
            0.000141620635986328,
            0.000115871429443359,
            0.000129222869873047,
            0.000121831893920898,
            0.000141382217407227,
            0.000109672546386719,
            0.000129938125610352,
            9.98973846435547e-05
          ],
          "tot_obj_time_s": [
            0.0608386993408203,
            0.0166521072387695,
            0.0135645866394043,
            0.0108215808868408,
            0.0103259086608887,
            0.0147912502288818,
            0.0247213840484619,
            0.0225222110748291,
            0.0221199989318848,
            0.0243325233459473,
            0.020930290222168
          ]
        }
      },
      "lbfgs_iterations": 5,
      "mouse_info": {
        "dragged_pos": [
          0.0,
          0.0,
          0.0
        ],
        "dragged_vert": 0,
        "is_dragging": false
      },
      "precondition_time": 0.000214099884033203,
      "tot_step_time_s": 0.320621728897095
    }
  ]
}