{
  "total_user_interaction_time": 0.0007305145263671875,
  "total_replay_time": 0.0023555755615234375,
  "total_training_time": 673.0298581123352
}