{
  "sim_config": {
    "integrator_config": {
      "ae_decoded_dim": 30,
      "ae_encoded_dim": 6,
      "finite_diff_eps": 5e-05,
      "gravity": -9.8,
      "lbfgs_config": {
        "lbfgs_epsilon": 0.0001,
        "lbfgs_m": 8,
        "lbfgs_max_iterations": 150
      },
      "pca_dim": 30,
      "reduced_energy_method": "an08",
      "reduced_space_type": "full",
      "timestep": 0.0333333333333333,
      "use_partial_decode": true,
      "use_preconditioner": true,
      "use_reduced_energy": false
    },
    "logging_enabled": true,
    "material_config": {
      "density": 1000.0,
      "poissons_ratio": 0.45,
      "youngs_modulus": 1000000.0
    },
    "mesh": "models/x-final/tets.mesh",
    "save_objs": true,
    "visualization_config": {
      "full_space_constrained_axis": 1,
      "gpu_decode": false,
      "interaction_spring_stiffness": 10000.0,
      "show_energy": false,
      "show_stress": false
    }
  },
  "timesteps": [
    {
      "current_frame": 0,
      "iteration_info": {
        "lbfgs_obj_vals": [
          0.0,
          -2.57730049998338,
          -2.57730590822981,
          -2.57730590864761
        ],
        "timing": {
          "energy_forces_time_s": [
            0.0274066925048828,
            0.0231747627258301,
            0.0211024284362793,
            0.0155847072601318
          ],
          "linear_decode_time_s": [
            2.62260437011719e-05,
            2.83718109130859e-05,
            2.62260437011719e-05,
            2.57492065429688e-05
          ],
          "obj_and_grad_eval_time_s": [
            0.00046539306640625,
            0.000393390655517578,
            0.000364065170288086,
            0.000449657440185547
          ],
          "predict_weight_time": [
            0.0,
            0.0,
            0.0,
            0.0
          ],
          "tf_time_s": [
            1.09672546386719e-05,
            3.09944152832031e-06,
            3.814697265625e-06,
            3.09944152832031e-06
          ],
          "tot_obj_time_s": [
            0.0279116630554199,
            0.0236020088195801,
            0.0214989185333252,
            0.0160653591156006
          ]
        }
      },
      "lbfgs_iterations": 3,
      "mouse_info": {
        "dragged_pos": [
          0.0,
          0.0,
          0.0
        ],
        "dragged_vert": 0,
        "is_dragging": false
      },
      "precondition_time": 0.227020025253296,
      "tot_step_time_s": 0.321159601211548
    },
    {
      "current_frame": 1,
      "iteration_info": {
        "lbfgs_obj_vals": [
          7.73033412002197,
          -0.876709463551048,
          -0.876730888915608,
          -0.876730892928986
        ],
        "timing": {
          "energy_forces_time_s": [
            0.0288190841674805,
            0.0194318294525146,
            0.00699234008789062,
            0.00597262382507324
          ],
          "linear_decode_time_s": [
            9.34600830078125e-05,
            2.59876251220703e-05,
            2.64644622802734e-05,
            2.50339508056641e-05
          ],
          "obj_and_grad_eval_time_s": [
            0.00146222114562988,
            0.000468015670776367,
            0.000506401062011719,
            0.000445842742919922
          ],
          "predict_weight_time": [
            0.0,
            0.0,
            0.0,
            0.0
          ],
          "tf_time_s": [
            3.33786010742188e-05,
            6.43730163574219e-06,
            3.57627868652344e-06,
            3.33786010742188e-06
          ],
          "tot_obj_time_s": [
            0.0304102897644043,
            0.0199346542358398,
            0.00753116607666016,
            0.00644922256469727
          ]
        }
      },
      "lbfgs_iterations": 3,
      "mouse_info": {
        "dragged_pos": [
          0.0,
          0.0,
          0.0
        ],
        "dragged_vert": 0,
        "is_dragging": false
      },
      "precondition_time": 0.2252037525177,
      "tot_step_time_s": 0.294686794281006
    },
    {
      "current_frame": 2,
      "iteration_info": {
        "lbfgs_obj_vals": [
          18.8370328861659,
          2.52460207234284,
          2.5245648030505,
          2.52456479355067
        ],
        "timing": {
          "energy_forces_time_s": [
            0.00708341598510742,
            0.00612878799438477,
            0.0177152156829834,
            0.0180842876434326
          ],
          "linear_decode_time_s": [
            3.71932983398438e-05,
            2.81333923339844e-05,
            2.78949737548828e-05,
            2.57492065429688e-05
          ],
          "obj_and_grad_eval_time_s": [
            0.000520467758178711,
            0.000463008880615234,
            0.000523567199707031,
            0.00047755241394043
          ],
          "predict_weight_time": [
            0.0,
            0.0,
            0.0,
            0.0
          ],
          "tf_time_s": [
            1.52587890625e-05,
            2.86102294921875e-06,
            3.09944152832031e-06,
            3.33786010742188e-06
          ],
          "tot_obj_time_s": [
            0.0076594352722168,
            0.00662493705749512,
            0.0182721614837646,
            0.0185937881469727
          ]
        }
      },
      "lbfgs_iterations": 3,
      "mouse_info": {
        "dragged_pos": [
          0.0,
          0.0,
          0.0
        ],
        "dragged_vert": 0,
        "is_dragging": false
      },
      "precondition_time": 0.214948415756226,
      "tot_step_time_s": 0.271481513977051
    },
    {
      "current_frame": 3,
      "iteration_info": {
        "lbfgs_obj_vals": [
          32.4746308245181,
          8.4990728384434,
          8.49901090093542,
          8.49901087861549
        ],
        "timing": {
          "energy_forces_time_s": [
            0.0253608226776123,
            0.016587495803833,
            0.0168228149414062,
            0.00880742073059082
          ],
          "linear_decode_time_s": [
            3.52859497070312e-05,
            3.36170196533203e-05,
            4.00543212890625e-05,
            2.74181365966797e-05
          ],
          "obj_and_grad_eval_time_s": [
            0.000561237335205078,
            0.000523090362548828,
            0.000467061996459961,
            0.000458478927612305
          ],
          "predict_weight_time": [
            0.0,
            0.0,
            0.0,
            0.0
          ],
          "tf_time_s": [
            1.64508819580078e-05,
            1.12056732177734e-05,
            3.57627868652344e-06,
            3.57627868652344e-06
          ],
          "tot_obj_time_s": [
            0.0259764194488525,
            0.0171577930450439,
            0.0173366069793701,
            0.00929903984069824
          ]
        }
      },
      "lbfgs_iterations": 3,
      "mouse_info": {
        "dragged_pos": [
          0.0,
          0.0,
          0.0
        ],
        "dragged_vert": 0,
        "is_dragging": false
      },
      "precondition_time": 0.237275123596191,
      "tot_step_time_s": 0.312869548797607
    },
    {
      "current_frame": 4,
      "iteration_info": {
        "lbfgs_obj_vals": [
          47.7666485838713,
          17.6217298081757,
          17.6216275178619,
          17.6216274662915
        ],
        "timing": {
          "energy_forces_time_s": [
            0.023270845413208,
            0.0138523578643799,
            0.0071260929107666,
            0.0059661865234375
          ],
          "linear_decode_time_s": [
            3.29017639160156e-05,
            3.45706939697266e-05,
            2.62260437011719e-05,
            2.47955322265625e-05
          ],
          "obj_and_grad_eval_time_s": [
            0.000568151473999023,
            0.000507116317749023,
            0.000462532043457031,
            0.0004425048828125
          ],