{
  "sim_config": {
    "alternative_full_space_mesh": "",
    "integrator_config": {
      "ae_decoded_dim": 20,
      "ae_encoded_dim": 1,
      "gravity": -9.8,
      "lbfgs_config": {
        "lbfgs_epsilon": 1e-06,
        "lbfgs_m": 8,
        "lbfgs_max_iterations": 0
      },
      "pca_dim": 2,
      "reduced_energy_method": "pcr",
      "reduced_space_type": "autoencoder",
      "save_ply_every_evaluation": true,
      "start_pose_from_training_data": 300,
      "timestep": 0.00333333333333333,
      "use_partial_decode": true,
      "use_preconditioner": false,
      "use_reduced_energy": true
    },
    "logging_enabled": true,
    "material_config": {
      "density": 1000,
      "poissons_ratio": 0.47,
      "youngs_modulus": 1000000
    },
    "mesh": "models/new_25cm_bar_11k_twist_and_bend_1d/tets.mesh",
    "save_objs": false,
    "visualization_config": {
      "full_space_constrained_axis": 0,
      "gpu_decode": true,
      "interaction_spring_stiffness": 10000.0,
      "max_frames": 1,
      "print_every_n_frames": 1,
      "show_energy": false,
      "show_stress": false
    }
  },
  "timesteps": [
    {
      "current_frame": 0,
      "iteration_info": {
        "lbfgs_iteration": [
          0,
          1,
          2,
          2,
          2,
          2,
          3,
          3,
          3,
          3,
          3,
          4,
          5,
          6
        ],
        "lbfgs_line_iteration": [
          0,
          0,
          0,
          1,
          2,
          3,
          0,
          1,
          2,
          3,
          4,
          0,
          0,
          0
        ],
        "lbfgs_obj_vals": [
          0.000252183806093027,
          0.000193457806296761,
          0.0749710251781321,
          4.70295633552889e-05,
          0.243080748777518,
          3.98035758802148e-05,
          13857.383208301,
          144.765310503174,
          2.70513222221364,
          5.55689916476936e-05,
          6.91791887984082e-06,
          6.18239757561821e-06,
          5.64112700292189e-06,
          5.61991210078181e-06
        ],
        "timing": {
          "energy_forces_time_s": [
            0.00500369071960449,
            0.000537872314453125,
            0.000447750091552734,
            0.000343561172485352,
            0.000336647033691406,
            0.000334739685058594,
            0.000375747680664062,
            0.000354290008544922,
            0.000364542007446289,
            0.000313758850097656,
            0.000313997268676758,
            0.000357627868652344,
            0.000319719314575195,
            0.000329732894897461
          ],
          "linear_decode_time_s": [
            0.000298738479614258,
            6.19888305664062e-05,
            5.26905059814453e-05,
            3.19480895996094e-05,
            3.40938568115234e-05,
            5.07831573486328e-05,
            4.83989715576172e-05,
            4.62532043457031e-05,
            4.67300415039062e-05,
            3.40938568115234e-05,
            3.29017639160156e-05,
            5.24520874023438e-05,
            3.33786010742188e-05,
            3.21865081787109e-05
          ],
          "obj_and_grad_eval_time_s": [
            0.0200374126434326,
            0.00112485885620117,
            0.000295639038085938,
            0.000229120254516602,
            0.000242471694946289,
            0.000234603881835938,
            0.000204801559448242,
            0.000195026397705078,
            0.000251531600952148,
            0.000197172164916992,
            0.000205039978027344,
            0.000277519226074219,
            0.000189781188964844,
            0.000183343887329102
          ],
          "predict_weight_time": [
            0.0,
            0.0,
            0.0,
            0.0,
            0.0,
            0.0,
            0.0,
            0.0,
            0.0,
            0.0,
            0.0,
            0.0,
            0.0,
            0.0
          ],
          "tf_time_s": [
            0.000121831893920898,
            0.000244140625,
            0.000314474105834961,
            0.000138998031616211,
            0.000151872634887695,
            0.000163793563842773,
            0.000189781188964844,
            0.000113248825073242,
            0.000132560729980469,
            0.000151872634887695,
            0.000146150588989258,
            0.000140905380249023,
            0.000123977661132812,
            0.000119209289550781
          ],
          "tot_obj_time_s": [
            0.0254647731781006,
            0.00197196006774902,
            0.0011138916015625,
            0.000746488571166992,
            0.000767946243286133,
            0.000786542892456055,
            0.000821352005004883,
            0.000711917877197266,
            0.000798463821411133,
            0.000699281692504883,
            0.000701427459716797,
            0.000832557678222656,
            0.000670671463012695,
            0.000667095184326172
          ]
        }
      },
      "lbfgs_iterations": 6,
      "mouse_info": {
        "dragged_pos": [
          -0.0993818484280171,
          -0.0425987015042567,
          0.0802816120908881
        ],
        "dragged_vert": 1133,
        "is_dragging": false
      },
      "precondition_time": 0.0,
      "tot_step_time_s": 0.0369749069213867
    }
  ]
}