{
  "autoencoder": {
    "training-mse": 1.0349486359949685e-06,
    "relative_percent_error": 3.107730332135137,
    "ae_training_time_s": 43.253034591674805,
    "pca_training_time_s": 0.244553804397583
  },
  "pca": {
    "2-components": {
      "training-mse": 1.9687961425328696e-05,
      "explained_var": 0.9863344937729958,
      "relative_percent_error": 10.710218913426994
    },
    "3-components": {
      "training-mse": 8.113321030764196e-07,
      "explained_var": 0.9994368505876646,
      "relative_percent_error": 2.2143115968963127
    },
    "5-components": {
      "training-mse": 6.9766490381576845e-09,
      "explained_var": 0.9999951574752302,
      "relative_percent_error": 0.24182319566916322
    },
    "10-components": {
      "training-mse": 1.9636059847861873e-12,
      "explained_var": 0.999999998637052,
      "relative_percent_error": 0.003284640938230761
    },
    "20-components": {
      "training-mse": 2.8364277128733423e-16,
      "explained_var": 0.999999999999803,
      "relative_percent_error": 3.374597015149174e-05
    }
  }
}