{
  "autoencoder": {
    "inner dim 22": {
      "training-mse": 1.0047271718995378e-07,
      "relative_percent_error": 0.6740867595077211,
      "max_distance_error": 0.006794303642815081,
      "mean_distance_error": 0.00040159013386126204,
      "ae_training_time_s": 54.006253719329834,
      "outer_pca_training_time_s": 0.9729669094085693
    }
  },
  "pca": {}
}