{
  "autoencoder": {
    "inner dim 16": {
      "training-mse": 1.0030446027100058e-07,
      "relative_percent_error": 0.6726703129391004,
      "max_distance_error": 0.007499156755882249,
      "mean_distance_error": 0.00040393497784259113,
      "ae_training_time_s": 54.95310115814209,
      "outer_pca_training_time_s": 0.9034554958343506
    }
  },
  "pca": {}
}