{
  "autoencoder": {
    "inner dim 19": {
      "training-mse": 1.4726094581943076e-06,
      "relative_percent_error": 2.343362981560761,
      "max_distance_error": 0.02078017680556387,
      "mean_distance_error": 0.0014496582361678328,
      "ae_training_time_s": 54.03933310508728,
      "outer_pca_training_time_s": 0.9291048049926758
    }
  },
  "pca": {}
}