{
  "autoencoder": {
    "inner dim 7": {
      "training-mse": 8.444120570334663e-08,
      "relative_percent_error": 0.5931804034276127,
      "max_distance_error": 0.010939334989322877,
      "mean_distance_error": 0.00035573266279891806,
      "ae_training_time_s": 53.70140504837036,
      "outer_pca_training_time_s": 0.9160444736480713
    }
  },
  "pca": {}
}