{
  "autoencoder": {
    "inner dim 18": {
      "training-mse": 2.5679943115709795e-07,
      "relative_percent_error": 1.0349344697677079,
      "max_distance_error": 0.006029018288682482,
      "mean_distance_error": 0.0006254396261690302,
      "ae_training_time_s": 52.769102334976196,
      "outer_pca_training_time_s": 0.9537436962127686
    }
  },
  "pca": {}
}