{
  "autoencoder": {
    "inner dim 16": {
      "training-mse": 2.3975946990115126e-07,
      "relative_percent_error": 1.0160053197623902,
      "max_distance_error": 0.01468103593966194,
      "mean_distance_error": 0.0006055521828639865,
      "ae_training_time_s": 51.52914905548096,
      "outer_pca_training_time_s": 0.9222238063812256
    }
  },
  "pca": {}
}