{
  "autoencoder": {
    "inner dim 25": {
      "training-mse": 7.767127501539857e-08,
      "relative_percent_error": 0.615124814333197,
      "max_distance_error": 0.006625875807862085,
      "mean_distance_error": 0.000364108551310819,
      "ae_training_time_s": 55.24911332130432,
      "outer_pca_training_time_s": 0.9808590412139893
    }
  },
  "pca": {}
}