{
  "autoencoder": {
    "inner dim 16": {
      "training-mse": 3.0188776256283586e-07,
      "relative_percent_error": 1.139957854086154,
      "max_distance_error": 0.011653261912623213,
      "mean_distance_error": 0.0006749431859498652,
      "ae_training_time_s": 55.158966302871704,
      "outer_pca_training_time_s": 0.9487497806549072
    }
  },
  "pca": {}
}