{
  "autoencoder": {
    "inner dim 1": {
      "training-mse": 0.00025833770291434005,
      "relative_percent_error": 27.582570839449577,
      "max_distance_error": 0.2886933736040407,
      "mean_distance_error": 0.01668076435740743,
      "ae_training_time_s": 55.374953269958496,
      "outer_pca_training_time_s": 0.8723597526550293
    }
  },
  "pca": {}
}