{
  "autoencoder": {
    "inner dim 8": {
      "training-mse": 1.1369779805609684e-05,
      "relative_percent_error": 6.167789339901976,
      "max_distance_error": 0.05711108933015067,
      "mean_distance_error": 0.0037793034226842573,
      "ae_training_time_s": 54.27535796165466,
      "outer_pca_training_time_s": 0.9390549659729004
    }
  },
  "pca": {}
}