{
  "autoencoder": {
    "inner dim 4": {
      "training-mse": 0.0009369347089577412,
      "relative_percent_error": 49.67524260201728,
      "max_distance_error": 0.3292006367930891,
      "mean_distance_error": 0.03163985406602955,
      "ae_training_time_s": 53.24394178390503,
      "outer_pca_training_time_s": 0.9237270355224609
    }
  },
  "pca": {}
}