{
  "autoencoder": {
    "inner dim 7": {
      "training-mse": 2.711030104148445e-07,
      "relative_percent_error": 1.1064835827750756,
      "max_distance_error": 0.012563853087258877,
      "mean_distance_error": 0.0006661415869631188,
      "ae_training_time_s": 53.481112003326416,
      "outer_pca_training_time_s": 0.9143290519714355
    }
  },
  "pca": {}
}