{
  "autoencoder": {
    "inner dim 1": {
      "training-mse": 0.00025200444770557537,
      "relative_percent_error": 27.61000213121194,
      "max_distance_error": 0.30060247811586305,
      "mean_distance_error": 0.016651116419934518,
      "ae_training_time_s": 55.90211200714111,
      "outer_pca_training_time_s": 0.9133517742156982
    }
  },
  "pca": {}
}