{
  "autoencoder": {
    "inner dim 17": {
      "training-mse": 3.0812258209374176e-06,
      "relative_percent_error": 3.305785641225402,
      "max_distance_error": 0.035586177665478,
      "mean_distance_error": 0.002005089762711029,
      "ae_training_time_s": 53.300734996795654,
      "outer_pca_training_time_s": 0.9266543388366699
    }
  },
  "pca": {}
}