{
  "autoencoder": {
    "inner dim 1": {
      "training-mse": 0.0002902051458942754,
      "relative_percent_error": 29.778171711717484,
      "max_distance_error": 0.2930409174298709,
      "mean_distance_error": 0.017961175016908262,
      "ae_training_time_s": 55.61779737472534,
      "outer_pca_training_time_s": 0.931952953338623
    }
  },
  "pca": {}
}