{
  "autoencoder": {
    "inner dim 16": {
      "training-mse": 2.490541568559517e-07,
      "relative_percent_error": 1.0135391311708277,
      "max_distance_error": 0.007695671343426312,
      "mean_distance_error": 0.0006141612043125878,
      "ae_training_time_s": 55.47084403038025,
      "outer_pca_training_time_s": 0.9651405811309814
    }
  },
  "pca": {}
}