{
  "autoencoder": {
    "inner dim 25": {
      "training-mse": 1.8400592650018356e-06,
      "relative_percent_error": 2.545149231979059,
      "max_distance_error": 0.02664996038757788,
      "mean_distance_error": 0.0015557984214633275,
      "ae_training_time_s": 53.96987867355347,
      "outer_pca_training_time_s": 0.9312548637390137
    }
  },
  "pca": {}
}