{
  "autoencoder": {
    "inner dim 10": {
      "training-mse": 4.9124468102164245e-06,
      "relative_percent_error": 4.115248129114772,
      "max_distance_error": 0.0553327587077463,
      "mean_distance_error": 0.002468049433856454,
      "ae_training_time_s": 54.42678236961365,
      "outer_pca_training_time_s": 0.9318921566009521
    }
  },
  "pca": {}
}