{
  "autoencoder": {
    "inner dim 9": {
      "training-mse": 7.223765219838778e-07,
      "relative_percent_error": 1.5830940905345978,
      "max_distance_error": 0.020684809266588323,
      "mean_distance_error": 0.0009564874535760668,
      "ae_training_time_s": 54.30782103538513,
      "outer_pca_training_time_s": 0.9428081512451172
    }
  },
  "pca": {}
}