{
  "autoencoder": {
    "inner dim 9": {
      "training-mse": 3.150040576950794e-06,
      "relative_percent_error": 3.381668661961637,
      "max_distance_error": 0.03474778502724146,
      "mean_distance_error": 0.002044870490387015,
      "ae_training_time_s": 53.93613266944885,
      "outer_pca_training_time_s": 0.9222290515899658
    }
  },
  "pca": {}
}