{
  "autoencoder": {
    "inner dim 7": {
      "training-mse": 1.1154210704501706e-07,
      "relative_percent_error": 0.7079663884500738,
      "max_distance_error": 0.011816277264274424,
      "mean_distance_error": 0.00042361689218802217,
      "ae_training_time_s": 54.631736755371094,
      "outer_pca_training_time_s": 0.9617056846618652
    }
  },
  "pca": {}
}