{
  "autoencoder": {
    "inner dim 7": {
      "training-mse": 1.4142902904599663e-07,
      "relative_percent_error": 0.8185523008182772,
      "max_distance_error": 0.011778043875559167,
      "mean_distance_error": 0.0004926538111256639,
      "ae_training_time_s": 53.763089179992676,
      "outer_pca_training_time_s": 0.9556910991668701
    }
  },
  "pca": {}
}