{
  "autoencoder": {
    "inner dim 2": {
      "training-mse": 5.008649186510223e-06,
      "relative_percent_error": 4.307581864438234,
      "max_distance_error": 0.04628448722709408,
      "mean_distance_error": 0.002611986096042266,
      "ae_training_time_s": 55.2053542137146,
      "outer_pca_training_time_s": 0.9946060180664062
    }
  },
  "pca": {}
}