{
  "autoencoder": {
    "inner dim 22": {
      "training-mse": 6.758070484131776e-08,
      "relative_percent_error": 0.5479448538050312,
      "max_distance_error": 0.0055408045140632346,
      "mean_distance_error": 0.00033139917210888424,
      "ae_training_time_s": 54.18009305000305,
      "outer_pca_training_time_s": 0.9597289562225342
    }
  },
  "pca": {}
}