{
  "total_user_interaction_time": 95.0499165058136,
  "total_replay_time": 535.9848375320435,
  "total_training_time": 1771.671886920929
}