{
  "autoencoder": {
    "training-mse": 0.0008986161296389679,
    "validation-mse": 0.0013278826887424407
  },
  "pca": {
    "5-components": {
      "training-mse": 0.005318159769099986,
      "validation-mse": 0.004331964046638259
    },
    "10-components": {
      "training-mse": 0.0004443749143073802,
      "validation-mse": 0.0003103391929927442
    },
    "20-components": {
      "training-mse": 2.7966674784878733e-05,
      "validation-mse": 2.620403223811214e-05
    }
  }
}