{
  "autoencoder": {
    "training-mse": 0.010075515593511504,
    "validation-mse": 0.004370946175794242
  },
  "pca": {
    "5-components": {
      "training-mse": 0.9050094865981376,
      "validation-mse": 0.7311445168530533
    },
    "10-components": {
      "training-mse": 0.15669726009697243,
      "validation-mse": 0.06805017211582043
    },
    "20-components": {
      "training-mse": 0.01960590242153635,
      "validation-mse": 0.014095721092211445
    },
    "30-components": {
      "training-mse": 0.0037005820302188977,
      "validation-mse": 0.0015040307454527917
    }
  }
}