{
  "total_user_interaction_time": 0.0005464553833007812,
  "total_replay_time": 0.001585245132446289,
  "total_training_time": 43016.03963303566
}