{
  "autoencoder": {
    "inner dim 6": {
      "training-mse": 8.027622682875235e-07,
      "relative_percent_error": 3.876426343302822,
      "max_distance_error": 0.022462803781090473,
      "mean_distance_error": 0.001095857661071944,
      "ae_training_time_s": 86.62294363975525,
      "outer_pca_training_time_s": 7.175821542739868
    }
  },
  "pca": {
    "39-components": {
      "training-mse": 3.0611038021303128e-09,
      "max-distance-error": 0.005788627613380629,
      "mean-distance-error": 6.451888249906159e-05
    },
    "14-components": {
      "training-mse": 3.069098524188725e-07,
      "max-distance-error": 0.019026473875316863,
      "mean-distance-error": 0.0006476940218269418
    },
    "6-components": {
      "training-mse": 3.1591360562828407e-06,
      "max-distance-error": 0.05188901694918998,
      "mean-distance-error": 0.0020232451523493037
    }
  }
}