{
  "total_user_interaction_time": 0.0004401206970214844,
  "total_replay_time": 0.0014188289642333984,
  "total_training_time": 541.0839741230011
}