{
  "autoencoder": {
    "training-mse": 2.405328858704859e-06,
    "ae_training_time_s": 129.46046924591064,
    "pca_training_time_s": 15.563854217529297
  },
  "pca": {
    "5-components": {
      "training-mse": 3.72071063909615e-05,
      "explained_var": 0.999801558709367
    },
    "10-components": {
      "training-mse": 5.981540517561664e-06,
      "explained_var": 0.9999680979056043
    },
    "20-components": {
      "training-mse": 8.554544790460336e-07,
      "explained_var": 0.9999954374981725
    },
    "30-components": {
      "training-mse": 1.627427353261186e-07,
      "explained_var": 0.9999991320239178
    },
    "40-components": {
      "training-mse": 3.9020812352399384e-08,
      "explained_var": 0.9999997918854457
    }
  }
}