{
  "autoencoder": {
    "training-mse": 0.0019574652071850988,
    "validation-mse": 0.049952791213881895
  },
  "pca": {
    "5-components": {
      "training-mse": 0.18714994905292695,
      "explained_var": 0.9741725350671896,
      "validation-mse": 0.07393337721709876
    },
    "10-components": {
      "training-mse": 0.017276758719838838,
      "explained_var": 0.9976157360328051,
      "validation-mse": 0.01973549219751146
    },
    "20-components": {
      "training-mse": 0.0014028736800984147,
      "explained_var": 0.9998063976455178,
      "validation-mse": 0.001519326953405314
    },
    "30-components": {
      "training-mse": 0.00036794301860410857,
      "explained_var": 0.9999492223457268,
      "validation-mse": 0.0006727127816499067
    }
  }
}