{
  "autoencoder": {
    "training-mse": 6.188281334248762e-07,
    "relative_percent_error": 1.6751375622666145,
    "ae_training_time_s": 210.1722228527069,
    "pca_training_time_s": 1.1782453060150146
  },
  "pca": {
    "5-components": {
      "training-mse": 7.857523246634094e-06,
      "explained_var": 0.9969934239051373,
      "relative_percent_error": 5.528841528701796
    },
    "10-components": {
      "training-mse": 5.109524318359753e-07,
      "explained_var": 0.9998044908912199,
      "relative_percent_error": 1.4102019243964001
    },
    "15-components": {
      "training-mse": 8.824590241523294e-08,
      "explained_var": 0.9999662338866406,
      "relative_percent_error": 0.6044186621523279
    }
  }
}