{
  "autoencoder": {
    "training-mse": 0.0006231863736401957,
    "validation-mse": 0.0030377615295400524
  },
  "pca": {
    "5-components": {
      "training-mse": 0.018600731170283068,
      "validation-mse": 0.017100812894566178
    },
    "10-components": {
      "training-mse": 0.003721603201543702,
      "validation-mse": 0.004211510537445789
    },
    "20-components": {
      "training-mse": 0.0001784268439172655,
      "validation-mse": 0.00019862719637430513
    }
  }
}