{
  "autoencoder": {
    "inner dim 4": {
      "training-mse": 3.715765303540968e-07,
      "relative_percent_error": 3.8024977248326586,
      "max_distance_error": 0.010146396790961156,
      "mean_distance_error": 0.0007344915449541055,
      "ae_training_time_s": 59.26762342453003,
      "outer_pca_training_time_s": 1.7730076313018799
    }
  },
  "pca": {
    "13-components": {
      "training-mse": 4.030755032062089e-08,
      "max-distance-error": 0.0045969910868269084,
      "mean-distance-error": 0.00022329114750614724
    },
    "10-components": {
      "training-mse": 1.1405638422137996e-07,
      "max-distance-error": 0.0073020439321749165,
      "mean-distance-error": 0.00042622359643991806
    },
    "4-components": {
      "training-mse": 3.6990326550218755e-06,
      "max-distance-error": 0.04431834521032888,
      "mean-distance-error": 0.0018740438017401217
    }
  }
}