{
  "total_user_interaction_time": 0.000675201416015625,
  "total_replay_time": 0.0046994686126708984,
  "total_training_time": 79.42484498023987
}