{
  "autoencoder": {
    "training-mse": 0.0007273539841371923,
    "validation-mse": 0.00031692644052004165
  },
  "pca": {
    "3-components": {
      "training-mse": 0.00730182167030401,
      "explained_var": 0.9942833924835521,
      "validation-mse": 0.0001958435944795214
    }
  }
}