{
  "autoencoder": {
    "inner dim 6": {
      "training-mse": 1.4026124646111588e-07,
      "relative_percent_error": 1.3778783127713758,
      "max_distance_error": 0.027049870091785343,
      "mean_distance_error": 0.00040990675418569434,
      "ae_training_time_s": 290.19897532463074,
      "outer_pca_training_time_s": 34.0400755405426
    }
  },
  "pca": {
    "19-components": {
      "training-mse": 8.267036368094496e-08,
      "max-distance-error": 0.01768360169211218,
      "mean-distance-error": 0.00027633056401040753
    },
    "13-components": {
      "training-mse": 3.1051558216471325e-07,
      "max-distance-error": 0.022790751522205825,
      "mean-distance-error": 0.000537313152056731
    },
    "6-components": {
      "training-mse": 3.483188525641281e-06,
      "max-distance-error": 0.058403217063185194,
      "mean-distance-error": 0.0020987686131428854
    }
  }
}