{
  "total_user_interaction_time": 0.000522613525390625,
  "total_replay_time": 0.001512289047241211,
  "total_training_time": 9651.648683309555
}