{
  "autoencoder": {
    "inner dim 11": {
      "training-mse": 2.5921505182209805e-07,
      "relative_percent_error": 1.0745205914853069,
      "max_distance_error": 0.011446648853029734,
      "mean_distance_error": 0.0006552475505601062,
      "ae_training_time_s": 22.93226981163025,
      "outer_pca_training_time_s": 0.9745273590087891
    }
  },
  "pca": {}
}