{
  "autoencoder": {
    "inner dim 19": {
      "training-mse": 1.409128809447344e-07,
      "relative_percent_error": 0.8011281515487348,
      "max_distance_error": 0.008365384926265861,
      "mean_distance_error": 0.00048043226546322045,
      "ae_training_time_s": 21.768359184265137,
      "outer_pca_training_time_s": 0.9472095966339111
    }
  },
  "pca": {}
}