{
  "autoencoder": {
    "inner dim 10": {
      "training-mse": 2.0424590582252536e-07,
      "relative_percent_error": 0.9447301530122324,
      "max_distance_error": 0.016013684503895273,
      "mean_distance_error": 0.0005729951756972999,
      "ae_training_time_s": 22.29588294029236,
      "outer_pca_training_time_s": 0.8909361362457275
    }
  },
  "pca": {}
}