{
  "autoencoder": {
    "inner dim 9": {
      "training-mse": 2.8670212029604194e-07,
      "relative_percent_error": 1.1397078840013655,
      "max_distance_error": 0.01354101515298614,
      "mean_distance_error": 0.0006905676598334222,
      "ae_training_time_s": 21.278490781784058,
      "outer_pca_training_time_s": 0.9038729667663574
    }
  },
  "pca": {}
}