{
  "autoencoder": {
    "inner dim 17": {
      "training-mse": 5.454148853150805e-07,
      "relative_percent_error": 1.4733790685034331,
      "max_distance_error": 0.015664661457386257,
      "mean_distance_error": 0.0008880898812598363,
      "ae_training_time_s": 22.80020546913147,
      "outer_pca_training_time_s": 0.9440329074859619
    }
  },
  "pca": {}
}