{
  "autoencoder": {
    "inner dim 13": {
      "training-mse": 2.2561480314244907e-06,
      "relative_percent_error": 2.9266282947171276,
      "max_distance_error": 0.026777354762191948,
      "mean_distance_error": 0.001778592129084231,
      "ae_training_time_s": 21.828148365020752,
      "outer_pca_training_time_s": 2.133382558822632
    }
  },
  "pca": {}
}