{
  "autoencoder": {
    "inner dim 6": {
      "training-mse": 5.644837244042709e-07,
      "relative_percent_error": 1.578883555814588,
      "max_distance_error": 0.01410543668076122,
      "mean_distance_error": 0.0009532003169247096,
      "ae_training_time_s": 21.96877932548523,
      "outer_pca_training_time_s": 0.8492441177368164
    }
  },
  "pca": {}
}