{
  "autoencoder": {
    "inner dim 27": {
      "training-mse": 1.0331883029659563e-07,
      "relative_percent_error": 0.6932398525212716,
      "max_distance_error": 0.00757621972406089,
      "mean_distance_error": 0.0004135939093642797,
      "ae_training_time_s": 20.33299446105957,
      "outer_pca_training_time_s": 0.9807085990905762
    }
  },
  "pca": {}
}