{
  "autoencoder": {
    "inner dim 24": {
      "training-mse": 1.2689173130799847e-06,
      "relative_percent_error": 2.233243576782925,
      "max_distance_error": 0.0158689978329926,
      "mean_distance_error": 0.001338077894887004,
      "ae_training_time_s": 22.22817373275757,
      "outer_pca_training_time_s": 0.9458892345428467
    }
  },
  "pca": {}
}