{
  "autoencoder": {
    "inner dim 1": {
      "training-mse": 0.00044712052062760094,
      "relative_percent_error": 36.94719848072895,
      "max_distance_error": 0.30070945178958175,
      "mean_distance_error": 0.02190220497710717,
      "ae_training_time_s": 23.342447996139526,
      "outer_pca_training_time_s": 0.8789951801300049
    }
  },
  "pca": {}
}