{
  "autoencoder": {
    "inner dim 4": {
      "training-mse": 5.078294689713811e-06,
      "relative_percent_error": 4.204041827716171,
      "max_distance_error": 0.05548738231110796,
      "mean_distance_error": 0.002519110198665212,
      "ae_training_time_s": 21.91103744506836,
      "outer_pca_training_time_s": 0.8755230903625488
    }
  },
  "pca": {}
}