{
  "autoencoder": {
    "inner dim 6": {
      "training-mse": 6.24696866134523e-07,
      "relative_percent_error": 1.5847222719538523,
      "max_distance_error": 0.02047059488419127,
      "mean_distance_error": 0.000947116314951726,
      "ae_training_time_s": 20.895933151245117,
      "outer_pca_training_time_s": 0.9065353870391846
    }
  },
  "pca": {}
}