{
  "autoencoder": {
    "inner dim 11": {
      "training-mse": 1.6445148287280466e-07,
      "relative_percent_error": 0.8254084424400694,
      "max_distance_error": 0.014259254364377782,
      "mean_distance_error": 0.0004930125288142114,
      "ae_training_time_s": 24.420053482055664,
      "outer_pca_training_time_s": 0.932253360748291
    }
  },
  "pca": {}
}