{
  "autoencoder": {
    "inner dim 13": {
      "training-mse": 1.4425518944738638e-07,
      "relative_percent_error": 0.7975993738154741,
      "max_distance_error": 0.012119359478398723,
      "mean_distance_error": 0.00047795617117930015,
      "ae_training_time_s": 22.109428644180298,
      "outer_pca_training_time_s": 0.8835477828979492
    }
  },
  "pca": {}
}