{
  "autoencoder": {
    "inner dim 8": {
      "training-mse": 3.208310858760294e-06,
      "relative_percent_error": 3.433472548609355,
      "max_distance_error": 0.034963853509116065,
      "mean_distance_error": 0.0020778963827841894,
      "ae_training_time_s": 21.439841270446777,
      "outer_pca_training_time_s": 0.8554813861846924
    }
  },
  "pca": {}
}