{
  "autoencoder": {
    "inner dim 12": {
      "training-mse": 2.2912258955528322e-07,
      "relative_percent_error": 1.0047349961479262,
      "max_distance_error": 0.011742679585699467,
      "mean_distance_error": 0.0006033089343941315,
      "ae_training_time_s": 22.222458839416504,
      "outer_pca_training_time_s": 0.9702439308166504
    }
  },
  "pca": {}
}