{
  "autoencoder": {
    "inner dim 27": {
      "training-mse": 1.192505201030494e-07,
      "relative_percent_error": 0.7632886648721458,
      "max_distance_error": 0.007448326071873432,
      "mean_distance_error": 0.00045338330384854124,
      "ae_training_time_s": 22.109045267105103,
      "outer_pca_training_time_s": 0.9197659492492676
    }
  },
  "pca": {}
}