{
  "autoencoder": {
    "inner dim 9": {
      "training-mse": 2.1884272643371299e-07,
      "relative_percent_error": 0.946164386127855,
      "max_distance_error": 0.01349097646000715,
      "mean_distance_error": 0.000574501191308574,
      "ae_training_time_s": 21.65104055404663,
      "outer_pca_training_time_s": 0.8956749439239502
    }
  },
  "pca": {}
}