{
  "autoencoder": {
    "inner dim 22": {
      "training-mse": 1.2470030726405336e-07,
      "relative_percent_error": 0.7434478212482575,
      "max_distance_error": 0.008289983959892042,
      "mean_distance_error": 0.0004492655698536053,
      "ae_training_time_s": 22.82803463935852,
      "outer_pca_training_time_s": 0.9629991054534912
    }
  },
  "pca": {}
}