{
  "autoencoder": {
    "inner dim 27": {
      "training-mse": 2.4055201313318997e-07,
      "relative_percent_error": 0.9899531768735779,
      "max_distance_error": 0.008667502454218327,
      "mean_distance_error": 0.000606927906463121,
      "ae_training_time_s": 22.134749174118042,
      "outer_pca_training_time_s": 0.823721170425415
    }
  },
  "pca": {}
}