{
  "autoencoder": {
    "inner dim 9": {
      "training-mse": 2.289124677424779e-07,
      "relative_percent_error": 0.9958662439571431,
      "max_distance_error": 0.011077551381626922,
      "mean_distance_error": 0.0005965163402441913,
      "ae_training_time_s": 24.708247423171997,
      "outer_pca_training_time_s": 0.9324319362640381
    }
  },
  "pca": {}
}