{
  "autoencoder": {
    "inner dim 21": {
      "training-mse": 1.0273573392252612e-07,
      "relative_percent_error": 0.6677268316078661,
      "max_distance_error": 0.0074261829625947,
      "mean_distance_error": 0.0003982194236137906,
      "ae_training_time_s": 21.634490251541138,
      "outer_pca_training_time_s": 0.8282697200775146
    }
  },
  "pca": {}
}