{
  "autoencoder": {
    "inner dim 26": {
      "training-mse": 4.297220161281945e-07,
      "relative_percent_error": 1.3760851986236082,
      "max_distance_error": 0.007785207591269042,
      "mean_distance_error": 0.0008141343591838577,
      "ae_training_time_s": 21.18089532852173,
      "outer_pca_training_time_s": 0.9282650947570801
    }
  },
  "pca": {}
}