{
  "autoencoder": {
    "inner dim 2": {
      "training-mse": 5.573266840026998e-06,
      "relative_percent_error": 4.520598915310308,
      "max_distance_error": 0.04709404370043779,
      "mean_distance_error": 0.002734925532670854,
      "ae_training_time_s": 24.306353330612183,
      "outer_pca_training_time_s": 0.8958292007446289
    }
  },
  "pca": {}
}