{
  "autoencoder": {
    "inner dim 28": {
      "training-mse": 1.3655597587841683e-07,
      "relative_percent_error": 0.7948488868980899,
      "max_distance_error": 0.005816018139897393,
      "mean_distance_error": 0.0004796359940990399,
      "ae_training_time_s": 21.97863459587097,
      "outer_pca_training_time_s": 0.8959150314331055
    }
  },
  "pca": {}
}