{
  "autoencoder": {
    "inner dim 13": {
      "training-mse": 2.1947284103393137e-07,
      "relative_percent_error": 0.989223116773206,
      "max_distance_error": 0.010114611128604034,
      "mean_distance_error": 0.0006011264061445308,
      "ae_training_time_s": 22.340030670166016,
      "outer_pca_training_time_s": 0.9585294723510742
    }
  },
  "pca": {}
}