{
  "autoencoder": {
    "inner dim 28": {
      "training-mse": 3.379737965604287e-06,
      "relative_percent_error": 3.599813231172857,
      "max_distance_error": 0.03637981189264047,
      "mean_distance_error": 0.002162330894597814,
      "ae_training_time_s": 21.405131816864014,
      "outer_pca_training_time_s": 0.8147861957550049
    }
  },
  "pca": {}
}