{
  "autoencoder": {
    "inner dim 3": {
      "training-mse": 2.4031620781879926e-06,
      "relative_percent_error": 2.922704053782886,
      "max_distance_error": 0.03148984027751002,
      "mean_distance_error": 0.0017478957528108887,
      "ae_training_time_s": 55.5140335559845,
      "outer_pca_training_time_s": 0.9547915458679199
    }
  },
  "pca": {}
}