{
  "autoencoder": {
    "inner dim 14": {
      "training-mse": 1.6516525562595047e-07,
      "relative_percent_error": 0.8324462607161391,
      "max_distance_error": 0.011397139948716788,
      "mean_distance_error": 0.0004981691939597646,
      "ae_training_time_s": 22.147255659103394,
      "outer_pca_training_time_s": 1.049717664718628
    }
  },
  "pca": {}
}