{
  "autoencoder": {
    "inner dim 28": {
      "training-mse": 0.00028011521127502156,
      "relative_percent_error": 23.603486396521507,
      "max_distance_error": 0.24463183827318818,
      "mean_distance_error": 0.014579051106009822,
      "ae_training_time_s": 20.410874366760254,
      "outer_pca_training_time_s": 0.808434009552002
    }
  },
  "pca": {}
}