{
  "autoencoder": {
    "inner dim 24": {
      "training-mse": 3.3670767887350225e-07,
      "relative_percent_error": 1.1980749104266162,
      "max_distance_error": 0.015557151275377575,
      "mean_distance_error": 0.0007226296653310425,
      "ae_training_time_s": 22.045408964157104,
      "outer_pca_training_time_s": 0.9280123710632324
    }
  },
  "pca": {}
}