{
  "autoencoder": {
    "inner dim 6": {
      "training-mse": 3.840047385990548e-07,
      "relative_percent_error": 1.2494626085201708,
      "max_distance_error": 0.013601497231553898,
      "mean_distance_error": 0.0007474036148744555,
      "ae_training_time_s": 21.739176750183105,
      "outer_pca_training_time_s": 0.8808870315551758
    }
  },
  "pca": {}
}