{
  "autoencoder": {
    "inner dim 22": {
      "training-mse": 1.9304230685294485e-06,
      "relative_percent_error": 2.6285307912623725,
      "max_distance_error": 0.026834195751919972,
      "mean_distance_error": 0.0016066868472464412,
      "ae_training_time_s": 20.32670831680298,
      "outer_pca_training_time_s": 0.8110232353210449
    }
  },
  "pca": {}
}