{
  "autoencoder": {
    "inner dim 24": {
      "training-mse": 2.535726735708085e-07,
      "relative_percent_error": 1.0993137186139303,
      "max_distance_error": 0.010718541653558313,
      "mean_distance_error": 0.0006671799359337075,
      "ae_training_time_s": 22.14893865585327,
      "outer_pca_training_time_s": 0.9463717937469482
    }
  },
  "pca": {}
}