{
  "autoencoder": {
    "inner dim 30": {
      "training-mse": 0.0009369349967478925,
      "relative_percent_error": 49.6745621080945,
      "max_distance_error": 0.3291924732320822,
      "mean_distance_error": 0.031639454235345844,
      "ae_training_time_s": 21.217596292495728,
      "outer_pca_training_time_s": 0.7833912372589111
    }
  },
  "pca": {}
}