{
  "autoencoder": {
    "inner dim 19": {
      "training-mse": 1.8769123021285628e-07,
      "relative_percent_error": 0.9411216733857569,
      "max_distance_error": 0.011434650692663865,
      "mean_distance_error": 0.0005646060023501495,
      "ae_training_time_s": 21.840179204940796,
      "outer_pca_training_time_s": 0.8856420516967773
    }
  },
  "pca": {}
}