{
  "autoencoder": {
    "inner dim 10": {
      "training-mse": 2.071432927743455e-07,
      "relative_percent_error": 0.9290433317122194,
      "max_distance_error": 0.013134207658390903,
      "mean_distance_error": 0.0005567385820261722,
      "ae_training_time_s": 22.806753635406494,
      "outer_pca_training_time_s": 0.9482312202453613
    }
  },
  "pca": {}
}