{
  "autoencoder": {
    "inner dim 7": {
      "training-mse": 8.69150088993144e-07,
      "relative_percent_error": 1.8271240004218552,
      "max_distance_error": 0.020217669516427287,
      "mean_distance_error": 0.0010907072914845383,
      "ae_training_time_s": 20.85044026374817,
      "outer_pca_training_time_s": 0.8958849906921387
    }
  },
  "pca": {}
}