{
  "autoencoder": {
    "inner dim 18": {
      "training-mse": 0.0002801171228824535,
      "relative_percent_error": 23.637314093886648,
      "max_distance_error": 0.2446773481831014,
      "mean_distance_error": 0.014581303473084957,
      "ae_training_time_s": 22.228082180023193,
      "outer_pca_training_time_s": 0.8439245223999023
    }
  },
  "pca": {}
}