{
  "autoencoder": {
    "inner dim 3": {
      "training-mse": 3.343420167453754e-06,
      "relative_percent_error": 3.358146867871673,
      "max_distance_error": 0.043531045584132844,
      "mean_distance_error": 0.002015316690139343,
      "ae_training_time_s": 22.2814462184906,
      "outer_pca_training_time_s": 0.9806647300720215
    }
  },
  "pca": {}
}