{
  "autoencoder": {
    "inner dim 16": {
      "training-mse": 1.3427354016140867e-07,
      "relative_percent_error": 0.7604429023692634,
      "max_distance_error": 0.010378049101655846,
      "mean_distance_error": 0.0004550425242074229,
      "ae_training_time_s": 20.84765911102295,
      "outer_pca_training_time_s": 0.9374046325683594
    }
  },
  "pca": {}
}