{
  "autoencoder": {
    "inner dim 12": {
      "training-mse": 1.1512890289237559e-05,
      "relative_percent_error": 6.226960120017475,
      "max_distance_error": 0.05761448281359043,
      "mean_distance_error": 0.0038178217547026458,
      "ae_training_time_s": 21.807713985443115,
      "outer_pca_training_time_s": 0.9665079116821289
    }
  },
  "pca": {}
}