{
  "autoencoder": {
    "inner dim 1": {
      "training-mse": 0.000549957119177751,
      "relative_percent_error": 41.244841236377546,
      "max_distance_error": 0.27728594193226075,
      "mean_distance_error": 0.02412402092893583,
      "ae_training_time_s": 23.322096586227417,
      "outer_pca_training_time_s": 0.9287323951721191
    }
  },
  "pca": {}
}