{
  "autoencoder": {
    "inner dim 22": {
      "training-mse": 1.0933221994496978e-07,
      "relative_percent_error": 0.7094806220119053,
      "max_distance_error": 0.00784632385701658,
      "mean_distance_error": 0.00042321018700188824,
      "ae_training_time_s": 23.923994779586792,
      "outer_pca_training_time_s": 0.9270741939544678
    }
  },
  "pca": {}
}