{
  "autoencoder": {
    "inner dim 17": {
      "training-mse": 1.155887421220299e-07,
      "relative_percent_error": 0.7254920097630895,
      "max_distance_error": 0.008348910316359873,
      "mean_distance_error": 0.00043271773929947613,
      "ae_training_time_s": 22.832257509231567,
      "outer_pca_training_time_s": 0.9551131725311279
    }
  },
  "pca": {}
}