{
  "autoencoder": {
    "inner dim 30": {
      "training-mse": 4.7543760536799285e-07,
      "relative_percent_error": 1.3423435160296215,
      "max_distance_error": 0.015765911658223584,
      "mean_distance_error": 0.0008087694597574298,
      "ae_training_time_s": 20.227707147598267,
      "outer_pca_training_time_s": 0.8160123825073242
    }
  },
  "pca": {}
}