{
  "autoencoder": {
    "inner dim 24": {
      "training-mse": 2.0389513253245308e-07,
      "relative_percent_error": 0.9472940475145861,
      "max_distance_error": 0.011526463925541752,
      "mean_distance_error": 0.0005634946649751509,
      "ae_training_time_s": 22.035265922546387,
      "outer_pca_training_time_s": 0.9919917583465576
    }
  },
  "pca": {}
}