{
  "autoencoder": {
    "inner dim 7": {
      "training-mse": 2.3584848871605167e-07,
      "relative_percent_error": 0.9796160783171224,
      "max_distance_error": 0.013071397891103861,
      "mean_distance_error": 0.0005873687657240929,
      "ae_training_time_s": 25.260082483291626,
      "outer_pca_training_time_s": 0.9657342433929443
    }
  },
  "pca": {}
}