{
  "autoencoder": {
    "inner dim 6": {
      "training-mse": 3.6184092106658576e-07,
      "relative_percent_error": 1.2037048024999575,
      "max_distance_error": 0.018817729693226874,
      "mean_distance_error": 0.0007231321615244388,
      "ae_training_time_s": 25.323251485824585,
      "outer_pca_training_time_s": 0.9600627422332764
    }
  },
  "pca": {}
}