{
  "autoencoder": {
    "inner dim 2": {
      "training-mse": 5.5365310166748e-06,
      "relative_percent_error": 4.545217162280035,
      "max_distance_error": 0.04611865275165149,
      "mean_distance_error": 0.0027403266866601827,
      "ae_training_time_s": 22.781805276870728,
      "outer_pca_training_time_s": 0.9310238361358643
    }
  },
  "pca": {}
}