{
  "autoencoder": {
    "inner dim 10": {
      "training-mse": 2.1371346594344882e-07,
      "relative_percent_error": 0.9344296825960015,
      "max_distance_error": 0.015344223587483594,
      "mean_distance_error": 0.0005596657787226713,
      "ae_training_time_s": 21.837257623672485,
      "outer_pca_training_time_s": 0.9126732349395752
    }
  },
  "pca": {}
}