{
  "autoencoder": {
    "inner dim 3": {
      "training-mse": 3.244304709669726e-06,
      "relative_percent_error": 3.224472380894568,
      "max_distance_error": 0.04456564470811134,
      "mean_distance_error": 0.0019318874867846282,
      "ae_training_time_s": 20.986323595046997,
      "outer_pca_training_time_s": 0.8155758380889893
    }
  },
  "pca": {}
}