{
  "autoencoder": {
    "inner dim 20": {
      "training-mse": 1.565732014176576e-07,
      "relative_percent_error": 0.8285666466477329,
      "max_distance_error": 0.013226241602527559,
      "mean_distance_error": 0.0004967516146369094,
      "ae_training_time_s": 21.384049892425537,
      "outer_pca_training_time_s": 0.95513916015625
    }
  },
  "pca": {}
}