{
  "autoencoder": {
    "inner dim 29": {
      "training-mse": 3.319045014768596e-07,
      "relative_percent_error": 1.213921246271449,
      "max_distance_error": 0.009204031149062257,
      "mean_distance_error": 0.000726579546408022,
      "ae_training_time_s": 20.855228185653687,
      "outer_pca_training_time_s": 0.8264150619506836
    }
  },
  "pca": {}
}