{
  "autoencoder": {
    "inner dim 19": {
      "training-mse": 0.00028015800401344894,
      "relative_percent_error": 23.612147941509352,
      "max_distance_error": 0.24470538101508094,
      "mean_distance_error": 0.014584319492787233,
      "ae_training_time_s": 22.161818027496338,
      "outer_pca_training_time_s": 0.9052276611328125
    }
  },
  "pca": {}
}