{
  "autoencoder": {
    "inner dim 2": {
      "training-mse": 5.516654475662052e-06,
      "relative_percent_error": 4.50078404628062,
      "max_distance_error": 0.04447927660738764,
      "mean_distance_error": 0.0027179888937866885,
      "ae_training_time_s": 24.06184720993042,
      "outer_pca_training_time_s": 0.8697285652160645
    }
  },
  "pca": {}
}