{
  "autoencoder": {
    "inner dim 7": {
      "training-mse": 2.836279891779891e-07,
      "relative_percent_error": 1.1050400300030627,
      "max_distance_error": 0.013813859678668808,
      "mean_distance_error": 0.0006629150116639367,
      "ae_training_time_s": 21.947917222976685,
      "outer_pca_training_time_s": 0.9765512943267822
    }
  },
  "pca": {}
}