{
  "autoencoder": {
    "inner dim 25": {
      "training-mse": 1.0902128142918452e-07,
      "relative_percent_error": 0.7154459704183705,
      "max_distance_error": 0.008071093076333012,
      "mean_distance_error": 0.00042641865252925504,
      "ae_training_time_s": 22.532689571380615,
      "outer_pca_training_time_s": 0.9808351993560791
    }
  },
  "pca": {}
}