{
  "autoencoder": {
    "inner dim 19": {
      "training-mse": 3.2050976971509464e-06,
      "relative_percent_error": 3.4396032787509685,
      "max_distance_error": 0.035695065731508664,
      "mean_distance_error": 0.0020778920291441515,
      "ae_training_time_s": 21.262994050979614,
      "outer_pca_training_time_s": 0.9452786445617676
    }
  },
  "pca": {}
}