{
  "autoencoder": {
    "inner dim 26": {
      "training-mse": 1.1387266557577585e-05,
      "relative_percent_error": 6.18100438406968,
      "max_distance_error": 0.05712398076298552,
      "mean_distance_error": 0.003787042219139727,
      "ae_training_time_s": 20.96425771713257,
      "outer_pca_training_time_s": 0.8961610794067383
    }
  },
  "pca": {}
}