{
  "autoencoder": {
    "inner dim 10": {
      "training-mse": 2.2754474047627315e-07,
      "relative_percent_error": 1.0016499923691613,
      "max_distance_error": 0.01271689478798878,
      "mean_distance_error": 0.0005990250816488048,
      "ae_training_time_s": 21.936996698379517,
      "outer_pca_training_time_s": 0.8857276439666748
    }
  },
  "pca": {}
}