{
  "autoencoder": {
    "inner dim 22": {
      "training-mse": 1.6492109120796248e-07,
      "relative_percent_error": 0.8137972459796445,
      "max_distance_error": 0.012040039514078418,
      "mean_distance_error": 0.0004888482550561521,
      "ae_training_time_s": 22.174992322921753,
      "outer_pca_training_time_s": 0.9483871459960938
    }
  },
  "pca": {}
}