{
  "autoencoder": {
    "inner dim 16": {
      "training-mse": 1.5945695862884732e-07,
      "relative_percent_error": 0.8300960324862677,
      "max_distance_error": 0.011603450409766167,
      "mean_distance_error": 0.0004991895633441545,
      "ae_training_time_s": 22.931466579437256,
      "outer_pca_training_time_s": 0.9705078601837158
    }
  },
  "pca": {}
}