{
  "autoencoder": {
    "inner dim 1": {
      "training-mse": 0.0009369651524331175,
      "relative_percent_error": 49.70096184345355,
      "max_distance_error": 0.3291959776909732,
      "mean_distance_error": 0.03164133885946455,
      "ae_training_time_s": 14.813788652420044,
      "outer_pca_training_time_s": 6.748042345046997
    }
  },
  "pca": {}
}