{
  "autoencoder": {
    "inner dim 7": {
      "training-mse": 1.1466298841468888e-05,
      "relative_percent_error": 6.211186772316945,
      "max_distance_error": 0.057448918231596376,
      "mean_distance_error": 0.0038060623460052863,
      "ae_training_time_s": 21.168999195098877,
      "outer_pca_training_time_s": 0.9126734733581543
    }
  },
  "pca": {}
}