{
  "autoencoder": {
    "inner dim 14": {
      "training-mse": 1.9543320194790924e-07,
      "relative_percent_error": 0.9320203195990687,
      "max_distance_error": 0.00884225693194219,
      "mean_distance_error": 0.0005622784300475842,
      "ae_training_time_s": 22.084871530532837,
      "outer_pca_training_time_s": 0.8875646591186523
    }
  },
  "pca": {}
}