{
  "autoencoder": {
    "inner dim 28": {
      "training-mse": 1.1302852562485126e-06,
      "relative_percent_error": 1.9954253488087308,
      "max_distance_error": 0.026353339634835743,
      "mean_distance_error": 0.0012192440020428292,
      "ae_training_time_s": 20.90328860282898,
      "outer_pca_training_time_s": 0.821453332901001
    }
  },
  "pca": {}
}