{
  "autoencoder": {
    "inner dim 28": {
      "training-mse": 1.2762129748179374e-07,
      "relative_percent_error": 0.7666968876738719,
      "max_distance_error": 0.009761018466596666,
      "mean_distance_error": 0.0004602384768903348,
      "ae_training_time_s": 22.467674493789673,
      "outer_pca_training_time_s": 0.9500293731689453
    }
  },
  "pca": {}
}