{
  "autoencoder": {
    "inner dim 2": {
      "training-mse": 5.784297657380965e-06,
      "relative_percent_error": 4.611606510140964,
      "max_distance_error": 0.045416311164618015,
      "mean_distance_error": 0.002788516033409987,
      "ae_training_time_s": 21.757301092147827,
      "outer_pca_training_time_s": 0.9059181213378906
    }
  },
  "pca": {}
}