{
  "autoencoder": {
    "inner dim 5": {
      "training-mse": 7.88002742205712e-07,
      "relative_percent_error": 1.7468136726262353,
      "max_distance_error": 0.02488582119679173,
      "mean_distance_error": 0.0010448198681255745,
      "ae_training_time_s": 20.36489462852478,
      "outer_pca_training_time_s": 0.870732307434082
    }
  },
  "pca": {}
}