{
  "autoencoder": {
    "inner dim 11": {
      "training-mse": 1.539086285964174e-07,
      "relative_percent_error": 0.8039973708601522,
      "max_distance_error": 0.01187254162298415,
      "mean_distance_error": 0.0004810990842830897,
      "ae_training_time_s": 22.032504558563232,
      "outer_pca_training_time_s": 0.9613404273986816
    }
  },
  "pca": {}
}