{
  "autoencoder": {
    "inner dim 10": {
      "training-mse": 1.0386907762179654e-06,
      "relative_percent_error": 1.9155370688524944,
      "max_distance_error": 0.01499391840106591,
      "mean_distance_error": 0.0011856352504334415,
      "ae_training_time_s": 21.977131605148315,
      "outer_pca_training_time_s": 0.9054005146026611
    }
  },
  "pca": {}
}