{
  "autoencoder": {
    "inner dim 15": {
      "training-mse": 2.8795607786484224e-07,
      "relative_percent_error": 1.1297989724133979,
      "max_distance_error": 0.010525556633066532,
      "mean_distance_error": 0.0006816851429316117,
      "ae_training_time_s": 22.39922046661377,
      "outer_pca_training_time_s": 0.9588265419006348
    }
  },
  "pca": {}
}