{
  "autoencoder": {
    "inner dim 19": {
      "training-mse": 2.0404547721574904e-07,
      "relative_percent_error": 0.8998474834281406,
      "max_distance_error": 0.01454398432942511,
      "mean_distance_error": 0.0005418824555115272,
      "ae_training_time_s": 21.6068274974823,
      "outer_pca_training_time_s": 0.8995537757873535
    }
  },
  "pca": {}
}