{
  "autoencoder": {
    "inner dim 29": {
      "training-mse": 2.605753901589124e-07,
      "relative_percent_error": 0.9935848686996196,
      "max_distance_error": 0.017892666165172124,
      "mean_distance_error": 0.0005994296105178864,
      "ae_training_time_s": 20.54384446144104,
      "outer_pca_training_time_s": 0.9709794521331787
    }
  },
  "pca": {}
}