{
  "autoencoder": {
    "inner dim 27": {
      "training-mse": 1.1434531008154284e-07,
      "relative_percent_error": 0.7090249423238094,
      "max_distance_error": 0.010936319982951968,
      "mean_distance_error": 0.00042470336861903765,
      "ae_training_time_s": 21.603593349456787,
      "outer_pca_training_time_s": 0.9298174381256104
    }
  },
  "pca": {}
}