{
  "autoencoder": {
    "inner dim 6": {
      "training-mse": 3.1436743194402036e-07,
      "relative_percent_error": 1.1373585625558462,
      "max_distance_error": 0.01661102225619214,
      "mean_distance_error": 0.0006811926014566759,
      "ae_training_time_s": 21.201083183288574,
      "outer_pca_training_time_s": 0.9114990234375
    }
  },
  "pca": {}
}