{
  "autoencoder": {
    "inner dim 18": {
      "training-mse": 1.23548026494262e-07,
      "relative_percent_error": 0.7525827399469689,
      "max_distance_error": 0.009773563656929772,
      "mean_distance_error": 0.0004507784903770247,
      "ae_training_time_s": 22.637036085128784,
      "outer_pca_training_time_s": 0.8843591213226318
    }
  },
  "pca": {}
}