{
  "autoencoder": {
    "inner dim 6": {
      "training-mse": 6.577017990347948e-07,
      "relative_percent_error": 1.6585539217365364,
      "max_distance_error": 0.019854623966069306,
      "mean_distance_error": 0.0009908110052264981,
      "ae_training_time_s": 22.631433248519897,
      "outer_pca_training_time_s": 1.050201416015625
    }
  },
  "pca": {}
}