{
  "autoencoder": {
    "inner dim 16": {
      "training-mse": 4.1457152164316577e-07,
      "relative_percent_error": 1.3507990364358866,
      "max_distance_error": 0.011685447676212749,
      "mean_distance_error": 0.000802774956555681,
      "ae_training_time_s": 19.079692840576172,
      "outer_pca_training_time_s": 0.8452215194702148
    }
  },
  "pca": {}
}