{
  "autoencoder": {
    "inner dim 26": {
      "training-mse": 1.8751431972642204e-06,
      "relative_percent_error": 2.579993522296291,
      "max_distance_error": 0.026435127399176906,
      "mean_distance_error": 0.0015818181862533873,
      "ae_training_time_s": 21.202661991119385,
      "outer_pca_training_time_s": 0.8356761932373047
    }
  },
  "pca": {}
}