{
  "autoencoder": {
    "inner dim 19": {
      "training-mse": 0.00028011794763659444,
      "relative_percent_error": 23.627996444909105,
      "max_distance_error": 0.24465229307293737,
      "mean_distance_error": 0.01458000746909671,
      "ae_training_time_s": 22.26792812347412,
      "outer_pca_training_time_s": 0.8083903789520264
    }
  },
  "pca": {}
}