{
  "autoencoder": {
    "inner dim 22": {
      "training-mse": 5.316464786104313e-07,
      "relative_percent_error": 1.5082629239835483,
      "max_distance_error": 0.008964454535694751,
      "mean_distance_error": 0.0009152222819605653,
      "ae_training_time_s": 22.07918906211853,
      "outer_pca_training_time_s": 0.9864380359649658
    }
  },
  "pca": {}
}