{
  "autoencoder": {
    "inner dim 27": {
      "training-mse": 3.699133669255607e-07,
      "relative_percent_error": 1.324687435994739,
      "max_distance_error": 0.012169857089356861,
      "mean_distance_error": 0.0007751767516991648,
      "ae_training_time_s": 21.395960092544556,
      "outer_pca_training_time_s": 0.9434361457824707
    }
  },
  "pca": {}
}