{
  "autoencoder": {
    "inner dim 3": {
      "training-mse": 3.579879249645772e-06,
      "relative_percent_error": 3.4402505933518697,
      "max_distance_error": 0.04616040050597,
      "mean_distance_error": 0.0020629378827628185,
      "ae_training_time_s": 23.35316038131714,
      "outer_pca_training_time_s": 0.9675769805908203
    }
  },
  "pca": {}
}