{
  "autoencoder": {
    "inner dim 7": {
      "training-mse": 1.2312637599096809e-06,
      "relative_percent_error": 2.115235308364396,
      "max_distance_error": 0.026925480214806893,
      "mean_distance_error": 0.001284675133881814,
      "ae_training_time_s": 22.226860523223877,
      "outer_pca_training_time_s": 0.9244041442871094
    }
  },
  "pca": {}
}