{
  "autoencoder": {
    "inner dim 25": {
      "training-mse": 1.0849747279768715e-07,
      "relative_percent_error": 0.7013731493622486,
      "max_distance_error": 0.007798213620015227,
      "mean_distance_error": 0.0004195814319071411,
      "ae_training_time_s": 23.46465563774109,
      "outer_pca_training_time_s": 0.9712369441986084
    }
  },
  "pca": {}
}