{
  "autoencoder": {
    "inner dim 18": {
      "training-mse": 2.6179498323393053e-07,
      "relative_percent_error": 1.069186040958934,
      "max_distance_error": 0.012594012878311689,
      "mean_distance_error": 0.0006378511077365061,
      "ae_training_time_s": 21.41462230682373,
      "outer_pca_training_time_s": 0.9913380146026611
    }
  },
  "pca": {}
}