{
  "autoencoder": {
    "inner dim 19": {
      "training-mse": 7.740657887904046e-06,
      "relative_percent_error": 5.168403282016436,
      "max_distance_error": 0.05458097554402748,
      "mean_distance_error": 0.0031432298539421917,
      "ae_training_time_s": 53.32161092758179,
      "outer_pca_training_time_s": 0.9117543697357178
    }
  },
  "pca": {}
}