{
  "autoencoder": {
    "inner dim 13": {
      "training-mse": 1.7541502119186512e-07,
      "relative_percent_error": 0.8692944173896969,
      "max_distance_error": 0.013279683939451746,
      "mean_distance_error": 0.0005220241034549398,
      "ae_training_time_s": 20.000383853912354,
      "outer_pca_training_time_s": 0.8831179141998291
    }
  },
  "pca": {}
}