{
  "autoencoder": {
    "inner dim 12": {
      "training-mse": 1.556194220928252e-07,
      "relative_percent_error": 0.8141200509542511,
      "max_distance_error": 0.010554874145496525,
      "mean_distance_error": 0.0004878637751716059,
      "ae_training_time_s": 21.8448805809021,
      "outer_pca_training_time_s": 0.8657467365264893
    }
  },
  "pca": {}
}