{
  "autoencoder": {
    "inner dim 22": {
      "training-mse": 1.7740080355000387e-07,
      "relative_percent_error": 0.9146546426620877,
      "max_distance_error": 0.009174272383802558,
      "mean_distance_error": 0.0005414346498931268,
      "ae_training_time_s": 23.73478412628174,
      "outer_pca_training_time_s": 0.8637490272521973
    }
  },
  "pca": {}
}