{
  "autoencoder": {
    "inner dim 12": {
      "training-mse": 1.3932259770314116e-07,
      "relative_percent_error": 0.7677659094171769,
      "max_distance_error": 0.010424506683086901,
      "mean_distance_error": 0.00045960986838482594,
      "ae_training_time_s": 21.220200777053833,
      "outer_pca_training_time_s": 0.8689742088317871
    }
  },
  "pca": {}
}