{
  "autoencoder": {
    "inner dim 16": {
      "training-mse": 3.1805820280398344e-06,
      "relative_percent_error": 3.4052751876758487,
      "max_distance_error": 0.03501514001569551,
      "mean_distance_error": 0.002060847596843421,
      "ae_training_time_s": 21.767938137054443,
      "outer_pca_training_time_s": 0.9219729900360107
    }
  },
  "pca": {}
}