{
  "autoencoder": {
    "inner dim 12": {
      "training-mse": 2.2848274118996681e-07,
      "relative_percent_error": 1.0536652625861158,
      "max_distance_error": 0.017958009822013433,
      "mean_distance_error": 0.0006248401942047641,
      "ae_training_time_s": 20.866503477096558,
      "outer_pca_training_time_s": 0.8575587272644043
    }
  },
  "pca": {}
}