{
  "autoencoder": {
    "inner dim 30": {
      "training-mse": 0.0002801944895202822,
      "relative_percent_error": 23.6248635524062,
      "max_distance_error": 0.24470603850940345,
      "mean_distance_error": 0.014589558382681353,
      "ae_training_time_s": 21.430214166641235,
      "outer_pca_training_time_s": 0.8444516658782959
    }
  },
  "pca": {}
}