{
  "autoencoder": {
    "inner dim 8": {
      "training-mse": 2.3703740698383364e-07,
      "relative_percent_error": 1.0077793738203094,
      "max_distance_error": 0.017310212262716326,
      "mean_distance_error": 0.0006054673325606347,
      "ae_training_time_s": 22.166082620620728,
      "outer_pca_training_time_s": 0.9755063056945801
    }
  },
  "pca": {}
}