{
  "autoencoder": {
    "inner dim 9": {
      "training-mse": 1.9722119707521932e-07,
      "relative_percent_error": 0.8977484150820428,
      "max_distance_error": 0.01407183458468055,
      "mean_distance_error": 0.0005384458973887449,
      "ae_training_time_s": 21.96047306060791,
      "outer_pca_training_time_s": 0.8428633213043213
    }
  },
  "pca": {}
}