{
  "autoencoder": {
    "inner dim 30": {
      "training-mse": 1.8216564319611202e-07,
      "relative_percent_error": 0.9284686826285125,
      "max_distance_error": 0.00891142268118964,
      "mean_distance_error": 0.0005504627505861087,
      "ae_training_time_s": 22.205504655838013,
      "outer_pca_training_time_s": 0.9372315406799316
    }
  },
  "pca": {}
}