{
  "autoencoder": {
    "inner dim 21": {
      "training-mse": 1.2094293579002755e-07,
      "relative_percent_error": 0.7401405718601808,
      "max_distance_error": 0.00814328448844175,
      "mean_distance_error": 0.0004443960698466692,
      "ae_training_time_s": 21.78563904762268,
      "outer_pca_training_time_s": 0.9517598152160645
    }
  },
  "pca": {}
}