{
  "autoencoder": {
    "inner dim 19": {
      "training-mse": 3.9034110357297164e-07,
      "relative_percent_error": 1.2552547787197361,
      "max_distance_error": 0.01287647257259357,
      "mean_distance_error": 0.0007866522425986878,
      "ae_training_time_s": 20.65219807624817,
      "outer_pca_training_time_s": 0.8570976257324219
    }
  },
  "pca": {}
}