{
  "autoencoder": {
    "inner dim 1": {
      "training-mse": 0.000343380184515037,
      "relative_percent_error": 33.06556449431457,
      "max_distance_error": 0.2378594818625266,
      "mean_distance_error": 0.019782197246836365,
      "ae_training_time_s": 23.009825944900513,
      "outer_pca_training_time_s": 0.9378001689910889
    }
  },
  "pca": {}
}