{
  "autoencoder": {
    "inner dim 7": {
      "training-mse": 2.635783108821931e-07,
      "relative_percent_error": 1.0501934019771069,
      "max_distance_error": 0.014581535993014514,
      "mean_distance_error": 0.0006298568562221673,
      "ae_training_time_s": 22.67975687980652,
      "outer_pca_training_time_s": 0.9219605922698975
    }
  },
  "pca": {}
}