{
  "autoencoder": {
    "inner dim 6": {
      "training-mse": 1.8839903894429445e-06,
      "relative_percent_error": 2.6357166149328433,
      "max_distance_error": 0.022434976076309957,
      "mean_distance_error": 0.0016699672979691106,
      "ae_training_time_s": 21.510956287384033,
      "outer_pca_training_time_s": 0.8294742107391357
    }
  },
  "pca": {}
}