{
  "autoencoder": {
    "inner dim 26": {
      "training-mse": 1.1388633630266228e-07,
      "relative_percent_error": 0.7229350604887638,
      "max_distance_error": 0.011955004439316913,
      "mean_distance_error": 0.0004371535927279613,
      "ae_training_time_s": 22.06320333480835,
      "outer_pca_training_time_s": 0.8906302452087402
    }
  },
  "pca": {}
}