{
  "autoencoder": {
    "inner dim 14": {
      "training-mse": 2.1605730090327373e-07,
      "relative_percent_error": 0.9692421537009673,
      "max_distance_error": 0.011557879457398933,
      "mean_distance_error": 0.0005901811826653968,
      "ae_training_time_s": 21.956207752227783,
      "outer_pca_training_time_s": 1.002812147140503
    }
  },
  "pca": {}
}