{
  "autoencoder": {
    "inner dim 11": {
      "training-mse": 5.181101806185842e-07,
      "relative_percent_error": 1.4261803297870261,
      "max_distance_error": 0.016984299066733106,
      "mean_distance_error": 0.0008561196276549844,
      "ae_training_time_s": 22.497657299041748,
      "outer_pca_training_time_s": 0.9621615409851074
    }
  },
  "pca": {}
}