{
  "autoencoder": {
    "inner dim 28": {
      "training-mse": 4.2821969740098446e-07,
      "relative_percent_error": 1.3914266146215195,
      "max_distance_error": 0.014987572851399478,
      "mean_distance_error": 0.0008261143863094679,
      "ae_training_time_s": 20.942850828170776,
      "outer_pca_training_time_s": 0.8167052268981934
    }
  },
  "pca": {}
}