{
  "autoencoder": {
    "inner dim 3": {
      "training-mse": 3.824088949409844e-06,
      "relative_percent_error": 3.706724507721205,
      "max_distance_error": 0.04426890558196218,
      "mean_distance_error": 0.00223952510870325,
      "ae_training_time_s": 22.275355577468872,
      "outer_pca_training_time_s": 0.9502847194671631
    }
  },
  "pca": {}
}