{
  "autoencoder": {
    "inner dim 20": {
      "training-mse": 1.895025032220339e-07,
      "relative_percent_error": 0.934349329263255,
      "max_distance_error": 0.00799100314252687,
      "mean_distance_error": 0.0005716225808792012,
      "ae_training_time_s": 22.000823736190796,
      "outer_pca_training_time_s": 0.9539337158203125
    }
  },
  "pca": {}
}