{
  "autoencoder": {
    "inner dim 10": {
      "training-mse": 1.8747189257890721e-07,
      "relative_percent_error": 0.9014278717303973,
      "max_distance_error": 0.014547066874790316,
      "mean_distance_error": 0.0005384733349364436,
      "ae_training_time_s": 22.224128484725952,
      "outer_pca_training_time_s": 0.9634428024291992
    }
  },
  "pca": {}
}