{
  "autoencoder": {
    "inner dim 1": {
      "training-mse": 0.0003293061558189944,
      "relative_percent_error": 31.657040794399634,
      "max_distance_error": 0.29049069518439663,
      "mean_distance_error": 0.019255818024027788,
      "ae_training_time_s": 20.920153856277466,
      "outer_pca_training_time_s": 0.8886635303497314
    }
  },
  "pca": {}
}