{
  "autoencoder": {
    "inner dim 16": {
      "training-mse": 1.6979600392845844e-07,
      "relative_percent_error": 0.8836579616540904,
      "max_distance_error": 0.010329565102271482,
      "mean_distance_error": 0.0005291387279745725,
      "ae_training_time_s": 20.96197772026062,
      "outer_pca_training_time_s": 0.9565510749816895
    }
  },
  "pca": {}
}