{
  "autoencoder": {
    "inner dim 15": {
      "training-mse": 4.527835361401751e-08,
      "relative_percent_error": 0.44748785451423617,
      "max_distance_error": 0.0066733380109966715,
      "mean_distance_error": 0.00026792651019467783,
      "ae_training_time_s": 54.989450216293335,
      "outer_pca_training_time_s": 0.9289324283599854
    }
  },
  "pca": {}
}