{
  "autoencoder": {
    "inner dim 13": {
      "training-mse": 3.205981730132391e-06,
      "relative_percent_error": 3.446463900523048,
      "max_distance_error": 0.03518751740258941,
      "mean_distance_error": 0.002080882240830544,
      "ae_training_time_s": 21.510906219482422,
      "outer_pca_training_time_s": 0.9311327934265137
    }
  },
  "pca": {}
}