{
  "autoencoder": {
    "inner dim 7": {
      "training-mse": 2.6401006000866133e-07,
      "relative_percent_error": 1.0652080738106349,
      "max_distance_error": 0.01484635097985181,
      "mean_distance_error": 0.000640697773804705,
      "ae_training_time_s": 22.226151704788208,
      "outer_pca_training_time_s": 0.8424861431121826
    }
  },
  "pca": {}
}