{
  "autoencoder": {
    "inner dim 7": {
      "training-mse": 2.551250148939897e-07,
      "relative_percent_error": 1.039391665437771,
      "max_distance_error": 0.013899361250430004,
      "mean_distance_error": 0.0006268400686921361,
      "ae_training_time_s": 22.013540267944336,
      "outer_pca_training_time_s": 0.948951005935669
    }
  },
  "pca": {}
}