{
  "autoencoder": {
    "inner dim 16": {
      "training-mse": 2.258173906076303e-07,
      "relative_percent_error": 0.9213272159242697,
      "max_distance_error": 0.006756661553397041,
      "mean_distance_error": 0.0005566831802593383,
      "ae_training_time_s": 54.76724123954773,
      "outer_pca_training_time_s": 1.0124197006225586
    }
  },
  "pca": {}
}