{
  "autoencoder": {
    "inner dim 7": {
      "training-mse": 3.9926156043539154e-07,
      "relative_percent_error": 1.3273625714733586,
      "max_distance_error": 0.014109592399616589,
      "mean_distance_error": 0.0007954146351526268,
      "ae_training_time_s": 25.855107307434082,
      "outer_pca_training_time_s": 0.9664862155914307
    }
  },
  "pca": {}
}