{
  "autoencoder": {
    "inner dim 4": {
      "training-mse": 0.00028011564853958884,
      "relative_percent_error": 23.62956527464486,
      "max_distance_error": 0.24463092378142887,
      "mean_distance_error": 0.014578125835450493,
      "ae_training_time_s": 55.352686643600464,
      "outer_pca_training_time_s": 0.9366199970245361
    }
  },
  "pca": {}
}