{
  "autoencoder": {
    "inner dim 16": {
      "training-mse": 1.8557541679954483e-07,
      "relative_percent_error": 0.8971963601119877,
      "max_distance_error": 0.012174986456544091,
      "mean_distance_error": 0.0005407242402822501,
      "ae_training_time_s": 22.224993228912354,
      "outer_pca_training_time_s": 0.8282623291015625
    }
  },
  "pca": {}
}