{
  "autoencoder": {
    "inner dim 25": {
      "training-mse": 0.000936932564675857,
      "relative_percent_error": 49.6834559672168,
      "max_distance_error": 0.32920140885864835,
      "mean_distance_error": 0.031639726763239305,
      "ae_training_time_s": 21.817667245864868,
      "outer_pca_training_time_s": 0.9300885200500488
    }
  },
  "pca": {}
}