{
  "autoencoder": {
    "inner dim 19": {
      "training-mse": 1.7797955266348067e-07,
      "relative_percent_error": 0.912944966998918,
      "max_distance_error": 0.008501303856927751,
      "mean_distance_error": 0.0005396240819511704,
      "ae_training_time_s": 22.21603751182556,
      "outer_pca_training_time_s": 0.9840254783630371
    }
  },
  "pca": {}
}