{
  "autoencoder": {
    "inner dim 19": {
      "training-mse": 2.7408424438477644e-07,
      "relative_percent_error": 1.0844307216086446,
      "max_distance_error": 0.007662680374883424,
      "mean_distance_error": 0.0006512712918045468,
      "ae_training_time_s": 21.079346656799316,
      "outer_pca_training_time_s": 0.9389994144439697
    }
  },
  "pca": {}
}