{
  "autoencoder": {
    "inner dim 3": {
      "training-mse": 3.32549669129671e-06,
      "relative_percent_error": 3.367642504286929,
      "max_distance_error": 0.043228577325274374,
      "mean_distance_error": 0.0020234229875107316,
      "ae_training_time_s": 22.921401262283325,
      "outer_pca_training_time_s": 0.9291884899139404
    }
  },
  "pca": {}
}