{
  "autoencoder": {
    "inner dim 19": {
      "training-mse": 2.7959513819139375e-07,
      "relative_percent_error": 1.0993853682392651,
      "max_distance_error": 0.008101513495105477,
      "mean_distance_error": 0.000662681412723435,
      "ae_training_time_s": 22.398416996002197,
      "outer_pca_training_time_s": 0.95693039894104
    }
  },
  "pca": {}
}