{
  "autoencoder": {
    "inner dim 16": {
      "training-mse": 1.4597000535971496e-07,
      "relative_percent_error": 0.805326032778048,
      "max_distance_error": 0.009727935959610955,
      "mean_distance_error": 0.00048581001775658124,
      "ae_training_time_s": 21.81411385536194,
      "outer_pca_training_time_s": 0.8845667839050293
    }
  },
  "pca": {}
}