{
  "autoencoder": {
    "inner dim 29": {
      "training-mse": 1.3995176814141592e-07,
      "relative_percent_error": 0.8048919924142381,
      "max_distance_error": 0.008351372345622256,
      "mean_distance_error": 0.00047792595128119073,
      "ae_training_time_s": 21.73827838897705,
      "outer_pca_training_time_s": 0.9422221183776855
    }
  },
  "pca": {}
}