{
  "autoencoder": {
    "inner dim 25": {
      "training-mse": 1.262440273641016e-07,
      "relative_percent_error": 0.7592341416102671,
      "max_distance_error": 0.007753105009860331,
      "mean_distance_error": 0.00045838573080010447,
      "ae_training_time_s": 22.19640827178955,
      "outer_pca_training_time_s": 0.9357085227966309
    }
  },
  "pca": {}
}