{
  "autoencoder": {
    "inner dim 27": {
      "training-mse": 1.653393565140149e-07,
      "relative_percent_error": 0.8740950849415607,
      "max_distance_error": 0.009025116526582725,
      "mean_distance_error": 0.0005335834034712264,
      "ae_training_time_s": 20.220603466033936,
      "outer_pca_training_time_s": 0.8533346652984619
    }
  },
  "pca": {}
}