{
  "autoencoder": {
    "inner dim 16": {
      "training-mse": 1.5331537168784493e-07,
      "relative_percent_error": 0.821007442715885,
      "max_distance_error": 0.009952126930154901,
      "mean_distance_error": 0.0004939510401833838,
      "ae_training_time_s": 21.720296382904053,
      "outer_pca_training_time_s": 0.9322106838226318
    }
  },
  "pca": {}
}