{
  "autoencoder": {
    "inner dim 9": {
      "training-mse": 2.5856302238395385e-07,
      "relative_percent_error": 1.0556423326172595,
      "max_distance_error": 0.011940758223772198,
      "mean_distance_error": 0.0006311778446626268,
      "ae_training_time_s": 24.84369659423828,
      "outer_pca_training_time_s": 0.8991363048553467
    }
  },
  "pca": {}
}