{
  "autoencoder": {
    "inner dim 15": {
      "training-mse": 0.0009369317200670872,
      "relative_percent_error": 49.67737784813556,
      "max_distance_error": 0.3291959936274439,
      "mean_distance_error": 0.03163941837702354,
      "ae_training_time_s": 21.35150146484375,
      "outer_pca_training_time_s": 0.9101629257202148
    }
  },
  "pca": {}
}