{
  "autoencoder": {
    "inner dim 16": {
      "training-mse": 2.4329535475761946e-07,
      "relative_percent_error": 0.9945461910119744,
      "max_distance_error": 0.008508977559817636,
      "mean_distance_error": 0.0005886678319604293,
      "ae_training_time_s": 55.29694104194641,
      "outer_pca_training_time_s": 0.991405725479126
    }
  },
  "pca": {}
}