{
  "autoencoder": {
    "inner dim 6": {
      "training-mse": 3.2838181779963214e-07,
      "relative_percent_error": 1.1779778099441018,
      "max_distance_error": 0.015790086851274147,
      "mean_distance_error": 0.0007034940066343887,
      "ae_training_time_s": 21.143153190612793,
      "outer_pca_training_time_s": 0.9890251159667969
    }
  },
  "pca": {}
}