{
  "autoencoder": {
    "inner dim 21": {
      "training-mse": 1.899993322106965e-06,
      "relative_percent_error": 2.6272316333804353,
      "max_distance_error": 0.02653837016339253,
      "mean_distance_error": 0.0016025377914372907,
      "ae_training_time_s": 20.088088750839233,
      "outer_pca_training_time_s": 0.8289320468902588
    }
  },
  "pca": {}
}