{
  "autoencoder": {
    "inner dim 27": {
      "training-mse": 1.024333401762715e-07,
      "relative_percent_error": 0.6852825180289692,
      "max_distance_error": 0.008907711131757529,
      "mean_distance_error": 0.0004101031782341661,
      "ae_training_time_s": 22.15864849090576,
      "outer_pca_training_time_s": 0.9340262413024902
    }
  },
  "pca": {}
}