{
  "autoencoder": {
    "inner dim 22": {
      "training-mse": 2.115803386458759e-07,
      "relative_percent_error": 0.963849971624378,
      "max_distance_error": 0.011161466325762218,
      "mean_distance_error": 0.0005743395966559574,
      "ae_training_time_s": 21.400014400482178,
      "outer_pca_training_time_s": 0.8456284999847412
    }
  },
  "pca": {}
}