{
  "autoencoder": {
    "inner dim 3": {
      "training-mse": 3.5612152530552524e-06,
      "relative_percent_error": 3.4341425544883655,
      "max_distance_error": 0.04578250283337745,
      "mean_distance_error": 0.0020611105387437997,
      "ae_training_time_s": 23.11198401451111,
      "outer_pca_training_time_s": 0.967663049697876
    }
  },
  "pca": {}
}