{
  "autoencoder": {
    "inner dim 11": {
      "training-mse": 2.0875980327973546e-07,
      "relative_percent_error": 0.9456789657358577,
      "max_distance_error": 0.013212495766779568,
      "mean_distance_error": 0.0005666809999243182,
      "ae_training_time_s": 23.167537689208984,
      "outer_pca_training_time_s": 0.8881852626800537
    }
  },
  "pca": {}
}