{
  "autoencoder": {
    "inner dim 28": {
      "training-mse": 7.350117526241215e-07,
      "relative_percent_error": 1.6114091226376597,
      "max_distance_error": 0.01993174668876721,
      "mean_distance_error": 0.0009749904958360154,
      "ae_training_time_s": 21.617815494537354,
      "outer_pca_training_time_s": 0.9609496593475342
    }
  },
  "pca": {}
}