{
  "autoencoder": {
    "inner dim 15": {
      "training-mse": 1.2173655437489998e-07,
      "relative_percent_error": 0.7260553383685784,
      "max_distance_error": 0.011210216163221522,
      "mean_distance_error": 0.000435019429261919,
      "ae_training_time_s": 22.414859533309937,
      "outer_pca_training_time_s": 1.5819759368896484
    }
  },
  "pca": {}
}