{
  "autoencoder": {
    "inner dim 29": {
      "training-mse": 7.668931749564665e-07,
      "relative_percent_error": 1.675894498388613,
      "max_distance_error": 0.019498250199141677,
      "mean_distance_error": 0.0010074396751259811,
      "ae_training_time_s": 21.744227409362793,
      "outer_pca_training_time_s": 1.0615513324737549
    }
  },
  "pca": {}
}