{
  "autoencoder": {
    "inner dim 1": {
      "training-mse": 0.0003520229724067705,
      "relative_percent_error": 33.768066866703904,
      "max_distance_error": 0.2803187592315683,
      "mean_distance_error": 0.020155567023469784,
      "ae_training_time_s": 22.812385320663452,
      "outer_pca_training_time_s": 0.8992781639099121
    }
  },
  "pca": {}
}