{
  "autoencoder": {
    "inner dim 19": {
      "training-mse": 1.4818202879908108e-07,
      "relative_percent_error": 0.8331367442679238,
      "max_distance_error": 0.011491897732046296,
      "mean_distance_error": 0.0004979578240878201,
      "ae_training_time_s": 21.607224225997925,
      "outer_pca_training_time_s": 0.9716510772705078
    }
  },
  "pca": {}
}