{
  "autoencoder": {
    "inner dim 27": {
      "training-mse": 1.2649688651845498e-07,
      "relative_percent_error": 0.7719805078661162,
      "max_distance_error": 0.011195265231451128,
      "mean_distance_error": 0.00045946470513746353,
      "ae_training_time_s": 21.165985345840454,
      "outer_pca_training_time_s": 0.8370871543884277
    }
  },
  "pca": {}
}