{
  "autoencoder": {
    "inner dim 20": {
      "training-mse": 4.919695429017811e-06,
      "relative_percent_error": 4.111416689088011,
      "max_distance_error": 0.05532468146960303,
      "mean_distance_error": 0.0024693203419095156,
      "ae_training_time_s": 21.819713592529297,
      "outer_pca_training_time_s": 0.9767169952392578
    }
  },
  "pca": {}
}