{
  "autoencoder": {
    "inner dim 24": {
      "training-mse": 7.706687002476704e-06,
      "relative_percent_error": 5.146262260808275,
      "max_distance_error": 0.055202299256083665,
      "mean_distance_error": 0.0031321670700873343,
      "ae_training_time_s": 21.569961071014404,
      "outer_pca_training_time_s": 0.9181737899780273
    }
  },
  "pca": {}
}