{
  "autoencoder": {
    "inner dim 8": {
      "training-mse": 2.0605734705282695e-07,
      "relative_percent_error": 0.9064215495941761,
      "max_distance_error": 0.012871700643525342,
      "mean_distance_error": 0.0005424504084281314,
      "ae_training_time_s": 19.538201808929443,
      "outer_pca_training_time_s": 0.9143612384796143
    }
  },
  "pca": {}
}