{
  "autoencoder": {
    "inner dim 24": {
      "training-mse": 9.985163985087677e-08,
      "relative_percent_error": 0.6684263235387828,
      "max_distance_error": 0.009401264094913903,
      "mean_distance_error": 0.0003991556469673773,
      "ae_training_time_s": 23.48215913772583,
      "outer_pca_training_time_s": 0.940453052520752
    }
  },
  "pca": {}
}