{
  "autoencoder": {
    "inner dim 6": {
      "training-mse": 1.137699034087626e-07,
      "relative_percent_error": 0.6920775792814974,
      "max_distance_error": 0.01250861704204993,
      "mean_distance_error": 0.00041455969159997504,
      "ae_training_time_s": 53.28182673454285,
      "outer_pca_training_time_s": 0.912872314453125
    }
  },
  "pca": {}
}