{
  "autoencoder": {
    "inner dim 20": {
      "training-mse": 1.6752641420709009e-07,
      "relative_percent_error": 0.8863822267268288,
      "max_distance_error": 0.008093770895707203,
      "mean_distance_error": 0.0005278069540314943,
      "ae_training_time_s": 22.069915771484375,
      "outer_pca_training_time_s": 0.9645662307739258
    }
  },
  "pca": {}
}