{
  "autoencoder": {
    "inner dim 7": {
      "training-mse": 0.00028017353734071754,
      "relative_percent_error": 23.64857929556024,
      "max_distance_error": 0.24459687421918283,
      "mean_distance_error": 0.014584455696505731,
      "ae_training_time_s": 20.27102780342102,
      "outer_pca_training_time_s": 0.9190883636474609
    }
  },
  "pca": {}
}