{
  "autoencoder": {
    "inner dim 5": {
      "training-mse": 0.0002801642372555649,
      "relative_percent_error": 23.626983149559337,
      "max_distance_error": 0.24471478728149304,
      "mean_distance_error": 0.01458595753955188,
      "ae_training_time_s": 21.982080221176147,
      "outer_pca_training_time_s": 1.0250837802886963
    }
  },
  "pca": {}
}