{
  "autoencoder": {
    "inner dim 21": {
      "training-mse": 3.2439559523904665e-07,
      "relative_percent_error": 1.2016388504823359,
      "max_distance_error": 0.012425112143935857,
      "mean_distance_error": 0.0007177875848403116,
      "ae_training_time_s": 21.834527254104614,
      "outer_pca_training_time_s": 0.9490585327148438
    }
  },
  "pca": {}
}