{
  "autoencoder": {
    "inner dim 13": {
      "training-mse": 5.382308753515121e-07,
      "relative_percent_error": 1.5029630273561436,
      "max_distance_error": 0.011819352297435052,
      "mean_distance_error": 0.0009050623375113775,
      "ae_training_time_s": 23.246474981307983,
      "outer_pca_training_time_s": 0.9693348407745361
    }
  },
  "pca": {}
}