{
  "autoencoder": {
    "inner dim 7": {
      "training-mse": 1.9519330268836764e-07,
      "relative_percent_error": 0.8962466692474453,
      "max_distance_error": 0.012796413596296794,
      "mean_distance_error": 0.0005367469791404507,
      "ae_training_time_s": 21.4899799823761,
      "outer_pca_training_time_s": 0.8355820178985596
    }
  },
  "pca": {}
}