{
  "autoencoder": {
    "inner dim 12": {
      "training-mse": 5.0846642848483164e-06,
      "relative_percent_error": 4.265581452210349,
      "max_distance_error": 0.056060924614877085,
      "mean_distance_error": 0.002558077160653702,
      "ae_training_time_s": 21.803529977798462,
      "outer_pca_training_time_s": 0.8886046409606934
    }
  },
  "pca": {}
}