{
  "autoencoder": {
    "inner dim 6": {
      "training-mse": 3.382860154530289e-07,
      "relative_percent_error": 1.200158573162722,
      "max_distance_error": 0.01589969007473849,
      "mean_distance_error": 0.000717944987039695,
      "ae_training_time_s": 20.35229253768921,
      "outer_pca_training_time_s": 0.9231233596801758
    }
  },
  "pca": {}
}