{
  "autoencoder": {
    "inner dim 19": {
      "training-mse": 7.281472958453845e-07,
      "relative_percent_error": 1.5895668531786193,
      "max_distance_error": 0.019872177506821645,
      "mean_distance_error": 0.0009625137467040255,
      "ae_training_time_s": 22.720133781433105,
      "outer_pca_training_time_s": 0.9290857315063477
    }
  },
  "pca": {}
}