{
  "autoencoder": {
    "inner dim 6": {
      "training-mse": 3.9201206236748613e-07,
      "relative_percent_error": 1.251065957542565,
      "max_distance_error": 0.01584353315847817,
      "mean_distance_error": 0.0007479179090929331,
      "ae_training_time_s": 21.69558811187744,
      "outer_pca_training_time_s": 0.9359240531921387
    }
  },
  "pca": {}
}