{
  "autoencoder": {
    "inner dim 8": {
      "training-mse": 2.774884374547011e-07,
      "relative_percent_error": 1.1016797392517539,
      "max_distance_error": 0.013105321470068926,
      "mean_distance_error": 0.0006678680096256583,
      "ae_training_time_s": 21.140097856521606,
      "outer_pca_training_time_s": 0.9041836261749268
    }
  },
  "pca": {}
}