{
  "autoencoder": {
    "inner dim 6": {
      "training-mse": 5.033337505532295e-06,
      "relative_percent_error": 4.171924682148552,
      "max_distance_error": 0.05476686244402032,
      "mean_distance_error": 0.002510801424675341,
      "ae_training_time_s": 21.446637392044067,
      "outer_pca_training_time_s": 0.947167158126831
    }
  },
  "pca": {}
}