{
  "autoencoder": {
    "inner dim 18": {
      "training-mse": 2.1682774981871272e-07,
      "relative_percent_error": 0.9373234896170357,
      "max_distance_error": 0.008204557495672452,
      "mean_distance_error": 0.0005645147010814417,
      "ae_training_time_s": 53.568851709365845,
      "outer_pca_training_time_s": 1.0049195289611816
    }
  },
  "pca": {}
}