{
  "autoencoder": {
    "inner dim 2": {
      "training-mse": 5.503793773680958e-06,
      "relative_percent_error": 4.502307035753894,
      "max_distance_error": 0.0468758851606683,
      "mean_distance_error": 0.002721271277110059,
      "ae_training_time_s": 23.190616607666016,
      "outer_pca_training_time_s": 0.9502477645874023
    }
  },
  "pca": {}
}