{
  "autoencoder": {
    "inner dim 28": {
      "training-mse": 9.496676330569088e-08,
      "relative_percent_error": 0.6594840012648395,
      "max_distance_error": 0.008189264429714169,
      "mean_distance_error": 0.0003942255411782971,
      "ae_training_time_s": 21.599956035614014,
      "outer_pca_training_time_s": 0.8774676322937012
    }
  },
  "pca": {}
}