{
  "autoencoder": {
    "inner dim 2": {
      "training-mse": 5.906581214323805e-06,
      "relative_percent_error": 4.732360055703643,
      "max_distance_error": 0.043986121951395375,
      "mean_distance_error": 0.0028514147192236043,
      "ae_training_time_s": 23.12538743019104,
      "outer_pca_training_time_s": 1.0140535831451416
    }
  },
  "pca": {}
}