{
  "autoencoder": {
    "inner dim 9": {
      "training-mse": 5.607610857647517e-07,
      "relative_percent_error": 1.5147237141945755,
      "max_distance_error": 0.01624068050439027,
      "mean_distance_error": 0.0009050381863481225,
      "ae_training_time_s": 22.544512510299683,
      "outer_pca_training_time_s": 0.9237968921661377
    }
  },
  "pca": {}
}