{
  "autoencoder": {
    "inner dim 5": {
      "training-mse": 7.813379932438669e-07,
      "relative_percent_error": 1.7078000140231029,
      "max_distance_error": 0.022518298224942033,
      "mean_distance_error": 0.00102429229737673,
      "ae_training_time_s": 22.527644395828247,
      "outer_pca_training_time_s": 0.9347958564758301
    }
  },
  "pca": {}
}