{
  "autoencoder": {
    "inner dim 8": {
      "training-mse": 6.10017577314921e-07,
      "relative_percent_error": 1.6104026508562246,
      "max_distance_error": 0.01283263336175439,
      "mean_distance_error": 0.0009860136657577109,
      "ae_training_time_s": 21.767136096954346,
      "outer_pca_training_time_s": 0.9341251850128174
    }
  },
  "pca": {}
}