{
  "autoencoder": {
    "inner dim 23": {
      "training-mse": 3.128334790850227e-06,
      "relative_percent_error": 3.358908914939699,
      "max_distance_error": 0.034639476077349615,
      "mean_distance_error": 0.0020337870036187854,
      "ae_training_time_s": 21.175920963287354,
      "outer_pca_training_time_s": 0.8121030330657959
    }
  },
  "pca": {}
}