{
  "autoencoder": {
    "inner dim 5": {
      "training-mse": 6.860357374126155e-07,
      "relative_percent_error": 1.64741776518379,
      "max_distance_error": 0.027436653937058738,
      "mean_distance_error": 0.0009861631781433035,
      "ae_training_time_s": 22.393412590026855,
      "outer_pca_training_time_s": 0.9168007373809814
    }
  },
  "pca": {}
}