{
  "autoencoder": {
    "inner dim 16": {
      "training-mse": 4.888210671871671e-06,
      "relative_percent_error": 4.089340832031711,
      "max_distance_error": 0.055125094466739286,
      "mean_distance_error": 0.0024554418906039192,
      "ae_training_time_s": 53.80464482307434,
      "outer_pca_training_time_s": 0.9545655250549316
    }
  },
  "pca": {}
}