{
  "autoencoder": {
    "inner dim 23": {
      "training-mse": 1.5285492376821355e-07,
      "relative_percent_error": 0.8392069420632794,
      "max_distance_error": 0.008570155394914573,
      "mean_distance_error": 0.0004978963185964539,
      "ae_training_time_s": 22.081069231033325,
      "outer_pca_training_time_s": 0.9550657272338867
    }
  },
  "pca": {}
}