{
  "autoencoder": {
    "inner dim 30": {
      "training-mse": 1.1407719797111205e-07,
      "relative_percent_error": 0.7092569045636515,
      "max_distance_error": 0.01011061448051106,
      "mean_distance_error": 0.00042434378807122583,
      "ae_training_time_s": 20.748324871063232,
      "outer_pca_training_time_s": 0.8573100566864014
    }
  },
  "pca": {}
}