{
  "autoencoder": {
    "inner dim 27": {
      "training-mse": 4.894283132524916e-07,
      "relative_percent_error": 1.3759885455933338,
      "max_distance_error": 0.017884677128735833,
      "mean_distance_error": 0.0008270840292931578,
      "ae_training_time_s": 22.210160493850708,
      "outer_pca_training_time_s": 0.859205961227417
    }
  },
  "pca": {}
}