{
  "autoencoder": {
    "inner dim 3": {
      "training-mse": 3.995821101624322e-06,
      "relative_percent_error": 3.8401819046853256,
      "max_distance_error": 0.03806309036858578,
      "mean_distance_error": 0.0023193402766926398,
      "ae_training_time_s": 55.4513201713562,
      "outer_pca_training_time_s": 0.9442465305328369
    }
  },
  "pca": {}
}