{
  "autoencoder": {
    "inner dim 7": {
      "training-mse": 7.743476490353052e-06,
      "relative_percent_error": 5.162307691122215,
      "max_distance_error": 0.055128500955317045,
      "mean_distance_error": 0.0031436882981547257,
      "ae_training_time_s": 21.95173144340515,
      "outer_pca_training_time_s": 0.8821611404418945
    }
  },
  "pca": {}
}