{
  "autoencoder": {
    "inner dim 16": {
      "training-mse": 1.3368809574461917e-07,
      "relative_percent_error": 0.7858685372483258,
      "max_distance_error": 0.010133270066182944,
      "mean_distance_error": 0.000469938739424132,
      "ae_training_time_s": 22.055307626724243,
      "outer_pca_training_time_s": 0.9264960289001465
    }
  },
  "pca": {}
}