{
  "autoencoder": {
    "inner dim 5": {
      "training-mse": 0.0009369409308509385,
      "relative_percent_error": 49.67335827629514,
      "max_distance_error": 0.32918772463314383,
      "mean_distance_error": 0.03163978808764452,
      "ae_training_time_s": 21.941516399383545,
      "outer_pca_training_time_s": 0.9005281925201416
    }
  },
  "pca": {}
}