{
  "autoencoder": {
    "inner dim 2": {
      "training-mse": 6.546536082744878e-06,
      "relative_percent_error": 4.9100379030167245,
      "max_distance_error": 0.04765120484983741,
      "mean_distance_error": 0.0029646998493110355,
      "ae_training_time_s": 22.998127222061157,
      "outer_pca_training_time_s": 0.8737103939056396
    }
  },
  "pca": {}
}