{
  "autoencoder": {
    "inner dim 30": {
      "training-mse": 1.5987349569283432e-07,
      "relative_percent_error": 0.8457984172816717,
      "max_distance_error": 0.006005984161568369,
      "mean_distance_error": 0.0005145648253509354,
      "ae_training_time_s": 20.542237758636475,
      "outer_pca_training_time_s": 0.9698107242584229
    }
  },
  "pca": {}
}