{
  "autoencoder": {
    "inner dim 7": {
      "training-mse": 4.5976603430757784e-07,
      "relative_percent_error": 1.4242146838980982,
      "max_distance_error": 0.01635365157344903,
      "mean_distance_error": 0.0008480379954716234,
      "ae_training_time_s": 21.66668701171875,
      "outer_pca_training_time_s": 0.912961483001709
    }
  },
  "pca": {}
}