{
  "autoencoder": {
    "inner dim 11": {
      "training-mse": 1.560152483820545e-07,
      "relative_percent_error": 0.8004066107295081,
      "max_distance_error": 0.013942942777914726,
      "mean_distance_error": 0.00048131903792103265,
      "ae_training_time_s": 21.259150981903076,
      "outer_pca_training_time_s": 0.951096773147583
    }
  },
  "pca": {}
}