{
  "autoencoder": {
    "inner dim 5": {
      "training-mse": 0.00028012384907718607,
      "relative_percent_error": 23.621726771134284,
      "max_distance_error": 0.24469238612991942,
      "mean_distance_error": 0.014582331394163943,
      "ae_training_time_s": 20.56716561317444,
      "outer_pca_training_time_s": 0.8431692123413086
    }
  },
  "pca": {}
}