{
  "autoencoder": {
    "inner dim 6": {
      "training-mse": 4.932188787522805e-06,
      "relative_percent_error": 4.119214164884203,
      "max_distance_error": 0.0558481521208151,
      "mean_distance_error": 0.0024743257383355714,
      "ae_training_time_s": 20.662495851516724,
      "outer_pca_training_time_s": 0.9202864170074463
    }
  },
  "pca": {}
}