{
  "autoencoder": {
    "inner dim 7": {
      "training-mse": 3.2045813682536296e-06,
      "relative_percent_error": 3.4227797382824225,
      "max_distance_error": 0.0355531922606104,
      "mean_distance_error": 0.0020708982159080803,
      "ae_training_time_s": 17.890894651412964,
      "outer_pca_training_time_s": 0.9295332431793213
    }
  },
  "pca": {}
}