{
  "autoencoder": {
    "inner dim 7": {
      "training-mse": 2.618873235109594e-07,
      "relative_percent_error": 1.0520850818894152,
      "max_distance_error": 0.014873436036937214,
      "mean_distance_error": 0.0006273636026646827,
      "ae_training_time_s": 20.409799575805664,
      "outer_pca_training_time_s": 0.910179853439331
    }
  },
  "pca": {}
}