{
  "autoencoder": {
    "inner dim 11": {
      "training-mse": 1.9168212493332113e-07,
      "relative_percent_error": 0.9161116296848223,
      "max_distance_error": 0.009860565259972531,
      "mean_distance_error": 0.0005494664539401644,
      "ae_training_time_s": 23.99457550048828,
      "outer_pca_training_time_s": 0.842853307723999
    }
  },
  "pca": {}
}