{
  "autoencoder": {
    "inner dim 6": {
      "training-mse": 1.0360316535123733e-06,
      "relative_percent_error": 2.030564002094006,
      "max_distance_error": 0.022849646263397458,
      "mean_distance_error": 0.0012189193154074885,
      "ae_training_time_s": 22.954774379730225,
      "outer_pca_training_time_s": 0.9835062026977539
    }
  },
  "pca": {}
}