{
  "autoencoder": {
    "inner dim 1": {
      "training-mse": 0.0003467618304043917,
      "relative_percent_error": 32.76039275069789,
      "max_distance_error": 0.23997585129605117,
      "mean_distance_error": 0.019931673760970076,
      "ae_training_time_s": 23.117180347442627,
      "outer_pca_training_time_s": 0.9346466064453125
    }
  },
  "pca": {}
}