{
  "autoencoder": {
    "inner dim 16": {
      "training-mse": 3.0606159472255816e-07,
      "relative_percent_error": 1.1206093504489916,
      "max_distance_error": 0.01578711320227478,
      "mean_distance_error": 0.0006763838212809863,
      "ae_training_time_s": 22.199328184127808,
      "outer_pca_training_time_s": 0.9152774810791016
    }
  },
  "pca": {}
}