{
  "autoencoder": {
    "inner dim 21": {
      "training-mse": 0.000280540586952247,
      "relative_percent_error": 23.709680150589815,
      "max_distance_error": 0.2447880161272405,
      "mean_distance_error": 0.01462484875597798,
      "ae_training_time_s": 20.694890022277832,
      "outer_pca_training_time_s": 0.9161539077758789
    }
  },
  "pca": {}
}