{
  "autoencoder": {
    "inner dim 7": {
      "training-mse": 2.3668744929030127e-07,
      "relative_percent_error": 0.9824569713243079,
      "max_distance_error": 0.01661810455080996,
      "mean_distance_error": 0.0005898099615005554,
      "ae_training_time_s": 22.99935817718506,
      "outer_pca_training_time_s": 0.950721025466919
    }
  },
  "pca": {}
}