{
  "autoencoder": {
    "inner dim 3": {
      "training-mse": 3.649347278957596e-06,
      "relative_percent_error": 3.50368639697046,
      "max_distance_error": 0.04321563414896164,
      "mean_distance_error": 0.002101300097452278,
      "ae_training_time_s": 22.63093400001526,
      "outer_pca_training_time_s": 0.9079654216766357
    }
  },
  "pca": {}
}