{
  "autoencoder": {
    "inner dim 12": {
      "training-mse": 1.9286824670734625e-07,
      "relative_percent_error": 0.9253103408296213,
      "max_distance_error": 0.010966103207475425,
      "mean_distance_error": 0.0005571344319659636,
      "ae_training_time_s": 22.49975085258484,
      "outer_pca_training_time_s": 0.9279086589813232
    }
  },
  "pca": {}
}