{
  "autoencoder": {
    "inner dim 21": {
      "training-mse": 2.5860201160659125e-07,
      "relative_percent_error": 1.0470739912733735,
      "max_distance_error": 0.00822479762723797,
      "mean_distance_error": 0.0006494172990331307,
      "ae_training_time_s": 22.147141933441162,
      "outer_pca_training_time_s": 0.9393067359924316
    }
  },
  "pca": {}
}