{
  "autoencoder": {
    "inner dim 7": {
      "training-mse": 1.1446711873052172e-05,
      "relative_percent_error": 6.203440182004838,
      "max_distance_error": 0.056866178663045545,
      "mean_distance_error": 0.0038039205275436235,
      "ae_training_time_s": 21.16634440422058,
      "outer_pca_training_time_s": 0.9197709560394287
    }
  },
  "pca": {}
}