{
  "autoencoder": {
    "inner dim 10": {
      "training-mse": 5.399732364498298e-07,
      "relative_percent_error": 1.4579925562696086,
      "max_distance_error": 0.014201692742559478,
      "mean_distance_error": 0.0009050616643845837,
      "ae_training_time_s": 24.4339656829834,
      "outer_pca_training_time_s": 0.9891431331634521
    }
  },
  "pca": {}
}