{
  "autoencoder": {
    "inner dim 2": {
      "training-mse": 5.857633772319748e-06,
      "relative_percent_error": 4.672851711352637,
      "max_distance_error": 0.04587940091790366,
      "mean_distance_error": 0.0028332114464274263,
      "ae_training_time_s": 22.90915274620056,
      "outer_pca_training_time_s": 0.941089391708374
    }
  },
  "pca": {}
}