{
  "autoencoder": {
    "inner dim 2": {
      "training-mse": 5.7449189705550326e-06,
      "relative_percent_error": 4.601550693881226,
      "max_distance_error": 0.04318338523878052,
      "mean_distance_error": 0.00277186498849207,
      "ae_training_time_s": 23.752376317977905,
      "outer_pca_training_time_s": 0.9332020282745361
    }
  },
  "pca": {}
}