{
  "autoencoder": {
    "inner dim 22": {
      "training-mse": 7.476798600758119e-07,
      "relative_percent_error": 1.6219939221555246,
      "max_distance_error": 0.02121508158279984,
      "mean_distance_error": 0.0009808250835778795,
      "ae_training_time_s": 21.765660524368286,
      "outer_pca_training_time_s": 0.9686846733093262
    }
  },
  "pca": {}
}