{
  "autoencoder": {
    "inner dim 5": {
      "training-mse": 1.9100488841318303e-06,
      "relative_percent_error": 2.637975112674229,
      "max_distance_error": 0.026560997620572985,
      "mean_distance_error": 0.001600925534934905,
      "ae_training_time_s": 53.91691994667053,
      "outer_pca_training_time_s": 0.9228143692016602
    }
  },
  "pca": {}
}