{
  "autoencoder": {
    "inner dim 4": {
      "training-mse": 1.7310881755773533e-06,
      "relative_percent_error": 2.513152352955233,
      "max_distance_error": 0.02990084995661303,
      "mean_distance_error": 0.0015113750359196738,
      "ae_training_time_s": 21.973906755447388,
      "outer_pca_training_time_s": 0.9323651790618896
    }
  },
  "pca": {}
}