{
  "autoencoder": {
    "inner dim 7": {
      "training-mse": 2.7165990501454336e-07,
      "relative_percent_error": 1.0447117246283903,
      "max_distance_error": 0.01753274648346505,
      "mean_distance_error": 0.0006225631461988595,
      "ae_training_time_s": 21.368589878082275,
      "outer_pca_training_time_s": 0.967909574508667
    }
  },
  "pca": {}
}