{
  "autoencoder": {
    "inner dim 29": {
      "training-mse": 0.0009369401122337118,
      "relative_percent_error": 49.67658846230417,
      "max_distance_error": 0.32919811061122944,
      "mean_distance_error": 0.031639792456767554,
      "ae_training_time_s": 20.682082653045654,
      "outer_pca_training_time_s": 0.8733091354370117
    }
  },
  "pca": {}
}