{
  "autoencoder": {
    "inner dim 30": {
      "training-mse": 7.909902063585267e-07,
      "relative_percent_error": 1.7320619364716225,
      "max_distance_error": 0.019406319012300697,
      "mean_distance_error": 0.0010384739470774224,
      "ae_training_time_s": 21.13823103904724,
      "outer_pca_training_time_s": 0.9136595726013184
    }
  },
  "pca": {}
}