{
  "autoencoder": {
    "inner dim 26": {
      "training-mse": 9.425452145262114e-08,
      "relative_percent_error": 0.6517700950765061,
      "max_distance_error": 0.007650976113052604,
      "mean_distance_error": 0.0003904558031497549,
      "ae_training_time_s": 21.57139492034912,
      "outer_pca_training_time_s": 0.9176151752471924
    }
  },
  "pca": {}
}