{
  "autoencoder": {
    "inner dim 4": {
      "training-mse": 1.4634960054255962e-06,
      "relative_percent_error": 2.3928199240504266,
      "max_distance_error": 0.029718976951926296,
      "mean_distance_error": 0.001438452358201685,
      "ae_training_time_s": 22.418952465057373,
      "outer_pca_training_time_s": 0.9143204689025879
    }
  },
  "pca": {}
}