{
  "autoencoder": {
    "inner dim 7": {
      "training-mse": 5.090223179495923e-07,
      "relative_percent_error": 1.5293570805195804,
      "max_distance_error": 0.012212225524916165,
      "mean_distance_error": 0.0009095035922255711,
      "ae_training_time_s": 22.82201337814331,
      "outer_pca_training_time_s": 0.9864175319671631
    }
  },
  "pca": {}
}