{
  "autoencoder": {
    "inner dim 21": {
      "training-mse": 1.2036621059740037e-07,
      "relative_percent_error": 0.7473516317689936,
      "max_distance_error": 0.007324459500953594,
      "mean_distance_error": 0.0004455020140549611,
      "ae_training_time_s": 22.11834454536438,
      "outer_pca_training_time_s": 0.9631021022796631
    }
  },
  "pca": {}
}