{
  "autoencoder": {
    "inner dim 12": {
      "training-mse": 2.4071240087622897e-07,
      "relative_percent_error": 1.044987674160072,
      "max_distance_error": 0.01372366622125939,
      "mean_distance_error": 0.000621570643636996,
      "ae_training_time_s": 20.951843976974487,
      "outer_pca_training_time_s": 0.9448845386505127
    }
  },
  "pca": {}
}