{
  "autoencoder": {
    "inner dim 4": {
      "training-mse": 1.521496226112913e-06,
      "relative_percent_error": 2.4374369149410455,
      "max_distance_error": 0.027739588270544877,
      "mean_distance_error": 0.0014631835000768925,
      "ae_training_time_s": 22.241867542266846,
      "outer_pca_training_time_s": 0.9969103336334229
    }
  },
  "pca": {}
}