{
  "autoencoder": {
    "inner dim 14": {
      "training-mse": 7.73235529987018e-06,
      "relative_percent_error": 5.166555308121531,
      "max_distance_error": 0.055413725945499454,
      "mean_distance_error": 0.003142700759524143,
      "ae_training_time_s": 21.49483871459961,
      "outer_pca_training_time_s": 0.9130034446716309
    }
  },
  "pca": {}
}