{
  "autoencoder": {
    "inner dim 4": {
      "training-mse": 5.357589814302368e-07,
      "relative_percent_error": 1.4193428766354106,
      "max_distance_error": 0.018588169642505092,
      "mean_distance_error": 0.0008493689246276147,
      "ae_training_time_s": 54.948938846588135,
      "outer_pca_training_time_s": 0.8443281650543213
    }
  },
  "pca": {}
}