{
  "autoencoder": {
    "inner dim 11": {
      "training-mse": 1.9789752393796255e-07,
      "relative_percent_error": 0.9148124578248304,
      "max_distance_error": 0.01163472156558858,
      "mean_distance_error": 0.0005480457488700229,
      "ae_training_time_s": 21.341420650482178,
      "outer_pca_training_time_s": 0.9195446968078613
    }
  },
  "pca": {}
}