{
  "autoencoder": {
    "inner dim 23": {
      "training-mse": 9.879769068035479e-08,
      "relative_percent_error": 0.6712581332374296,
      "max_distance_error": 0.006922630880583609,
      "mean_distance_error": 0.000401587527835292,
      "ae_training_time_s": 21.562789916992188,
      "outer_pca_training_time_s": 0.8771786689758301
    }
  },
  "pca": {}
}