{
  "autoencoder": {
    "inner dim 25": {
      "training-mse": 1.1941770600075112e-07,
      "relative_percent_error": 0.736282213941383,
      "max_distance_error": 0.009359622497734895,
      "mean_distance_error": 0.000439511978043607,
      "ae_training_time_s": 24.163830757141113,
      "outer_pca_training_time_s": 0.9902145862579346
    }
  },
  "pca": {}
}