{
  "autoencoder": {
    "inner dim 28": {
      "training-mse": 2.499288101046492e-07,
      "relative_percent_error": 0.9722781367702613,
      "max_distance_error": 0.013383437053246445,
      "mean_distance_error": 0.000586846197981421,
      "ae_training_time_s": 21.003536224365234,
      "outer_pca_training_time_s": 0.9378018379211426
    }
  },
  "pca": {}
}