{
  "autoencoder": {
    "inner dim 6": {
      "training-mse": 3.0455059225556264e-07,
      "relative_percent_error": 1.1164142695077426,
      "max_distance_error": 0.011618514367241687,
      "mean_distance_error": 0.0006707848309264341,
      "ae_training_time_s": 22.239571809768677,
      "outer_pca_training_time_s": 0.926084041595459
    }
  },
  "pca": {}
}