{
  "autoencoder": {
    "inner dim 6": {
      "training-mse": 2.8937148661356197e-07,
      "relative_percent_error": 1.0848611347975028,
      "max_distance_error": 0.015704086327667087,
      "mean_distance_error": 0.0006502120827163961,
      "ae_training_time_s": 21.59274959564209,
      "outer_pca_training_time_s": 0.8970482349395752
    }
  },
  "pca": {}
}