{
  "autoencoder": {
    "inner dim 7": {
      "training-mse": 2.4342733151253626e-07,
      "relative_percent_error": 0.9772557100942567,
      "max_distance_error": 0.013575189133964036,
      "mean_distance_error": 0.0005829165419137607,
      "ae_training_time_s": 20.743890523910522,
      "outer_pca_training_time_s": 0.9389870166778564
    }
  },
  "pca": {}
}