{
  "autoencoder": {
    "inner dim 24": {
      "training-mse": 4.7855675201794e-07,
      "relative_percent_error": 1.3660541604995267,
      "max_distance_error": 0.015333192092009564,
      "mean_distance_error": 0.0008197238375401238,
      "ae_training_time_s": 21.23558783531189,
      "outer_pca_training_time_s": 0.9318027496337891
    }
  },
  "pca": {}
}