{
  "autoencoder": {
    "inner dim 18": {
      "training-mse": 1.2860163540163656e-07,
      "relative_percent_error": 0.7450902532971188,
      "max_distance_error": 0.010053630027422707,
      "mean_distance_error": 0.0004457971011444223,
      "ae_training_time_s": 22.262409925460815,
      "outer_pca_training_time_s": 0.9356179237365723
    }
  },
  "pca": {}
}