{
  "autoencoder": {
    "inner dim 19": {
      "training-mse": 5.666230384423595e-07,
      "relative_percent_error": 1.4806698875886761,
      "max_distance_error": 0.009180512676777006,
      "mean_distance_error": 0.000904468504540769,
      "ae_training_time_s": 22.346184968948364,
      "outer_pca_training_time_s": 0.9340524673461914
    }
  },
  "pca": {}
}