{
  "autoencoder": {
    "inner dim 2": {
      "training-mse": 5.991451550148156e-06,
      "relative_percent_error": 4.852257925531643,
      "max_distance_error": 0.047695597713657535,
      "mean_distance_error": 0.002906496496124647,
      "ae_training_time_s": 22.227172374725342,
      "outer_pca_training_time_s": 0.8441078662872314
    }
  },
  "pca": {}
}