{
  "autoencoder": {
    "inner dim 14": {
      "training-mse": 3.0926128983861706e-06,
      "relative_percent_error": 3.3211955911073137,
      "max_distance_error": 0.03483517626283513,
      "mean_distance_error": 0.002013361563855107,
      "ae_training_time_s": 54.40899729728699,
      "outer_pca_training_time_s": 0.9489641189575195
    }
  },
  "pca": {}
}