{
  "autoencoder": {
    "inner dim 26": {
      "training-mse": 1.6673271867971043e-07,
      "relative_percent_error": 0.854157543532124,
      "max_distance_error": 0.01338565288412189,
      "mean_distance_error": 0.0005100821914968576,
      "ae_training_time_s": 20.703397274017334,
      "outer_pca_training_time_s": 0.8520331382751465
    }
  },
  "pca": {}
}