{
  "autoencoder": {
    "inner dim 29": {
      "training-mse": 2.27113421220108e-07,
      "relative_percent_error": 1.0143358925082426,
      "max_distance_error": 0.005978664094583856,
      "mean_distance_error": 0.0006087481764330086,
      "ae_training_time_s": 21.669131755828857,
      "outer_pca_training_time_s": 0.8611550331115723
    }
  },
  "pca": {}
}