{
  "autoencoder": {
    "inner dim 8": {
      "training-mse": 7.76957453257355e-06,
      "relative_percent_error": 5.184449319355309,
      "max_distance_error": 0.05483187469959159,
      "mean_distance_error": 0.003152885367598551,
      "ae_training_time_s": 22.947625637054443,
      "outer_pca_training_time_s": 0.9503204822540283
    }
  },
  "pca": {}
}