{
  "autoencoder": {
    "inner dim 30": {
      "training-mse": 1.012644118797936e-06,
      "relative_percent_error": 1.8961393539578428,
      "max_distance_error": 0.008740677981741768,
      "mean_distance_error": 0.001143218019076123,
      "ae_training_time_s": 20.86729121208191,
      "outer_pca_training_time_s": 0.8658945560455322
    }
  },
  "pca": {}
}