{
  "autoencoder": {
    "inner dim 18": {
      "training-mse": 1.104411968763357e-06,
      "relative_percent_error": 1.9408017127348645,
      "max_distance_error": 0.02655213950747382,
      "mean_distance_error": 0.0011901213480139988,
      "ae_training_time_s": 21.25955867767334,
      "outer_pca_training_time_s": 0.9569714069366455
    }
  },
  "pca": {}
}