{
  "autoencoder": {
    "inner dim 24": {
      "training-mse": 5.423267823503736e-07,
      "relative_percent_error": 1.479689158637618,
      "max_distance_error": 0.01634446144526729,
      "mean_distance_error": 0.0008873308881176349,
      "ae_training_time_s": 22.11239504814148,
      "outer_pca_training_time_s": 0.8788237571716309
    }
  },
  "pca": {}
}