{
  "autoencoder": {
    "inner dim 25": {
      "training-mse": 1.0208258105231579e-07,
      "relative_percent_error": 0.6825384273238659,
      "max_distance_error": 0.009134247320696459,
      "mean_distance_error": 0.00040938248552272393,
      "ae_training_time_s": 21.367773056030273,
      "outer_pca_training_time_s": 0.9221727848052979
    }
  },
  "pca": {}
}