{
  "autoencoder": {
    "inner dim 17": {
      "training-mse": 1.572542523919903e-07,
      "relative_percent_error": 0.8411832106472725,
      "max_distance_error": 0.009520392419406021,
      "mean_distance_error": 0.0005055031816986133,
      "ae_training_time_s": 23.174896001815796,
      "outer_pca_training_time_s": 0.9375910758972168
    }
  },
  "pca": {}
}