{
  "autoencoder": {
    "inner dim 28": {
      "training-mse": 3.2384799020940843e-06,
      "relative_percent_error": 3.4725299200072888,
      "max_distance_error": 0.03498241970859382,
      "mean_distance_error": 0.002098753868293744,
      "ae_training_time_s": 20.25255846977234,
      "outer_pca_training_time_s": 0.8696320056915283
    }
  },
  "pca": {}
}