{
  "autoencoder": {
    "inner dim 27": {
      "training-mse": 1.1388966036533957e-05,
      "relative_percent_error": 6.176924114178717,
      "max_distance_error": 0.05699195375815415,
      "mean_distance_error": 0.0037863021789316578,
      "ae_training_time_s": 20.800196886062622,
      "outer_pca_training_time_s": 0.9175012111663818
    }
  },
  "pca": {}
}