{
  "autoencoder": {
    "inner dim 21": {
      "training-mse": 2.2966276334562404e-07,
      "relative_percent_error": 1.056275977189159,
      "max_distance_error": 0.009307801886279327,
      "mean_distance_error": 0.0006329900467645662,
      "ae_training_time_s": 22.802533864974976,
      "outer_pca_training_time_s": 0.8993515968322754
    }
  },
  "pca": {}
}