{
  "autoencoder": {
    "inner dim 20": {
      "training-mse": 1.142625264535063e-05,
      "relative_percent_error": 6.195449579690149,
      "max_distance_error": 0.057067945986436205,
      "mean_distance_error": 0.0037980841877968074,
      "ae_training_time_s": 21.714882612228394,
      "outer_pca_training_time_s": 0.9165210723876953
    }
  },
  "pca": {}
}