{
  "autoencoder": {
    "inner dim 6": {
      "training-mse": 9.860481821630325e-07,
      "relative_percent_error": 1.998770953466804,
      "max_distance_error": 0.017163503379239706,
      "mean_distance_error": 0.001221685358257757,
      "ae_training_time_s": 22.18731927871704,
      "outer_pca_training_time_s": 0.9857189655303955
    }
  },
  "pca": {}
}