{
  "autoencoder": {
    "inner dim 23": {
      "training-mse": 3.1299706840975435e-06,
      "relative_percent_error": 3.365664918132596,
      "max_distance_error": 0.03581608326664169,
      "mean_distance_error": 0.002036778882120796,
      "ae_training_time_s": 54.3373908996582,
      "outer_pca_training_time_s": 0.9223184585571289
    }
  },
  "pca": {}
}