{
  "autoencoder": {
    "inner dim 7": {
      "training-mse": 3.44212983457754e-07,
      "relative_percent_error": 1.208954775537941,
      "max_distance_error": 0.014922507626209738,
      "mean_distance_error": 0.0007298138209252592,
      "ae_training_time_s": 22.823013305664062,
      "outer_pca_training_time_s": 0.90366530418396
    }
  },
  "pca": {}
}