{
  "autoencoder": {
    "inner dim 25": {
      "training-mse": 5.676463377394678e-07,
      "relative_percent_error": 1.413931515331757,
      "max_distance_error": 0.009531344337315208,
      "mean_distance_error": 0.0009182420067284116,
      "ae_training_time_s": 21.317174911499023,
      "outer_pca_training_time_s": 0.96517014503479
    }
  },
  "pca": {}
}