{
  "autoencoder": {
    "inner dim 19": {
      "training-mse": 2.851120027909166e-07,
      "relative_percent_error": 1.1578015258729786,
      "max_distance_error": 0.010893424085268194,
      "mean_distance_error": 0.0007011590531741112,
      "ae_training_time_s": 21.0621817111969,
      "outer_pca_training_time_s": 0.9340617656707764
    }
  },
  "pca": {}
}