{
  "autoencoder": {
    "inner dim 27": {
      "training-mse": 1.2018487415711774e-07,
      "relative_percent_error": 0.7440750961706714,
      "max_distance_error": 0.009329504786366644,
      "mean_distance_error": 0.0004434628222099566,
      "ae_training_time_s": 21.225764274597168,
      "outer_pca_training_time_s": 0.8266143798828125
    }
  },
  "pca": {}
}