{
  "autoencoder": {
    "inner dim 18": {
      "training-mse": 1.1427371604569791e-07,
      "relative_percent_error": 0.716224790045989,
      "max_distance_error": 0.007766738226850086,
      "mean_distance_error": 0.00042937634806160404,
      "ae_training_time_s": 22.05592966079712,
      "outer_pca_training_time_s": 0.9817214012145996
    }
  },
  "pca": {}
}