{
  "autoencoder": {
    "inner dim 12": {
      "training-mse": 1.7752337840158694e-07,
      "relative_percent_error": 0.8672450794137946,
      "max_distance_error": 0.013633541278767121,
      "mean_distance_error": 0.0005190513267638542,
      "ae_training_time_s": 22.743839263916016,
      "outer_pca_training_time_s": 0.9266488552093506
    }
  },
  "pca": {}
}