{
  "autoencoder": {
    "inner dim 21": {
      "training-mse": 8.684851917652849e-07,
      "relative_percent_error": 1.8548126503649425,
      "max_distance_error": 0.020196211827759315,
      "mean_distance_error": 0.0011073554060963744,
      "ae_training_time_s": 22.338054180145264,
      "outer_pca_training_time_s": 0.9427201747894287
    }
  },
  "pca": {}
}