{
  "autoencoder": {
    "inner dim 5": {
      "training-mse": 1.392845026610129e-06,
      "relative_percent_error": 2.282792885607755,
      "max_distance_error": 0.02602433432152539,
      "mean_distance_error": 0.0013758788520378284,
      "ae_training_time_s": 21.084975481033325,
      "outer_pca_training_time_s": 0.9213614463806152
    }
  },
  "pca": {}
}