{
  "autoencoder": {
    "inner dim 12": {
      "training-mse": 2.850443793171486e-07,
      "relative_percent_error": 1.1063700953401259,
      "max_distance_error": 0.015668098354001844,
      "mean_distance_error": 0.0006689345571072183,
      "ae_training_time_s": 22.173346519470215,
      "outer_pca_training_time_s": 0.9800505638122559
    }
  },
  "pca": {}
}