{
  "autoencoder": {
    "inner dim 28": {
      "training-mse": 6.072433630707998e-07,
      "relative_percent_error": 1.5619252376919222,
      "max_distance_error": 0.01657660751246433,
      "mean_distance_error": 0.0009436862753850755,
      "ae_training_time_s": 20.8110191822052,
      "outer_pca_training_time_s": 0.9050588607788086
    }
  },
  "pca": {}
}