{
  "autoencoder": {
    "inner dim 19": {
      "training-mse": 2.8447831686859147e-07,
      "relative_percent_error": 1.1076817921427804,
      "max_distance_error": 0.0068491839644371985,
      "mean_distance_error": 0.000652855168653863,
      "ae_training_time_s": 22.399471044540405,
      "outer_pca_training_time_s": 0.9013864994049072
    }
  },
  "pca": {}
}