{
  "autoencoder": {
    "inner dim 12": {
      "training-mse": 5.151440431312653e-07,
      "relative_percent_error": 1.4191411445757118,
      "max_distance_error": 0.01764144406551452,
      "mean_distance_error": 0.0008546141928247017,
      "ae_training_time_s": 21.96016526222229,
      "outer_pca_training_time_s": 0.9233298301696777
    }
  },
  "pca": {}
}