{
  "autoencoder": {
    "inner dim 1": {
      "training-mse": 0.00033292851049237344,
      "relative_percent_error": 31.91643672873507,
      "max_distance_error": 0.23954105395514444,
      "mean_distance_error": 0.019352079576934616,
      "ae_training_time_s": 23.334641933441162,
      "outer_pca_training_time_s": 0.8810555934906006
    }
  },
  "pca": {}
}