{
  "autoencoder": {
    "inner dim 1": {
      "training-mse": 0.0003451104756736354,
      "relative_percent_error": 32.984571657824624,
      "max_distance_error": 0.2790788249879909,
      "mean_distance_error": 0.019789356073506636,
      "ae_training_time_s": 23.730051517486572,
      "outer_pca_training_time_s": 0.9400749206542969
    }
  },
  "pca": {}
}