{
  "autoencoder": {
    "inner dim 28": {
      "training-mse": 1.1835676996373122e-07,
      "relative_percent_error": 0.7267694855056644,
      "max_distance_error": 0.009932063491423043,
      "mean_distance_error": 0.000434873873688695,
      "ae_training_time_s": 22.10409951210022,
      "outer_pca_training_time_s": 0.8699390888214111
    }
  },
  "pca": {}
}