{
  "autoencoder": {
    "inner dim 20": {
      "training-mse": 1.5710603526491426e-07,
      "relative_percent_error": 0.8303623980632028,
      "max_distance_error": 0.009120763206246057,
      "mean_distance_error": 0.0005046812111633702,
      "ae_training_time_s": 21.906859159469604,
      "outer_pca_training_time_s": 0.8649857044219971
    }
  },
  "pca": {}
}