{
  "autoencoder": {
    "inner dim 9": {
      "training-mse": 2.0116825936074448e-07,
      "relative_percent_error": 0.8924252006768829,
      "max_distance_error": 0.015758852214410236,
      "mean_distance_error": 0.000535256966547067,
      "ae_training_time_s": 21.043251276016235,
      "outer_pca_training_time_s": 0.9354252815246582
    }
  },
  "pca": {}
}