{
  "autoencoder": {
    "inner dim 16": {
      "training-mse": 0.0009369324111908345,
      "relative_percent_error": 49.68249077853678,
      "max_distance_error": 0.3291948719426565,
      "mean_distance_error": 0.031639703876766546,
      "ae_training_time_s": 22.32889151573181,
      "outer_pca_training_time_s": 0.9176359176635742
    }
  },
  "pca": {}
}