{
  "autoencoder": {
    "inner dim 11": {
      "training-mse": 2.358349590453337e-07,
      "relative_percent_error": 0.9737553675971412,
      "max_distance_error": 0.014982941433852516,
      "mean_distance_error": 0.0005873573595265722,
      "ae_training_time_s": 21.70537257194519,
      "outer_pca_training_time_s": 0.9633157253265381
    }
  },
  "pca": {}
}