{
  "autoencoder": {
    "inner dim 21": {
      "training-mse": 1.6948372855368832e-07,
      "relative_percent_error": 0.8378400435321783,
      "max_distance_error": 0.009992663302894377,
      "mean_distance_error": 0.0005038285779269155,
      "ae_training_time_s": 22.212907552719116,
      "outer_pca_training_time_s": 0.9434845447540283
    }
  },
  "pca": {}
}