{
  "autoencoder": {
    "inner dim 23": {
      "training-mse": 3.116587691697668e-06,
      "relative_percent_error": 3.341341669209593,
      "max_distance_error": 0.03486493370793486,
      "mean_distance_error": 0.002024778295116899,
      "ae_training_time_s": 21.772015810012817,
      "outer_pca_training_time_s": 0.9046275615692139
    }
  },
  "pca": {}
}