{
  "autoencoder": {
    "inner dim 27": {
      "training-mse": 2.5666046346661394e-07,
      "relative_percent_error": 0.9870728720451223,
      "max_distance_error": 0.015831273210546767,
      "mean_distance_error": 0.0005945854929241727,
      "ae_training_time_s": 20.717433214187622,
      "outer_pca_training_time_s": 0.9216670989990234
    }
  },
  "pca": {}
}