{
  "autoencoder": {
    "inner dim 6": {
      "training-mse": 3.0032242429630243e-07,
      "relative_percent_error": 1.1216847855558216,
      "max_distance_error": 0.01573224164263033,
      "mean_distance_error": 0.0006750278206376052,
      "ae_training_time_s": 21.173657178878784,
      "outer_pca_training_time_s": 0.8706591129302979
    }
  },
  "pca": {}
}