{
  "autoencoder": {
    "inner dim 9": {
      "training-mse": 2.5151160278404365e-07,
      "relative_percent_error": 1.0347035393173043,
      "max_distance_error": 0.012643424621347758,
      "mean_distance_error": 0.0006206340593435732,
      "ae_training_time_s": 21.224496603012085,
      "outer_pca_training_time_s": 0.8948731422424316
    }
  },
  "pca": {}
}