{
  "autoencoder": {
    "inner dim 13": {
      "training-mse": 1.4850810943331542e-07,
      "relative_percent_error": 0.8087002515371146,
      "max_distance_error": 0.011413871216810482,
      "mean_distance_error": 0.0004840249359266938,
      "ae_training_time_s": 21.313628911972046,
      "outer_pca_training_time_s": 0.9342517852783203
    }
  },
  "pca": {}
}