{
  "autoencoder": {
    "inner dim 29": {
      "training-mse": 1.328309216734922e-07,
      "relative_percent_error": 0.7927808571935515,
      "max_distance_error": 0.009505097575227496,
      "mean_distance_error": 0.00047690387968225937,
      "ae_training_time_s": 20.962364435195923,
      "outer_pca_training_time_s": 0.83349609375
    }
  },
  "pca": {}
}