{
  "autoencoder": {
    "inner dim 10": {
      "training-mse": 1.1536442685120563e-05,
      "relative_percent_error": 6.274027755439064,
      "max_distance_error": 0.05726515038245283,
      "mean_distance_error": 0.003829591596151916,
      "ae_training_time_s": 22.495229959487915,
      "outer_pca_training_time_s": 0.827350378036499
    }
  },
  "pca": {}
}