{
  "autoencoder": {
    "inner dim 25": {
      "training-mse": 2.0136349249013338e-07,
      "relative_percent_error": 0.9695566317863319,
      "max_distance_error": 0.00774752442048809,
      "mean_distance_error": 0.000582104928721558,
      "ae_training_time_s": 20.964867115020752,
      "outer_pca_training_time_s": 0.820852518081665
    }
  },
  "pca": {}
}