{
  "autoencoder": {
    "inner dim 13": {
      "training-mse": 2.0977301101149188e-07,
      "relative_percent_error": 0.9574097296497482,
      "max_distance_error": 0.01409821958833512,
      "mean_distance_error": 0.0005725615662781312,
      "ae_training_time_s": 21.12289261817932,
      "outer_pca_training_time_s": 0.9810957908630371
    }
  },
  "pca": {}
}