{
  "autoencoder": {
    "inner dim 19": {
      "training-mse": 1.1508892760934357e-07,
      "relative_percent_error": 0.7196241706592511,
      "max_distance_error": 0.009586861415826738,
      "mean_distance_error": 0.00043102113225837983,
      "ae_training_time_s": 21.49105405807495,
      "outer_pca_training_time_s": 0.8892550468444824
    }
  },
  "pca": {}
}