{
  "autoencoder": {
    "inner dim 17": {
      "training-mse": 5.676731841698372e-07,
      "relative_percent_error": 1.5506911611484493,
      "max_distance_error": 0.016179280644034368,
      "mean_distance_error": 0.0009272775740608028,
      "ae_training_time_s": 23.194518089294434,
      "outer_pca_training_time_s": 0.9599828720092773
    }
  },
  "pca": {}
}