{
  "autoencoder": {
    "inner dim 23": {
      "training-mse": 1.4872500811272646e-07,
      "relative_percent_error": 0.8382917213376915,
      "max_distance_error": 0.006066597998479364,
      "mean_distance_error": 0.0004991401431656491,
      "ae_training_time_s": 51.86856722831726,
      "outer_pca_training_time_s": 0.9698495864868164
    }
  },
  "pca": {}
}