{
  "autoencoder": {
    "inner dim 11": {
      "training-mse": 2.022742781098853e-07,
      "relative_percent_error": 0.9395615605443767,
      "max_distance_error": 0.008363203495929785,
      "mean_distance_error": 0.0005669139707427497,
      "ae_training_time_s": 22.58539915084839,
      "outer_pca_training_time_s": 0.9681425094604492
    }
  },
  "pca": {}
}