{
  "autoencoder": {
    "inner dim 27": {
      "training-mse": 5.056052193122605e-07,
      "relative_percent_error": 1.4364883191705375,
      "max_distance_error": 0.01210322940876092,
      "mean_distance_error": 0.0009000553594994176,
      "ae_training_time_s": 23.135661602020264,
      "outer_pca_training_time_s": 0.9382421970367432
    }
  },
  "pca": {}
}