{
  "autoencoder": {
    "inner dim 9": {
      "training-mse": 2.473509719347726e-07,
      "relative_percent_error": 1.0565247303138898,
      "max_distance_error": 0.014363358484250128,
      "mean_distance_error": 0.0006384646311333849,
      "ae_training_time_s": 24.94538116455078,
      "outer_pca_training_time_s": 0.9334621429443359
    }
  },
  "pca": {}
}