{
  "autoencoder": {
    "inner dim 22": {
      "training-mse": 9.806974172914506e-08,
      "relative_percent_error": 0.6707498481550912,
      "max_distance_error": 0.0068035093675139985,
      "mean_distance_error": 0.00040142274428426765,
      "ae_training_time_s": 22.095049142837524,
      "outer_pca_training_time_s": 0.9364562034606934
    }
  },
  "pca": {}
}