{
  "autoencoder": {
    "inner dim 29": {
      "training-mse": 1.0198802600650819e-07,
      "relative_percent_error": 0.6884128566748227,
      "max_distance_error": 0.0090205368100746,
      "mean_distance_error": 0.00041087020010545735,
      "ae_training_time_s": 21.61060667037964,
      "outer_pca_training_time_s": 0.8486359119415283
    }
  },
  "pca": {}
}