{
  "autoencoder": {
    "inner dim 7": {
      "training-mse": 1.1381218284149062e-05,
      "relative_percent_error": 6.179057785216822,
      "max_distance_error": 0.05705480351757857,
      "mean_distance_error": 0.003786041295400898,
      "ae_training_time_s": 21.604828119277954,
      "outer_pca_training_time_s": 0.9379856586456299
    }
  },
  "pca": {}
}