{
  "autoencoder": {
    "inner dim 4": {
      "training-mse": 1.3833505594333968e-06,
      "relative_percent_error": 2.329539233261609,
      "max_distance_error": 0.027663689691609306,
      "mean_distance_error": 0.0013988413104730954,
      "ae_training_time_s": 22.83979344367981,
      "outer_pca_training_time_s": 0.9425089359283447
    }
  },
  "pca": {}
}