{
  "autoencoder": {
    "inner dim 30": {
      "training-mse": 2.507469138416365e-07,
      "relative_percent_error": 1.0274319929139748,
      "max_distance_error": 0.011779556482654753,
      "mean_distance_error": 0.0006394418879058303,
      "ae_training_time_s": 21.143105030059814,
      "outer_pca_training_time_s": 0.9070053100585938
    }
  },
  "pca": {}
}