{
  "autoencoder": {
    "inner dim 6": {
      "training-mse": 1.0662320866448954e-07,
      "relative_percent_error": 0.6788002408053145,
      "max_distance_error": 0.010999947798630108,
      "mean_distance_error": 0.00040653889378598556,
      "ae_training_time_s": 54.43362879753113,
      "outer_pca_training_time_s": 0.9902222156524658
    }
  },
  "pca": {}
}