{
  "autoencoder": {
    "inner dim 6": {
      "training-mse": 3.2383764138185546e-07,
      "relative_percent_error": 1.1734952577446491,
      "max_distance_error": 0.01715408337816926,
      "mean_distance_error": 0.0007019762604283806,
      "ae_training_time_s": 21.253453731536865,
      "outer_pca_training_time_s": 0.9321427345275879
    }
  },
  "pca": {}
}