{
  "autoencoder": {
    "inner dim 30": {
      "training-mse": 0.0009369525572776382,
      "relative_percent_error": 49.69433344861224,
      "max_distance_error": 0.3292042862742758,
      "mean_distance_error": 0.031641231828539396,
      "ae_training_time_s": 20.807648181915283,
      "outer_pca_training_time_s": 0.891916036605835
    }
  },
  "pca": {}
}