{
  "autoencoder": {
    "inner dim 26": {
      "training-mse": 4.986030174444197e-06,
      "relative_percent_error": 4.179206846651164,
      "max_distance_error": 0.0558059820941426,
      "mean_distance_error": 0.0025070149296716857,
      "ae_training_time_s": 21.135717630386353,
      "outer_pca_training_time_s": 0.849677324295044
    }
  },
  "pca": {}
}