{
  "autoencoder": {
    "inner dim 26": {
      "training-mse": 1.602237675435888e-07,
      "relative_percent_error": 0.8587015410907844,
      "max_distance_error": 0.010784489229097548,
      "mean_distance_error": 0.0005165557361056176,
      "ae_training_time_s": 22.18833565711975,
      "outer_pca_training_time_s": 0.9259998798370361
    }
  },
  "pca": {}
}