{
  "autoencoder": {
    "inner dim 6": {
      "training-mse": 1.169551291746349e-06,
      "relative_percent_error": 2.0260998551347256,
      "max_distance_error": 0.0257993510328927,
      "mean_distance_error": 0.0012362505930817683,
      "ae_training_time_s": 21.863710641860962,
      "outer_pca_training_time_s": 0.9453749656677246
    }
  },
  "pca": {}
}