{
  "autoencoder": {
    "inner dim 17": {
      "training-mse": 1.329506046467586e-07,
      "relative_percent_error": 0.7706774048047326,
      "max_distance_error": 0.008834631968461971,
      "mean_distance_error": 0.00046215842110714243,
      "ae_training_time_s": 22.784753799438477,
      "outer_pca_training_time_s": 0.884108304977417
    }
  },
  "pca": {}
}