{
  "autoencoder": {
    "inner dim 3": {
      "training-mse": 4.183845281313987e-06,
      "relative_percent_error": 3.968598758880541,
      "max_distance_error": 0.0451420200635281,
      "mean_distance_error": 0.002364260386597269,
      "ae_training_time_s": 22.861053466796875,
      "outer_pca_training_time_s": 0.9067385196685791
    }
  },
  "pca": {}
}