{
  "autoencoder": {
    "inner dim 8": {
      "training-mse": 2.712601095716016e-07,
      "relative_percent_error": 1.0947151150519243,
      "max_distance_error": 0.012932746418985777,
      "mean_distance_error": 0.0006626396870028198,
      "ae_training_time_s": 24.42295503616333,
      "outer_pca_training_time_s": 0.977121114730835
    }
  },
  "pca": {}
}