{
  "autoencoder": {
    "inner dim 18": {
      "training-mse": 2.065734705758266e-07,
      "relative_percent_error": 0.9002285657039256,
      "max_distance_error": 0.016821321189035707,
      "mean_distance_error": 0.0005418648146481848,
      "ae_training_time_s": 21.32758593559265,
      "outer_pca_training_time_s": 0.8181278705596924
    }
  },
  "pca": {}
}