{
  "autoencoder": {
    "inner dim 24": {
      "training-mse": 1.144031290083017e-07,
      "relative_percent_error": 0.7315460123057574,
      "max_distance_error": 0.005279816751199576,
      "mean_distance_error": 0.00043929096621827445,
      "ae_training_time_s": 21.394918203353882,
      "outer_pca_training_time_s": 1.0011720657348633
    }
  },
  "pca": {}
}