{
  "autoencoder": {
    "inner dim 3": {
      "training-mse": 4.503465369537855e-06,
      "relative_percent_error": 3.9816835472828207,
      "max_distance_error": 0.04495677085807075,
      "mean_distance_error": 0.002398721098402913,
      "ae_training_time_s": 20.967729806900024,
      "outer_pca_training_time_s": 0.8880062103271484
    }
  },
  "pca": {}
}