{
  "autoencoder": {
    "inner dim 23": {
      "training-mse": 2.862199125495825e-07,
      "relative_percent_error": 1.080403875335782,
      "max_distance_error": 0.0159447289851308,
      "mean_distance_error": 0.0006509845797873118,
      "ae_training_time_s": 21.530067920684814,
      "outer_pca_training_time_s": 0.9940183162689209
    }
  },
  "pca": {}
}