{
  "autoencoder": {
    "inner dim 6": {
      "training-mse": 2.988382603998961e-07,
      "relative_percent_error": 1.0989932444295447,
      "max_distance_error": 0.016835877854983465,
      "mean_distance_error": 0.0006592225225265599,
      "ae_training_time_s": 24.792080402374268,
      "outer_pca_training_time_s": 0.9425623416900635
    }
  },
  "pca": {}
}