{
  "autoencoder": {
    "inner dim 11": {
      "training-mse": 2.0818826108022768e-07,
      "relative_percent_error": 0.9658727849250882,
      "max_distance_error": 0.012749541187591727,
      "mean_distance_error": 0.0005779262347420572,
      "ae_training_time_s": 21.270657539367676,
      "outer_pca_training_time_s": 0.9099440574645996
    }
  },
  "pca": {}
}