{
  "autoencoder": {
    "inner dim 30": {
      "training-mse": 1.1372796321748619e-05,
      "relative_percent_error": 6.172360858198479,
      "max_distance_error": 0.05727348369682135,
      "mean_distance_error": 0.003781216204748197,
      "ae_training_time_s": 21.698222160339355,
      "outer_pca_training_time_s": 0.9467132091522217
    }
  },
  "pca": {}
}