{
  "autoencoder": {
    "inner dim 2": {
      "training-mse": 0.0009369350800853756,
      "relative_percent_error": 49.676668394354884,
      "max_distance_error": 0.3291903987666508,
      "mean_distance_error": 0.0316394383808535,
      "ae_training_time_s": 22.88378643989563,
      "outer_pca_training_time_s": 0.9184739589691162
    }
  },
  "pca": {}
}