{
  "autoencoder": {
    "inner dim 27": {
      "training-mse": 9.512414382974583e-08,
      "relative_percent_error": 0.6671255894192841,
      "max_distance_error": 0.00891712760590555,
      "mean_distance_error": 0.0003988984254990315,
      "ae_training_time_s": 22.338414430618286,
      "outer_pca_training_time_s": 0.8574860095977783
    }
  },
  "pca": {}
}