{
  "autoencoder": {
    "inner dim 9": {
      "training-mse": 2.3084902951224127e-07,
      "relative_percent_error": 0.9699730731046035,
      "max_distance_error": 0.012350326112994501,
      "mean_distance_error": 0.0005849030530439359,
      "ae_training_time_s": 21.278990268707275,
      "outer_pca_training_time_s": 0.9198441505432129
    }
  },
  "pca": {}
}