{
  "autoencoder": {
    "inner dim 7": {
      "training-mse": 2.2589560330392573e-07,
      "relative_percent_error": 0.963756811523862,
      "max_distance_error": 0.013315793795665746,
      "mean_distance_error": 0.0005781675418740703,
      "ae_training_time_s": 22.39799404144287,
      "outer_pca_training_time_s": 0.9445500373840332
    }
  },
  "pca": {}
}