{
  "autoencoder": {
    "inner dim 7": {
      "training-mse": 2.0552627868158405e-07,
      "relative_percent_error": 0.9174526549856953,
      "max_distance_error": 0.013666427319251283,
      "mean_distance_error": 0.0005473461947571427,
      "ae_training_time_s": 21.926461219787598,
      "outer_pca_training_time_s": 0.9914913177490234
    }
  },
  "pca": {}
}