{
  "autoencoder": {
    "inner dim 30": {
      "training-mse": 1.9374902598713826e-06,
      "relative_percent_error": 2.6607525733975015,
      "max_distance_error": 0.0265782178191213,
      "mean_distance_error": 0.0016191238970648687,
      "ae_training_time_s": 21.80537509918213,
      "outer_pca_training_time_s": 0.914280891418457
    }
  },
  "pca": {}
}