{
  "autoencoder": {
    "inner dim 12": {
      "training-mse": 1.5055235936401616e-07,
      "relative_percent_error": 0.8110976489397957,
      "max_distance_error": 0.011892072363526315,
      "mean_distance_error": 0.00048474326601973585,
      "ae_training_time_s": 23.268933057785034,
      "outer_pca_training_time_s": 0.9719724655151367
    }
  },
  "pca": {}
}