{
  "autoencoder": {
    "inner dim 27": {
      "training-mse": 4.903742654027775e-06,
      "relative_percent_error": 4.096568087483865,
      "max_distance_error": 0.05572510356877257,
      "mean_distance_error": 0.002461766592142404,
      "ae_training_time_s": 20.451022148132324,
      "outer_pca_training_time_s": 0.8919417858123779
    }
  },
  "pca": {}
}