{
  "autoencoder": {
    "inner dim 1": {
      "training-mse": 0.0005684835903863955,
      "relative_percent_error": 41.56840855258282,
      "max_distance_error": 0.3071585141137042,
      "mean_distance_error": 0.024506528826662457,
      "ae_training_time_s": 14.607550382614136,
      "outer_pca_training_time_s": 0.8049633502960205
    }
  },
  "pca": {}
}