{
  "autoencoder": {
    "inner dim 28": {
      "training-mse": 2.707320131583031e-07,
      "relative_percent_error": 1.0487778120767772,
      "max_distance_error": 0.009609461522464252,
      "mean_distance_error": 0.0006545469271227205,
      "ae_training_time_s": 21.31507658958435,
      "outer_pca_training_time_s": 0.9196910858154297
    }
  },
  "pca": {}
}