{
  "autoencoder": {
    "inner dim 22": {
      "training-mse": 0.0002801577571289294,
      "relative_percent_error": 23.675995390456237,
      "max_distance_error": 0.2446266567461839,
      "mean_distance_error": 0.014586329056723794,
      "ae_training_time_s": 53.78126072883606,
      "outer_pca_training_time_s": 0.8935863971710205
    }
  },
  "pca": {}
}