{
  "autoencoder": {
    "inner dim 22": {
      "training-mse": 8.102428824026071e-06,
      "relative_percent_error": 5.401720028637281,
      "max_distance_error": 0.055141557394185546,
      "mean_distance_error": 0.0032703324664630213,
      "ae_training_time_s": 22.147357940673828,
      "outer_pca_training_time_s": 0.9552075862884521
    }
  },
  "pca": {}
}