{
  "autoencoder": {
    "inner dim 4": {
      "training-mse": 1.7098520230399845e-06,
      "relative_percent_error": 2.534016481762159,
      "max_distance_error": 0.029575772800675245,
      "mean_distance_error": 0.001518982244225165,
      "ae_training_time_s": 22.437164783477783,
      "outer_pca_training_time_s": 0.854849100112915
    }
  },
  "pca": {}
}