{
  "autoencoder": {
    "inner dim 21": {
      "training-mse": 2.934215695326529e-07,
      "relative_percent_error": 1.1010349921219658,
      "max_distance_error": 0.016362188359462942,
      "mean_distance_error": 0.0006644335439671096,
      "ae_training_time_s": 21.705578565597534,
      "outer_pca_training_time_s": 0.9483296871185303
    }
  },
  "pca": {}
}