{
  "autoencoder": {
    "inner dim 24": {
      "training-mse": 1.7295800006504486e-07,
      "relative_percent_error": 0.8855335154342875,
      "max_distance_error": 0.00643444573040839,
      "mean_distance_error": 0.0005447902610794705,
      "ae_training_time_s": 23.815485954284668,
      "outer_pca_training_time_s": 0.840705394744873
    }
  },
  "pca": {}
}