{
  "autoencoder": {
    "inner dim 10": {
      "training-mse": 1.9976127893486252e-07,
      "relative_percent_error": 0.9361383569472703,
      "max_distance_error": 0.012923265030571634,
      "mean_distance_error": 0.0005620364379356037,
      "ae_training_time_s": 22.54152512550354,
      "outer_pca_training_time_s": 0.8343863487243652
    }
  },
  "pca": {}
}