{
  "autoencoder": {
    "inner dim 18": {
      "training-mse": 1.244981905944312e-07,
      "relative_percent_error": 0.7351848585439903,
      "max_distance_error": 0.009580710055455077,
      "mean_distance_error": 0.00044083897785626426,
      "ae_training_time_s": 21.3158597946167,
      "outer_pca_training_time_s": 0.9982573986053467
    }
  },
  "pca": {}
}