{
  "autoencoder": {
    "inner dim 16": {
      "training-mse": 1.749344775538181e-07,
      "relative_percent_error": 0.8957117374996622,
      "max_distance_error": 0.013182623996133668,
      "mean_distance_error": 0.0005336846603900464,
      "ae_training_time_s": 20.856666326522827,
      "outer_pca_training_time_s": 0.9550065994262695
    }
  },
  "pca": {}
}