{
  "autoencoder": {
    "inner dim 26": {
      "training-mse": 1.759622644137587e-07,
      "relative_percent_error": 0.8914439580968624,
      "max_distance_error": 0.007934811204407371,
      "mean_distance_error": 0.0005416975553677911,
      "ae_training_time_s": 21.45676350593567,
      "outer_pca_training_time_s": 0.8662903308868408
    }
  },
  "pca": {}
}