{
  "autoencoder": {
    "inner dim 18": {
      "training-mse": 2.8088682384191034e-07,
      "relative_percent_error": 1.0971885998670847,
      "max_distance_error": 0.01637460562639595,
      "mean_distance_error": 0.0006722774850216769,
      "ae_training_time_s": 21.723905324935913,
      "outer_pca_training_time_s": 0.9020519256591797
    }
  },
  "pca": {}
}