{
  "autoencoder": {
    "inner dim 6": {
      "training-mse": 4.5776042550453856e-07,
      "relative_percent_error": 1.4549037102371036,
      "max_distance_error": 0.01904954458595127,
      "mean_distance_error": 0.0008667852834354074,
      "ae_training_time_s": 22.68022656440735,
      "outer_pca_training_time_s": 0.8708105087280273
    }
  },
  "pca": {}
}