{
  "autoencoder": {
    "inner dim 30": {
      "training-mse": 1.1180146003211286e-07,
      "relative_percent_error": 0.7249822410452109,
      "max_distance_error": 0.008095456783515673,
      "mean_distance_error": 0.0004318445872461157,
      "ae_training_time_s": 22.347954988479614,
      "outer_pca_training_time_s": 0.8249497413635254
    }
  },
  "pca": {}
}