{
  "autoencoder": {
    "inner dim 13": {
      "training-mse": 1.6267897729871188e-07,
      "relative_percent_error": 0.8537666064192122,
      "max_distance_error": 0.011463805271083321,
      "mean_distance_error": 0.0005107904558987837,
      "ae_training_time_s": 20.943601369857788,
      "outer_pca_training_time_s": 0.9326686859130859
    }
  },
  "pca": {}
}