{
  "autoencoder": {
    "inner dim 7": {
      "training-mse": 5.919832910790954e-07,
      "relative_percent_error": 1.552492775697905,
      "max_distance_error": 0.01668343490561604,
      "mean_distance_error": 0.0009354204732985974,
      "ae_training_time_s": 21.68001914024353,
      "outer_pca_training_time_s": 0.9061088562011719
    }
  },
  "pca": {}
}