{
  "autoencoder": {
    "inner dim 13": {
      "training-mse": 2.771491969468727e-07,
      "relative_percent_error": 1.1116420821855775,
      "max_distance_error": 0.01449921128111503,
      "mean_distance_error": 0.0006653906486142653,
      "ae_training_time_s": 22.299248218536377,
      "outer_pca_training_time_s": 1.058044195175171
    }
  },
  "pca": {}
}