{
  "autoencoder": {
    "inner dim 8": {
      "training-mse": 1.9586486564254893e-06,
      "relative_percent_error": 2.6806187801416277,
      "max_distance_error": 0.027119940842866487,
      "mean_distance_error": 0.0016348852104516964,
      "ae_training_time_s": 21.824522972106934,
      "outer_pca_training_time_s": 0.8502109050750732
    }
  },
  "pca": {}
}