{
  "autoencoder": {
    "inner dim 3": {
      "training-mse": 3.4460521441536865e-06,
      "relative_percent_error": 3.426881752247358,
      "max_distance_error": 0.04539341805265399,
      "mean_distance_error": 0.00204899251393303,
      "ae_training_time_s": 22.27202272415161,
      "outer_pca_training_time_s": 1.0150516033172607
    }
  },
  "pca": {}
}