{
  "autoencoder": {
    "inner dim 2": {
      "training-mse": 5.974751846450627e-06,
      "relative_percent_error": 4.770723570947572,
      "max_distance_error": 0.04702974803517895,
      "mean_distance_error": 0.0028666127851155075,
      "ae_training_time_s": 23.124593257904053,
      "outer_pca_training_time_s": 0.9031176567077637
    }
  },
  "pca": {}
}