{
  "autoencoder": {
    "inner dim 14": {
      "training-mse": 2.0650708151335947e-07,
      "relative_percent_error": 0.9602025678164905,
      "max_distance_error": 0.011915645866174789,
      "mean_distance_error": 0.0005722992532271459,
      "ae_training_time_s": 22.097270965576172,
      "outer_pca_training_time_s": 0.8908360004425049
    }
  },
  "pca": {}
}