{
  "autoencoder": {
    "inner dim 14": {
      "training-mse": 1.873820262385101e-07,
      "relative_percent_error": 0.9125472817245146,
      "max_distance_error": 0.013595069955883351,
      "mean_distance_error": 0.0005475539101930825,
      "ae_training_time_s": 24.38433051109314,
      "outer_pca_training_time_s": 1.0488762855529785
    }
  },
  "pca": {}
}