{
  "autoencoder": {
    "inner dim 7": {
      "training-mse": 2.7076598882804664e-07,
      "relative_percent_error": 1.057969690757904,
      "max_distance_error": 0.01643266570435998,
      "mean_distance_error": 0.0006344299796991571,
      "ae_training_time_s": 21.358336448669434,
      "outer_pca_training_time_s": 0.9204585552215576
    }
  },
  "pca": {}
}