{
  "autoencoder": {
    "inner dim 3": {
      "training-mse": 4.051438949033102e-06,
      "relative_percent_error": 3.9603715637881676,
      "max_distance_error": 0.0431513977405927,
      "mean_distance_error": 0.002369773617115892,
      "ae_training_time_s": 25.930506467819214,
      "outer_pca_training_time_s": 0.9632062911987305
    }
  },
  "pca": {}
}