{
  "autoencoder": {
    "inner dim 19": {
      "training-mse": 1.2137045693401724e-07,
      "relative_percent_error": 0.7370267480817096,
      "max_distance_error": 0.008395873024805241,
      "mean_distance_error": 0.00044392845799232604,
      "ae_training_time_s": 21.797921657562256,
      "outer_pca_training_time_s": 0.9929068088531494
    }
  },
  "pca": {}
}