{
  "autoencoder": {
    "inner dim 8": {
      "training-mse": 2.813790004624664e-07,
      "relative_percent_error": 1.106867822991388,
      "max_distance_error": 0.013689811674457989,
      "mean_distance_error": 0.0006607075645590887,
      "ae_training_time_s": 21.28736448287964,
      "outer_pca_training_time_s": 1.0098893642425537
    }
  },
  "pca": {}
}