{
  "autoencoder": {
    "inner dim 30": {
      "training-mse": 1.1468247864334352e-05,
      "relative_percent_error": 6.211658239688421,
      "max_distance_error": 0.056908878294161025,
      "mean_distance_error": 0.003804154594913259,
      "ae_training_time_s": 20.71302366256714,
      "outer_pca_training_time_s": 0.8602039813995361
    }
  },
  "pca": {}
}