{
  "autoencoder": {
    "inner dim 13": {
      "training-mse": 1.1259842452912263e-06,
      "relative_percent_error": 1.9749921132341948,
      "max_distance_error": 0.027501830452246023,
      "mean_distance_error": 0.0012087471008006981,
      "ae_training_time_s": 21.548439264297485,
      "outer_pca_training_time_s": 0.930673360824585
    }
  },
  "pca": {}
}