{
  "autoencoder": {
    "inner dim 29": {
      "training-mse": 0.00028011342986496146,
      "relative_percent_error": 23.628109351081296,
      "max_distance_error": 0.24471617451948724,
      "mean_distance_error": 0.014580090615000062,
      "ae_training_time_s": 21.954514741897583,
      "outer_pca_training_time_s": 0.9151291847229004
    }
  },
  "pca": {}
}