{
  "autoencoder": {
    "inner dim 16": {
      "training-mse": 1.418212575590368e-07,
      "relative_percent_error": 0.7922108657366596,
      "max_distance_error": 0.009668232037595247,
      "mean_distance_error": 0.0004735808408456745,
      "ae_training_time_s": 22.77456283569336,
      "outer_pca_training_time_s": 0.997262716293335
    }
  },
  "pca": {}
}