{
  "autoencoder": {
    "inner dim 2": {
      "training-mse": 5.553470670657845e-06,
      "relative_percent_error": 4.589882905093219,
      "max_distance_error": 0.04335651299105655,
      "mean_distance_error": 0.0027730350188775515,
      "ae_training_time_s": 22.02534008026123,
      "outer_pca_training_time_s": 0.909848690032959
    }
  },
  "pca": {}
}