{
  "autoencoder": {
    "inner dim 21": {
      "training-mse": 2.5887063234221487e-07,
      "relative_percent_error": 0.9906280221843858,
      "max_distance_error": 0.016198616711177494,
      "mean_distance_error": 0.0005968688456670563,
      "ae_training_time_s": 21.952407121658325,
      "outer_pca_training_time_s": 0.9241032600402832
    }
  },
  "pca": {}
}