{
  "autoencoder": {
    "inner dim 9": {
      "training-mse": 6.076075288925951e-07,
      "relative_percent_error": 1.6048499786446617,
      "max_distance_error": 0.010190929743175887,
      "mean_distance_error": 0.0009810080637207184,
      "ae_training_time_s": 24.852664709091187,
      "outer_pca_training_time_s": 1.013458251953125
    }
  },
  "pca": {}
}