{
  "autoencoder": {
    "inner dim 26": {
      "training-mse": 0.0009369400787230552,
      "relative_percent_error": 49.67209544298114,
      "max_distance_error": 0.3291890180019054,
      "mean_distance_error": 0.031639739398931915,
      "ae_training_time_s": 21.867502212524414,
      "outer_pca_training_time_s": 0.9136850833892822
    }
  },
  "pca": {}
}