{
  "autoencoder": {
    "inner dim 17": {
      "training-mse": 1.4524560334861374e-07,
      "relative_percent_error": 0.8022725562992099,
      "max_distance_error": 0.008923506304666932,
      "mean_distance_error": 0.0004772560980075693,
      "ae_training_time_s": 21.32285189628601,
      "outer_pca_training_time_s": 0.9300882816314697
    }
  },
  "pca": {}
}