{
  "autoencoder": {
    "inner dim 17": {
      "training-mse": 0.0009369318758982305,
      "relative_percent_error": 49.678851836148766,
      "max_distance_error": 0.32919808951512897,
      "mean_distance_error": 0.03163953746182233,
      "ae_training_time_s": 22.043431758880615,
      "outer_pca_training_time_s": 0.8448805809020996
    }
  },
  "pca": {}
}