{
  "autoencoder": {
    "inner dim 11": {
      "training-mse": 1.5855316555959242e-07,
      "relative_percent_error": 0.8352659077420992,
      "max_distance_error": 0.01172316895473716,
      "mean_distance_error": 0.0004991096859496667,
      "ae_training_time_s": 22.433239221572876,
      "outer_pca_training_time_s": 0.9402861595153809
    }
  },
  "pca": {}
}