{
  "autoencoder": {
    "inner dim 17": {
      "training-mse": 3.1833257795675893e-06,
      "relative_percent_error": 3.42224243039101,
      "max_distance_error": 0.03564865575341008,
      "mean_distance_error": 0.00206587425312436,
      "ae_training_time_s": 22.503236770629883,
      "outer_pca_training_time_s": 0.9509263038635254
    }
  },
  "pca": {}
}