{
  "autoencoder": {
    "inner dim 29": {
      "training-mse": 1.7076351111897828e-07,
      "relative_percent_error": 0.8857888182510474,
      "max_distance_error": 0.007803674608435682,
      "mean_distance_error": 0.0005342654104018386,
      "ae_training_time_s": 21.204787492752075,
      "outer_pca_training_time_s": 0.8332524299621582
    }
  },
  "pca": {}
}