{
  "autoencoder": {
    "inner dim 11": {
      "training-mse": 9.163719427352762e-07,
      "relative_percent_error": 1.7834510283469,
      "max_distance_error": 0.013245419132472219,
      "mean_distance_error": 0.0011463221337877129,
      "ae_training_time_s": 21.795244932174683,
      "outer_pca_training_time_s": 0.854816198348999
    }
  },
  "pca": {}
}