{
  "autoencoder": {
    "inner dim 1": {
      "training-mse": 0.0005688300924828067,
      "relative_percent_error": 41.59455726260114,
      "max_distance_error": 0.2955888746406511,
      "mean_distance_error": 0.024567464635133606,
      "ae_training_time_s": 21.27185559272766,
      "outer_pca_training_time_s": 0.9182662963867188
    }
  },
  "pca": {}
}