{
  "autoencoder": {
    "inner dim 2": {
      "training-mse": 0.0009369441940772959,
      "relative_percent_error": 49.662601698131766,
      "max_distance_error": 0.3291968291731665,
      "mean_distance_error": 0.031639746454013934,
      "ae_training_time_s": 23.57933282852173,
      "outer_pca_training_time_s": 0.9516217708587646
    }
  },
  "pca": {}
}