{
  "autoencoder": {
    "inner dim 17": {
      "training-mse": 1.740796424197593e-07,
      "relative_percent_error": 0.8893686475515825,
      "max_distance_error": 0.008309145045352006,
      "mean_distance_error": 0.0005294678534024231,
      "ae_training_time_s": 23.014545917510986,
      "outer_pca_training_time_s": 0.929973840713501
    }
  },
  "pca": {}
}