{
  "autoencoder": {
    "inner dim 28": {
      "training-mse": 3.319523372579238e-07,
      "relative_percent_error": 1.1647188668955764,
      "max_distance_error": 0.015202337973717528,
      "mean_distance_error": 0.0007032716250297302,
      "ae_training_time_s": 21.60185432434082,
      "outer_pca_training_time_s": 0.9219789505004883
    }
  },
  "pca": {}
}