{
  "autoencoder": {
    "inner dim 15": {
      "training-mse": 1.2817838042121617e-07,
      "relative_percent_error": 0.7408712014177989,
      "max_distance_error": 0.009734122151927666,
      "mean_distance_error": 0.00044349746559789525,
      "ae_training_time_s": 21.856484413146973,
      "outer_pca_training_time_s": 1.0733771324157715
    }
  },
  "pca": {}
}