{
  "autoencoder": {
    "inner dim 17": {
      "training-mse": 7.749195018127584e-06,
      "relative_percent_error": 5.178677431013085,
      "max_distance_error": 0.054843000329331,
      "mean_distance_error": 0.0031468690629719836,
      "ae_training_time_s": 21.093156576156616,
      "outer_pca_training_time_s": 0.9248251914978027
    }
  },
  "pca": {}
}