{
  "autoencoder": {
    "inner dim 7": {
      "training-mse": 6.010090166011844e-07,
      "relative_percent_error": 1.575786699024597,
      "max_distance_error": 0.019756521439915915,
      "mean_distance_error": 0.0009428209616817034,
      "ae_training_time_s": 20.964380025863647,
      "outer_pca_training_time_s": 0.9144477844238281
    }
  },
  "pca": {}
}