{
  "autoencoder": {
    "inner dim 4": {
      "training-mse": 3.4205558159913642e-06,
      "relative_percent_error": 3.596140292771815,
      "max_distance_error": 0.03472598826957144,
      "mean_distance_error": 0.002166070459645499,
      "ae_training_time_s": 20.607701778411865,
      "outer_pca_training_time_s": 0.9316055774688721
    }
  },
  "pca": {}
}