{
  "autoencoder": {
    "inner dim 18": {
      "training-mse": 1.5816853478742276e-07,
      "relative_percent_error": 0.8568625833749219,
      "max_distance_error": 0.010806818437643332,
      "mean_distance_error": 0.0005083677241776248,
      "ae_training_time_s": 21.925038814544678,
      "outer_pca_training_time_s": 0.9497420787811279
    }
  },
  "pca": {}
}