{
  "autoencoder": {
    "inner dim 12": {
      "training-mse": 4.7256996070471724e-07,
      "relative_percent_error": 1.4188803130999101,
      "max_distance_error": 0.009757667611285764,
      "mean_distance_error": 0.0008853298119916551,
      "ae_training_time_s": 21.55486536026001,
      "outer_pca_training_time_s": 0.9258959293365479
    }
  },
  "pca": {}
}