{
  "autoencoder": {
    "inner dim 7": {
      "training-mse": 2.4896560690367624e-07,
      "relative_percent_error": 1.0116978377108845,
      "max_distance_error": 0.013898102443059565,
      "mean_distance_error": 0.0006054621615351545,
      "ae_training_time_s": 22.3666353225708,
      "outer_pca_training_time_s": 0.9085125923156738
    }
  },
  "pca": {}
}