{
  "autoencoder": {
    "inner dim 15": {
      "training-mse": 1.5114087674333173e-07,
      "relative_percent_error": 0.8468168252523686,
      "max_distance_error": 0.012623440200263535,
      "mean_distance_error": 0.000505844450282213,
      "ae_training_time_s": 22.639176845550537,
      "outer_pca_training_time_s": 0.9866166114807129
    }
  },
  "pca": {}
}