{
  "autoencoder": {
    "inner dim 18": {
      "training-mse": 1.1689167145596339e-07,
      "relative_percent_error": 0.7175146926599505,
      "max_distance_error": 0.009622162404483353,
      "mean_distance_error": 0.0004289455868670872,
      "ae_training_time_s": 21.730595350265503,
      "outer_pca_training_time_s": 0.8329102993011475
    }
  },
  "pca": {}
}