{
  "autoencoder": {
    "inner dim 27": {
      "training-mse": 1.3449508691488448e-07,
      "relative_percent_error": 0.798632818631282,
      "max_distance_error": 0.009546104798461736,
      "mean_distance_error": 0.00047844702486037614,
      "ae_training_time_s": 22.69782829284668,
      "outer_pca_training_time_s": 1.0317389965057373
    }
  },
  "pca": {}
}