{
  "autoencoder": {
    "inner dim 18": {
      "training-mse": 5.032337136371528e-06,
      "relative_percent_error": 4.221761831632769,
      "max_distance_error": 0.055030784393506525,
      "mean_distance_error": 0.002530245589860763,
      "ae_training_time_s": 21.814645290374756,
      "outer_pca_training_time_s": 0.8258049488067627
    }
  },
  "pca": {}
}