{
  "autoencoder": {
    "inner dim 2": {
      "training-mse": 5.6234968424007235e-06,
      "relative_percent_error": 4.6749911620385936,
      "max_distance_error": 0.04393082434300021,
      "mean_distance_error": 0.0028166877136062253,
      "ae_training_time_s": 56.05470299720764,
      "outer_pca_training_time_s": 0.9360349178314209
    }
  },
  "pca": {}
}