{
  "autoencoder": {
    "inner dim 7": {
      "training-mse": 7.812158008750756e-06,
      "relative_percent_error": 5.205627549002999,
      "max_distance_error": 0.055484678810303514,
      "mean_distance_error": 0.0031683905054744827,
      "ae_training_time_s": 21.010241985321045,
      "outer_pca_training_time_s": 0.8569116592407227
    }
  },
  "pca": {}
}