{
  "autoencoder": {
    "inner dim 23": {
      "training-mse": 2.130095055915814e-07,
      "relative_percent_error": 0.9484412085329488,
      "max_distance_error": 0.014171211884467464,
      "mean_distance_error": 0.0005752924311283135,
      "ae_training_time_s": 54.95364952087402,
      "outer_pca_training_time_s": 0.944939374923706
    }
  },
  "pca": {}
}