{
  "autoencoder": {
    "inner dim 16": {
      "training-mse": 0.00028016685793047887,
      "relative_percent_error": 23.658841160552708,
      "max_distance_error": 0.24460590775177793,
      "mean_distance_error": 0.014584773960267142,
      "ae_training_time_s": 21.29932427406311,
      "outer_pca_training_time_s": 0.9402704238891602
    }
  },
  "pca": {}
}