{
  "autoencoder": {
    "inner dim 14": {
      "training-mse": 2.2676885327674912e-07,
      "relative_percent_error": 0.9830156883716709,
      "max_distance_error": 0.008947117218767979,
      "mean_distance_error": 0.0006103436668192056,
      "ae_training_time_s": 22.285659551620483,
      "outer_pca_training_time_s": 2.313600778579712
    }
  },
  "pca": {}
}