{
  "autoencoder": {
    "inner dim 3": {
      "training-mse": 0.00028011936465974213,
      "relative_percent_error": 23.635618847924157,
      "max_distance_error": 0.24469954501519753,
      "mean_distance_error": 0.014580917615699334,
      "ae_training_time_s": 20.35915780067444,
      "outer_pca_training_time_s": 0.8573362827301025
    }
  },
  "pca": {}
}