{
  "autoencoder": {
    "inner dim 7": {
      "training-mse": 3.4510061472410686e-07,
      "relative_percent_error": 1.2416254931854593,
      "max_distance_error": 0.012352196509264043,
      "mean_distance_error": 0.0007458164957238654,
      "ae_training_time_s": 24.326610326766968,
      "outer_pca_training_time_s": 0.9529304504394531
    }
  },
  "pca": {}
}