{
  "autoencoder": {
    "inner dim 2": {
      "training-mse": 5.678001144735629e-06,
      "relative_percent_error": 4.617675619049046,
      "max_distance_error": 0.04567137076504601,
      "mean_distance_error": 0.0027777160764090856,
      "ae_training_time_s": 22.41993236541748,
      "outer_pca_training_time_s": 0.8453822135925293
    }
  },
  "pca": {}
}