{
  "autoencoder": {
    "inner dim 9": {
      "training-mse": 2.1433508025722397e-07,
      "relative_percent_error": 0.9497927056273212,
      "max_distance_error": 0.016838209065988482,
      "mean_distance_error": 0.0005680745808967246,
      "ae_training_time_s": 22.233453035354614,
      "outer_pca_training_time_s": 0.8204383850097656
    }
  },
  "pca": {}
}