{
  "autoencoder": {
    "inner dim 19": {
      "training-mse": 4.847477208072076e-07,
      "relative_percent_error": 1.359350170958265,
      "max_distance_error": 0.016719520740592,
      "mean_distance_error": 0.0008210189729664969,
      "ae_training_time_s": 21.922348022460938,
      "outer_pca_training_time_s": 0.9444401264190674
    }
  },
  "pca": {}
}