{
  "autoencoder": {
    "inner dim 2": {
      "training-mse": 5.661999611855009e-06,
      "relative_percent_error": 4.586792285976668,
      "max_distance_error": 0.04669069384951449,
      "mean_distance_error": 0.0027672938588929213,
      "ae_training_time_s": 22.88078212738037,
      "outer_pca_training_time_s": 1.0225658416748047
    }
  },
  "pca": {}
}