{
  "autoencoder": {
    "inner dim 21": {
      "training-mse": 5.250903560823312e-07,
      "relative_percent_error": 1.4617842000374015,
      "max_distance_error": 0.01611085517288125,
      "mean_distance_error": 0.0008758065129270235,
      "ae_training_time_s": 22.302287817001343,
      "outer_pca_training_time_s": 0.9374499320983887
    }
  },
  "pca": {}
}