{
  "autoencoder": {
    "inner dim 13": {
      "training-mse": 2.2189305066080795e-07,
      "relative_percent_error": 1.0198468112763504,
      "max_distance_error": 0.008354713929326336,
      "mean_distance_error": 0.0006147990675048655,
      "ae_training_time_s": 21.716405630111694,
      "outer_pca_training_time_s": 0.8886997699737549
    }
  },
  "pca": {}
}