{
  "autoencoder": {
    "inner dim 26": {
      "training-mse": 9.290398978343297e-08,
      "relative_percent_error": 0.6432647401670689,
      "max_distance_error": 0.00836622990283811,
      "mean_distance_error": 0.00038479886678621366,
      "ae_training_time_s": 21.007102012634277,
      "outer_pca_training_time_s": 0.8157641887664795
    }
  },
  "pca": {}
}