{
  "autoencoder": {
    "inner dim 9": {
      "training-mse": 2.5296438994068514e-07,
      "relative_percent_error": 1.0745681893136738,
      "max_distance_error": 0.011723920775736698,
      "mean_distance_error": 0.000641620133825342,
      "ae_training_time_s": 20.307987928390503,
      "outer_pca_training_time_s": 0.9311347007751465
    }
  },
  "pca": {}
}