{
  "autoencoder": {
    "inner dim 18": {
      "training-mse": 1.44145493969028e-07,
      "relative_percent_error": 0.8269848813406236,
      "max_distance_error": 0.010060544293707672,
      "mean_distance_error": 0.0004980175026522062,
      "ae_training_time_s": 21.369203805923462,
      "outer_pca_training_time_s": 0.9310648441314697
    }
  },
  "pca": {}
}