{
  "autoencoder": {
    "inner dim 8": {
      "training-mse": 2.599118467943677e-07,
      "relative_percent_error": 1.0729854657739641,
      "max_distance_error": 0.01577580130416425,
      "mean_distance_error": 0.0006422947366496698,
      "ae_training_time_s": 20.810233116149902,
      "outer_pca_training_time_s": 0.933645486831665
    }
  },
  "pca": {}
}