{
  "autoencoder": {
    "inner dim 10": {
      "training-mse": 5.472848699758055e-07,
      "relative_percent_error": 1.5040806208745456,
      "max_distance_error": 0.015388023163764654,
      "mean_distance_error": 0.0008983951340012431,
      "ae_training_time_s": 21.5200355052948,
      "outer_pca_training_time_s": 0.9099371433258057
    }
  },
  "pca": {}
}