{
  "autoencoder": {
    "inner dim 27": {
      "training-mse": 2.7525996859856714e-07,
      "relative_percent_error": 1.0258895666113859,
      "max_distance_error": 0.0158797850131228,
      "mean_distance_error": 0.0006204742255826012,
      "ae_training_time_s": 20.971014738082886,
      "outer_pca_training_time_s": 0.9059081077575684
    }
  },
  "pca": {}
}