{
  "autoencoder": {
    "inner dim 4": {
      "training-mse": 2.081160347908119e-06,
      "relative_percent_error": 2.7982550675137032,
      "max_distance_error": 0.03273934595028949,
      "mean_distance_error": 0.0016833282118843137,
      "ae_training_time_s": 21.59340476989746,
      "outer_pca_training_time_s": 0.9066586494445801
    }
  },
  "pca": {}
}