{
  "autoencoder": {
    "inner dim 16": {
      "training-mse": 2.322685040932514e-07,
      "relative_percent_error": 1.008025146422091,
      "max_distance_error": 0.013565786609881588,
      "mean_distance_error": 0.0006059940874429316,
      "ae_training_time_s": 23.13067626953125,
      "outer_pca_training_time_s": 0.9141426086425781
    }
  },
  "pca": {}
}