{
  "autoencoder": {
    "inner dim 11": {
      "training-mse": 2.7051718542466973e-07,
      "relative_percent_error": 1.1416147265622534,
      "max_distance_error": 0.01286072018862004,
      "mean_distance_error": 0.0006754282820774544,
      "ae_training_time_s": 22.54709529876709,
      "outer_pca_training_time_s": 0.9521546363830566
    }
  },
  "pca": {}
}