{
  "autoencoder": {
    "inner dim 29": {
      "training-mse": 1.1859759464340637e-06,
      "relative_percent_error": 2.165403355011164,
      "max_distance_error": 0.01948643910780787,
      "mean_distance_error": 0.0013220338721400056,
      "ae_training_time_s": 21.259225130081177,
      "outer_pca_training_time_s": 0.8129701614379883
    }
  },
  "pca": {}
}