{
  "autoencoder": {
    "inner dim 30": {
      "training-mse": 1.5486086804577331e-07,
      "relative_percent_error": 0.8380866696308288,
      "max_distance_error": 0.008917475830563093,
      "mean_distance_error": 0.0005013169482081214,
      "ae_training_time_s": 21.190778017044067,
      "outer_pca_training_time_s": 0.8636980056762695
    }
  },
  "pca": {}
}