{
  "autoencoder": {
    "inner dim 8": {
      "training-mse": 3.8198942938712263e-07,
      "relative_percent_error": 1.2515738122447038,
      "max_distance_error": 0.015887361937270052,
      "mean_distance_error": 0.0007637349385052747,
      "ae_training_time_s": 21.12166452407837,
      "outer_pca_training_time_s": 0.9367494583129883
    }
  },
  "pca": {}
}