{
  "autoencoder": {
    "inner dim 2": {
      "training-mse": 5.7206002859618415e-06,
      "relative_percent_error": 4.615192056590578,
      "max_distance_error": 0.04470649738754302,
      "mean_distance_error": 0.002796947697845675,
      "ae_training_time_s": 23.641947031021118,
      "outer_pca_training_time_s": 0.9489672183990479
    }
  },
  "pca": {}
}