{
  "autoencoder": {
    "inner dim 8": {
      "training-mse": 5.136014579220228e-07,
      "relative_percent_error": 1.5011935679751742,
      "max_distance_error": 0.013817533465007347,
      "mean_distance_error": 0.0009039366442567865,
      "ae_training_time_s": 22.57136583328247,
      "outer_pca_training_time_s": 0.9454472064971924
    }
  },
  "pca": {}
}