{
  "autoencoder": {
    "inner dim 16": {
      "training-mse": 1.768734475861386e-07,
      "relative_percent_error": 0.9032898814737238,
      "max_distance_error": 0.01146383435150441,
      "mean_distance_error": 0.0005413694819276488,
      "ae_training_time_s": 22.24704384803772,
      "outer_pca_training_time_s": 0.8788356781005859
    }
  },
  "pca": {}
}