{
  "autoencoder": {
    "inner dim 30": {
      "training-mse": 1.2108282561718682e-07,
      "relative_percent_error": 0.7444610397675819,
      "max_distance_error": 0.009002761358270783,
      "mean_distance_error": 0.00045159103164369834,
      "ae_training_time_s": 22.300827264785767,
      "outer_pca_training_time_s": 0.9413282871246338
    }
  },
  "pca": {}
}