{
  "autoencoder": {
    "inner dim 15": {
      "training-mse": 0.0009369322900868281,
      "relative_percent_error": 49.68337507840118,
      "max_distance_error": 0.3292025723266924,
      "mean_distance_error": 0.03163970761674074,
      "ae_training_time_s": 21.914369106292725,
      "outer_pca_training_time_s": 0.9121534824371338
    }
  },
  "pca": {}
}