{
  "autoencoder": {
    "inner dim 15": {
      "training-mse": 7.394285881568612e-07,
      "relative_percent_error": 1.5994163793673029,
      "max_distance_error": 0.01964799527579454,
      "mean_distance_error": 0.0009690486996288603,
      "ae_training_time_s": 21.462711811065674,
      "outer_pca_training_time_s": 0.9218463897705078
    }
  },
  "pca": {}
}