{
  "autoencoder": {
    "inner dim 7": {
      "training-mse": 0.0009369340902039777,
      "relative_percent_error": 49.68624638205873,
      "max_distance_error": 0.32919789947573247,
      "mean_distance_error": 0.03163972584364063,
      "ae_training_time_s": 20.595262050628662,
      "outer_pca_training_time_s": 0.9032466411590576
    }
  },
  "pca": {}
}