{
  "autoencoder": {
    "inner dim 16": {
      "training-mse": 2.8620970710092563e-07,
      "relative_percent_error": 1.1032338166792022,
      "max_distance_error": 0.013287250148354511,
      "mean_distance_error": 0.0006774452065248331,
      "ae_training_time_s": 24.329549312591553,
      "outer_pca_training_time_s": 0.8950850963592529
    }
  },
  "pca": {}
}