{
  "autoencoder": {
    "inner dim 3": {
      "training-mse": 0.0002822279031569106,
      "relative_percent_error": 23.939723981270454,
      "max_distance_error": 0.24497500975388964,
      "mean_distance_error": 0.014783545086414093,
      "ae_training_time_s": 22.591315269470215,
      "outer_pca_training_time_s": 0.9430837631225586
    }
  },
  "pca": {}
}