{
  "autoencoder": {
    "inner dim 28": {
      "training-mse": 1.1384549102697432e-05,
      "relative_percent_error": 6.182801349648996,
      "max_distance_error": 0.05701059107372756,
      "mean_distance_error": 0.0037856314806450297,
      "ae_training_time_s": 20.313111782073975,
      "outer_pca_training_time_s": 0.8742067813873291
    }
  },
  "pca": {}
}