{
  "autoencoder": {
    "inner dim 27": {
      "training-mse": 1.6302993288167587e-07,
      "relative_percent_error": 0.85225889097845,
      "max_distance_error": 0.01110473490125448,
      "mean_distance_error": 0.0005111718422612835,
      "ae_training_time_s": 22.815452098846436,
      "outer_pca_training_time_s": 0.9071307182312012
    }
  },
  "pca": {}
}