{
  "autoencoder": {
    "inner dim 15": {
      "training-mse": 1.2969021638519454e-07,
      "relative_percent_error": 0.7612115526833579,
      "max_distance_error": 0.011504965902454835,
      "mean_distance_error": 0.0004555394561477477,
      "ae_training_time_s": 22.30049705505371,
      "outer_pca_training_time_s": 0.9396936893463135
    }
  },
  "pca": {}
}