{
  "autoencoder": {
    "inner dim 16": {
      "training-mse": 3.1130979843603526e-06,
      "relative_percent_error": 3.3453640315059743,
      "max_distance_error": 0.0348505074005339,
      "mean_distance_error": 0.0020259751090660793,
      "ae_training_time_s": 54.68748712539673,
      "outer_pca_training_time_s": 0.833765983581543
    }
  },
  "pca": {}
}