{
  "autoencoder": {
    "inner dim 14": {
      "training-mse": 5.339926969980992e-07,
      "relative_percent_error": 1.4987362405060618,
      "max_distance_error": 0.009451987481062163,
      "mean_distance_error": 0.0009130481953896065,
      "ae_training_time_s": 21.61894202232361,
      "outer_pca_training_time_s": 0.9187023639678955
    }
  },
  "pca": {}
}