{
  "autoencoder": {
    "inner dim 16": {
      "training-mse": 1.1524961101904905e-05,
      "relative_percent_error": 6.241533788687989,
      "max_distance_error": 0.05685225022680396,
      "mean_distance_error": 0.003825057182177038,
      "ae_training_time_s": 21.699841737747192,
      "outer_pca_training_time_s": 0.9240493774414062
    }
  },
  "pca": {}
}