{
  "autoencoder": {
    "inner dim 17": {
      "training-mse": 1.1381807652015415e-05,
      "relative_percent_error": 6.174407048696991,
      "max_distance_error": 0.057041017763863965,
      "mean_distance_error": 0.003783795584116264,
      "ae_training_time_s": 22.117055654525757,
      "outer_pca_training_time_s": 0.883962869644165
    }
  },
  "pca": {}
}