{
  "autoencoder": {
    "inner dim 29": {
      "training-mse": 2.590358167783345e-07,
      "relative_percent_error": 1.0027711533948962,
      "max_distance_error": 0.016263104631032782,
      "mean_distance_error": 0.0006066688612769108,
      "ae_training_time_s": 20.51733660697937,
      "outer_pca_training_time_s": 0.867450475692749
    }
  },
  "pca": {}
}