{
  "autoencoder": {
    "inner dim 12": {
      "training-mse": 1.7110388191287214e-07,
      "relative_percent_error": 0.861923838772703,
      "max_distance_error": 0.011016450008375497,
      "mean_distance_error": 0.0005161333491227946,
      "ae_training_time_s": 26.12291979789734,
      "outer_pca_training_time_s": 0.9757983684539795
    }
  },
  "pca": {}
}