{
  "autoencoder": {
    "inner dim 2": {
      "training-mse": 5.556714125769232e-06,
      "relative_percent_error": 4.574651151988487,
      "max_distance_error": 0.046095763184351206,
      "mean_distance_error": 0.0027648887773776545,
      "ae_training_time_s": 21.759318590164185,
      "outer_pca_training_time_s": 1.047487735748291
    }
  },
  "pca": {}
}