{
  "autoencoder": {
    "inner dim 17": {
      "training-mse": 1.8704125121232453e-07,
      "relative_percent_error": 0.8888262648978803,
      "max_distance_error": 0.01472686889926637,
      "mean_distance_error": 0.0005403717518856425,
      "ae_training_time_s": 22.605719804763794,
      "outer_pca_training_time_s": 1.0400428771972656
    }
  },
  "pca": {}
}