{
  "autoencoder": {
    "inner dim 23": {
      "training-mse": 1.1773468998344482e-07,
      "relative_percent_error": 0.7327376793766407,
      "max_distance_error": 0.006685739938895523,
      "mean_distance_error": 0.00043962260379614733,
      "ae_training_time_s": 20.91465139389038,
      "outer_pca_training_time_s": 0.9344229698181152
    }
  },
  "pca": {}
}