{
  "autoencoder": {
    "inner dim 28": {
      "training-mse": 1.2610156047581167e-07,
      "relative_percent_error": 0.7390913176716823,
      "max_distance_error": 0.008203285799079595,
      "mean_distance_error": 0.0004426484290632124,
      "ae_training_time_s": 21.574514150619507,
      "outer_pca_training_time_s": 0.8753728866577148
    }
  },
  "pca": {}
}