{
  "autoencoder": {
    "inner dim 8": {
      "training-mse": 2.396777104517383e-07,
      "relative_percent_error": 0.9921845015221736,
      "max_distance_error": 0.011416000887326425,
      "mean_distance_error": 0.0005915680890953369,
      "ae_training_time_s": 22.123421907424927,
      "outer_pca_training_time_s": 0.8819105625152588
    }
  },
  "pca": {}
}