{
  "autoencoder": {
    "inner dim 14": {
      "training-mse": 2.9746988281042643e-07,
      "relative_percent_error": 1.1125113300421752,
      "max_distance_error": 0.01616119784802796,
      "mean_distance_error": 0.0006700278998046056,
      "ae_training_time_s": 22.024255990982056,
      "outer_pca_training_time_s": 0.9498593807220459
    }
  },
  "pca": {}
}