{
  "autoencoder": {
    "inner dim 28": {
      "training-mse": 1.416104292591488e-07,
      "relative_percent_error": 0.820234169458602,
      "max_distance_error": 0.008563301642576591,
      "mean_distance_error": 0.0004894658565717814,
      "ae_training_time_s": 20.64198589324951,
      "outer_pca_training_time_s": 0.8582992553710938
    }
  },
  "pca": {}
}