{
  "autoencoder": {
    "inner dim 17": {
      "training-mse": 1.5727250184094828e-07,
      "relative_percent_error": 0.8415245930656045,
      "max_distance_error": 0.008379298762102085,
      "mean_distance_error": 0.0005097323188208386,
      "ae_training_time_s": 22.170512676239014,
      "outer_pca_training_time_s": 0.9383687973022461
    }
  },
  "pca": {}
}