{
  "autoencoder": {
    "inner dim 10": {
      "training-mse": 2.2800963869691385e-07,
      "relative_percent_error": 1.0071775435206443,
      "max_distance_error": 0.01409487271787337,
      "mean_distance_error": 0.0006033923875534634,
      "ae_training_time_s": 21.696588277816772,
      "outer_pca_training_time_s": 0.9457387924194336
    }
  },
  "pca": {}
}