{
  "autoencoder": {
    "inner dim 6": {
      "training-mse": 5.15015045322923e-07,
      "relative_percent_error": 1.501326676874036,
      "max_distance_error": 0.015440444036478183,
      "mean_distance_error": 0.0009144911049520771,
      "ae_training_time_s": 25.304011821746826,
      "outer_pca_training_time_s": 0.9838178157806396
    }
  },
  "pca": {}
}