{
  "autoencoder": {
    "inner dim 27": {
      "training-mse": 7.512670578930104e-07,
      "relative_percent_error": 1.6369774037495837,
      "max_distance_error": 0.020635430335344405,
      "mean_distance_error": 0.0009909172691414847,
      "ae_training_time_s": 20.215449571609497,
      "outer_pca_training_time_s": 0.8305575847625732
    }
  },
  "pca": {}
}