{
  "autoencoder": {
    "inner dim 16": {
      "training-mse": 1.868175534220028e-06,
      "relative_percent_error": 2.5591799827063033,
      "max_distance_error": 0.026004025820402326,
      "mean_distance_error": 0.0015720357171392198,
      "ae_training_time_s": 22.078317880630493,
      "outer_pca_training_time_s": 0.9700915813446045
    }
  },
  "pca": {}
}