{
  "autoencoder": {
    "inner dim 6": {
      "training-mse": 5.830435974920242e-07,
      "relative_percent_error": 1.6113008976960055,
      "max_distance_error": 0.012727419324907233,
      "mean_distance_error": 0.0009514129301643212,
      "ae_training_time_s": 22.813724517822266,
      "outer_pca_training_time_s": 1.0301120281219482
    }
  },
  "pca": {}
}