{
  "autoencoder": {
    "inner dim 27": {
      "training-mse": 1.908396400950437e-06,
      "relative_percent_error": 2.614918938026507,
      "max_distance_error": 0.026378487697064728,
      "mean_distance_error": 0.0015985761930401522,
      "ae_training_time_s": 23.88299250602722,
      "outer_pca_training_time_s": 0.9726896286010742
    }
  },
  "pca": {}
}