{
  "autoencoder": {
    "inner dim 6": {
      "training-mse": 3.059349900748037e-07,
      "relative_percent_error": 1.1345406403547176,
      "max_distance_error": 0.015598321524578867,
      "mean_distance_error": 0.0006805887102471816,
      "ae_training_time_s": 21.920416355133057,
      "outer_pca_training_time_s": 0.9132933616638184
    }
  },
  "pca": {}
}