{
  "autoencoder": {
    "inner dim 24": {
      "training-mse": 2.5922921033014027e-07,
      "relative_percent_error": 1.111191981151718,
      "max_distance_error": 0.009773847452758578,
      "mean_distance_error": 0.000654835524836125,
      "ae_training_time_s": 21.795915603637695,
      "outer_pca_training_time_s": 0.9533126354217529
    }
  },
  "pca": {}
}