{
  "autoencoder": {
    "inner dim 26": {
      "training-mse": 7.98074170828346e-06,
      "relative_percent_error": 5.288247006458788,
      "max_distance_error": 0.05518460453977498,
      "mean_distance_error": 0.0032160860516694126,
      "ae_training_time_s": 20.47291398048401,
      "outer_pca_training_time_s": 0.8250808715820312
    }
  },
  "pca": {}
}