{
  "autoencoder": {
    "inner dim 18": {
      "training-mse": 1.1520071696057605e-07,
      "relative_percent_error": 0.7154726693214326,
      "max_distance_error": 0.008065030601852062,
      "mean_distance_error": 0.0004304810417887832,
      "ae_training_time_s": 22.940409898757935,
      "outer_pca_training_time_s": 0.9447786808013916
    }
  },
  "pca": {}
}