{
  "autoencoder": {
    "inner dim 9": {
      "training-mse": 2.5667555481560597e-07,
      "relative_percent_error": 1.0661515894080198,
      "max_distance_error": 0.012572381138102388,
      "mean_distance_error": 0.0006374791067444679,
      "ae_training_time_s": 22.709357023239136,
      "outer_pca_training_time_s": 0.8616786003112793
    }
  },
  "pca": {}
}