{
  "autoencoder": {
    "inner dim 16": {
      "training-mse": 2.5118319873730826e-07,
      "relative_percent_error": 1.0477442486083421,
      "max_distance_error": 0.010104272793702424,
      "mean_distance_error": 0.0006342556224970216,
      "ae_training_time_s": 22.3576877117157,
      "outer_pca_training_time_s": 0.9698517322540283
    }
  },
  "pca": {}
}