{
  "autoencoder": {
    "inner dim 26": {
      "training-mse": 1.1826743019100659e-07,
      "relative_percent_error": 0.7260560127991579,
      "max_distance_error": 0.0077221937658748085,
      "mean_distance_error": 0.0004365879875769231,
      "ae_training_time_s": 20.595402002334595,
      "outer_pca_training_time_s": 0.8439955711364746
    }
  },
  "pca": {}
}