{
  "autoencoder": {
    "inner dim 12": {
      "training-mse": 2.659667744685146e-07,
      "relative_percent_error": 1.0765021717670207,
      "max_distance_error": 0.01182917445070061,
      "mean_distance_error": 0.000653080861381039,
      "ae_training_time_s": 20.894193649291992,
      "outer_pca_training_time_s": 0.8687632083892822
    }
  },
  "pca": {}
}