{
  "autoencoder": {
    "inner dim 19": {
      "training-mse": 5.612321200710062e-07,
      "relative_percent_error": 1.498807128434802,
      "max_distance_error": 0.017097848552856443,
      "mean_distance_error": 0.0009065236259780088,
      "ae_training_time_s": 22.3968186378479,
      "outer_pca_training_time_s": 0.9024665355682373
    }
  },
  "pca": {}
}