{
  "autoencoder": {
    "inner dim 15": {
      "training-mse": 1.3606270612965802e-07,
      "relative_percent_error": 0.781992595260218,
      "max_distance_error": 0.0086709247504854,
      "mean_distance_error": 0.0004683358812573215,
      "ae_training_time_s": 22.81060218811035,
      "outer_pca_training_time_s": 0.949462890625
    }
  },
  "pca": {}
}