{
  "autoencoder": {
    "inner dim 2": {
      "training-mse": 5.575969530181004e-06,
      "relative_percent_error": 4.544150212728582,
      "max_distance_error": 0.04545273445601405,
      "mean_distance_error": 0.0027415844544005754,
      "ae_training_time_s": 23.40729808807373,
      "outer_pca_training_time_s": 0.9602813720703125
    }
  },
  "pca": {}
}