{
  "autoencoder": {
    "inner dim 27": {
      "training-mse": 1.036908434635085e-07,
      "relative_percent_error": 0.6927437712546596,
      "max_distance_error": 0.00686495982024278,
      "mean_distance_error": 0.0004138283474111036,
      "ae_training_time_s": 21.773930311203003,
      "outer_pca_training_time_s": 0.8577837944030762
    }
  },
  "pca": {}
}