{
  "autoencoder": {
    "inner dim 16": {
      "training-mse": 1.3330840750581754e-07,
      "relative_percent_error": 0.7641699052649632,
      "max_distance_error": 0.011070882543306921,
      "mean_distance_error": 0.0004571379202636872,
      "ae_training_time_s": 22.571492195129395,
      "outer_pca_training_time_s": 0.9118609428405762
    }
  },
  "pca": {}
}