{
  "autoencoder": {
    "inner dim 3": {
      "training-mse": 3.2233368409432224e-06,
      "relative_percent_error": 3.240741850563805,
      "max_distance_error": 0.04461499334268627,
      "mean_distance_error": 0.0019410320389983708,
      "ae_training_time_s": 21.811627626419067,
      "outer_pca_training_time_s": 0.945068359375
    }
  },
  "pca": {}
}