{
  "autoencoder": {
    "inner dim 9": {
      "training-mse": 1.0792442925055959e-07,
      "relative_percent_error": 0.6529685838057034,
      "max_distance_error": 0.012338562123558793,
      "mean_distance_error": 0.000391988870850066,
      "ae_training_time_s": 54.364190101623535,
      "outer_pca_training_time_s": 0.9195361137390137
    }
  },
  "pca": {}
}