{
  "autoencoder": {
    "inner dim 26": {
      "training-mse": 1.305532988233058e-07,
      "relative_percent_error": 0.7841925167385536,
      "max_distance_error": 0.008168225154393643,
      "mean_distance_error": 0.00046772600711934793,
      "ae_training_time_s": 21.73522686958313,
      "outer_pca_training_time_s": 0.9314556121826172
    }
  },
  "pca": {}
}