{
  "autoencoder": {
    "inner dim 3": {
      "training-mse": 3.7033719293140376e-06,
      "relative_percent_error": 3.6652310210677945,
      "max_distance_error": 0.04301997946843836,
      "mean_distance_error": 0.0022217684410737733,
      "ae_training_time_s": 21.073696613311768,
      "outer_pca_training_time_s": 0.8562455177307129
    }
  },
  "pca": {}
}