{
  "autoencoder": {
    "inner dim 18": {
      "training-mse": 0.0002801772205588954,
      "relative_percent_error": 23.624381640277264,
      "max_distance_error": 0.24475753580535264,
      "mean_distance_error": 0.0145875933378866,
      "ae_training_time_s": 21.37257146835327,
      "outer_pca_training_time_s": 0.9195072650909424
    }
  },
  "pca": {}
}