{
  "autoencoder": {
    "inner dim 22": {
      "training-mse": 1.4759214359503493e-07,
      "relative_percent_error": 0.8226330554586336,
      "max_distance_error": 0.010765179037534555,
      "mean_distance_error": 0.0004931750808715088,
      "ae_training_time_s": 22.65604567527771,
      "outer_pca_training_time_s": 0.9449887275695801
    }
  },
  "pca": {}
}