{
  "autoencoder": {
    "inner dim 27": {
      "training-mse": 3.1323481656304186e-07,
      "relative_percent_error": 1.15939694376276,
      "max_distance_error": 0.009820240027091523,
      "mean_distance_error": 0.0006928691428414607,
      "ae_training_time_s": 20.782926082611084,
      "outer_pca_training_time_s": 0.9880311489105225
    }
  },
  "pca": {}
}