{
  "autoencoder": {
    "inner dim 26": {
      "training-mse": 1.245690187643462e-07,
      "relative_percent_error": 0.7517140483299963,
      "max_distance_error": 0.007723136175854541,
      "mean_distance_error": 0.0004524390934643235,
      "ae_training_time_s": 20.1941180229187,
      "outer_pca_training_time_s": 0.9585177898406982
    }
  },
  "pca": {}
}