{
  "autoencoder": {
    "inner dim 12": {
      "training-mse": 2.6530853580889187e-07,
      "relative_percent_error": 1.092333916869758,
      "max_distance_error": 0.009412729249112281,
      "mean_distance_error": 0.0006572009035130553,
      "ae_training_time_s": 21.830666542053223,
      "outer_pca_training_time_s": 0.8570873737335205
    }
  },
  "pca": {}
}