{
  "autoencoder": {
    "inner dim 10": {
      "training-mse": 0.00028013832724640937,
      "relative_percent_error": 23.64240136247866,
      "max_distance_error": 0.24469564775875788,
      "mean_distance_error": 0.014584233531401121,
      "ae_training_time_s": 22.415626525878906,
      "outer_pca_training_time_s": 0.9338080883026123
    }
  },
  "pca": {}
}