{
  "autoencoder": {
    "inner dim 30": {
      "training-mse": 1.4787007816614202e-07,
      "relative_percent_error": 0.8214223898226873,
      "max_distance_error": 0.009022618808988211,
      "mean_distance_error": 0.000500362163358943,
      "ae_training_time_s": 20.908427238464355,
      "outer_pca_training_time_s": 0.8465301990509033
    }
  },
  "pca": {}
}