{
  "autoencoder": {
    "inner dim 15": {
      "training-mse": 2.442990847251787e-07,
      "relative_percent_error": 1.071743137348287,
      "max_distance_error": 0.009088681670194445,
      "mean_distance_error": 0.0006397344468850651,
      "ae_training_time_s": 21.98458743095398,
      "outer_pca_training_time_s": 0.9350457191467285
    }
  },
  "pca": {}
}