{
  "autoencoder": {
    "inner dim 9": {
      "training-mse": 1.32199140196618e-07,
      "relative_percent_error": 0.7957546760514278,
      "max_distance_error": 0.011044028801967141,
      "mean_distance_error": 0.0004791310068723305,
      "ae_training_time_s": 54.27852988243103,
      "outer_pca_training_time_s": 0.9739346504211426
    }
  },
  "pca": {}
}