{
  "autoencoder": {
    "inner dim 21": {
      "training-mse": 2.167985201914989e-07,
      "relative_percent_error": 1.0004431926861688,
      "max_distance_error": 0.011100245267948044,
      "mean_distance_error": 0.0006029281778313519,
      "ae_training_time_s": 22.327677249908447,
      "outer_pca_training_time_s": 0.953850269317627
    }
  },
  "pca": {}
}