{
  "autoencoder": {
    "inner dim 1": {
      "training-mse": 0.0004308216578130621,
      "relative_percent_error": 38.720692436306145,
      "max_distance_error": 0.291446436166078,
      "mean_distance_error": 0.022971381968195283,
      "ae_training_time_s": 21.763794898986816,
      "outer_pca_training_time_s": 0.9009530544281006
    }
  },
  "pca": {}
}