{
  "autoencoder": {
    "inner dim 13": {
      "training-mse": 1.1149862878210289e-06,
      "relative_percent_error": 1.9734340124857652,
      "max_distance_error": 0.02640464964102887,
      "mean_distance_error": 0.00120567114434142,
      "ae_training_time_s": 22.218644380569458,
      "outer_pca_training_time_s": 0.9256560802459717
    }
  },
  "pca": {}
}