{
  "autoencoder": {
    "inner dim 27": {
      "training-mse": 1.0097815769174646e-07,
      "relative_percent_error": 0.673437893422145,
      "max_distance_error": 0.008022984741461868,
      "mean_distance_error": 0.00040250530710847515,
      "ae_training_time_s": 20.8221697807312,
      "outer_pca_training_time_s": 0.9075336456298828
    }
  },
  "pca": {}
}