{
  "autoencoder": {
    "inner dim 26": {
      "training-mse": 3.136351124494995e-06,
      "relative_percent_error": 3.3602861711676466,
      "max_distance_error": 0.03470867011922675,
      "mean_distance_error": 0.0020353478847124655,
      "ae_training_time_s": 21.347456216812134,
      "outer_pca_training_time_s": 0.8953554630279541
    }
  },
  "pca": {}
}