{
  "autoencoder": {
    "inner dim 12": {
      "training-mse": 2.0814231652581785e-07,
      "relative_percent_error": 0.9301010871384259,
      "max_distance_error": 0.013137278598551433,
      "mean_distance_error": 0.0005589489747761316,
      "ae_training_time_s": 21.989312648773193,
      "outer_pca_training_time_s": 0.9395551681518555
    }
  },
  "pca": {}
}