{
  "autoencoder": {
    "inner dim 17": {
      "training-mse": 1.9284348132514998e-07,
      "relative_percent_error": 0.9475882318902781,
      "max_distance_error": 0.008425068247174676,
      "mean_distance_error": 0.0005562314444980388,
      "ae_training_time_s": 21.28439450263977,
      "outer_pca_training_time_s": 0.9447605609893799
    }
  },
  "pca": {}
}