{
  "autoencoder": {
    "inner dim 27": {
      "training-mse": 1.873970101810628e-07,
      "relative_percent_error": 0.8930865147247127,
      "max_distance_error": 0.011809397383175609,
      "mean_distance_error": 0.0005398610972077584,
      "ae_training_time_s": 20.945409536361694,
      "outer_pca_training_time_s": 1.029188871383667
    }
  },
  "pca": {}
}