{
  "autoencoder": {
    "inner dim 30": {
      "training-mse": 3.1868894418507214e-06,
      "relative_percent_error": 3.424453082435093,
      "max_distance_error": 0.03523379658771588,
      "mean_distance_error": 0.002068229214050939,
      "ae_training_time_s": 20.426818370819092,
      "outer_pca_training_time_s": 0.813697099685669
    }
  },
  "pca": {}
}