{
  "autoencoder": {
    "inner dim 30": {
      "training-mse": 1.0075043587317395e-07,
      "relative_percent_error": 0.6785477175912968,
      "max_distance_error": 0.009353170917697787,
      "mean_distance_error": 0.0004063548099618137,
      "ae_training_time_s": 22.744483709335327,
      "outer_pca_training_time_s": 0.9601190090179443
    }
  },
  "pca": {}
}