{
  "autoencoder": {
    "inner dim 7": {
      "training-mse": 1.9609288704704518e-07,
      "relative_percent_error": 0.8926795528598078,
      "max_distance_error": 0.013185123950344034,
      "mean_distance_error": 0.0005343815858895475,
      "ae_training_time_s": 20.88693618774414,
      "outer_pca_training_time_s": 0.9432895183563232
    }
  },
  "pca": {}
}