{
  "autoencoder": {
    "inner dim 30": {
      "training-mse": 7.140840419537107e-07,
      "relative_percent_error": 1.5612243235854013,
      "max_distance_error": 0.01956338482031713,
      "mean_distance_error": 0.0009461029711356229,
      "ae_training_time_s": 21.44718289375305,
      "outer_pca_training_time_s": 0.8640871047973633
    }
  },
  "pca": {}
}