{
  "autoencoder": {
    "inner dim 8": {
      "training-mse": 4.151674237797272e-07,
      "relative_percent_error": 1.3414483294241004,
      "max_distance_error": 0.01349696076907726,
      "mean_distance_error": 0.0007996512316973344,
      "ae_training_time_s": 25.048980951309204,
      "outer_pca_training_time_s": 0.9512948989868164
    }
  },
  "pca": {}
}