{
  "autoencoder": {
    "inner dim 7": {
      "training-mse": 3.5482265216235825e-07,
      "relative_percent_error": 1.2588073517648672,
      "max_distance_error": 0.011491963342755037,
      "mean_distance_error": 0.0007577428733034262,
      "ae_training_time_s": 55.81168746948242,
      "outer_pca_training_time_s": 0.8854231834411621
    }
  },
  "pca": {}
}