{
  "autoencoder": {
    "inner dim 27": {
      "training-mse": 1.420860901718833e-07,
      "relative_percent_error": 0.7798383820947115,
      "max_distance_error": 0.011388216630017501,
      "mean_distance_error": 0.0004692358146664788,
      "ae_training_time_s": 21.299962043762207,
      "outer_pca_training_time_s": 0.9489374160766602
    }
  },
  "pca": {}
}