{
  "autoencoder": {
    "inner dim 21": {
      "training-mse": 1.1595350757623403e-07,
      "relative_percent_error": 0.730273870750015,
      "max_distance_error": 0.009291597242305433,
      "mean_distance_error": 0.00043789941495221924,
      "ae_training_time_s": 22.416520595550537,
      "outer_pca_training_time_s": 0.9217214584350586
    }
  },
  "pca": {}
}