{
  "autoencoder": {
    "inner dim 23": {
      "training-mse": 1.271628726585817e-07,
      "relative_percent_error": 0.7763468994515779,
      "max_distance_error": 0.00846779234471097,
      "mean_distance_error": 0.0004615042315153009,
      "ae_training_time_s": 22.386120080947876,
      "outer_pca_training_time_s": 0.8995518684387207
    }
  },
  "pca": {}
}