{
  "autoencoder": {
    "inner dim 8": {
      "training-mse": 5.302857163593767e-07,
      "relative_percent_error": 1.4415396253074007,
      "max_distance_error": 0.017436555634276686,
      "mean_distance_error": 0.0008635135949516977,
      "ae_training_time_s": 21.16875648498535,
      "outer_pca_training_time_s": 0.8409371376037598
    }
  },
  "pca": {}
}