{
  "autoencoder": {
    "inner dim 10": {
      "training-mse": 1.738206167085516e-07,
      "relative_percent_error": 0.846510853097297,
      "max_distance_error": 0.013695209805908793,
      "mean_distance_error": 0.0005061261498376539,
      "ae_training_time_s": 25.683632373809814,
      "outer_pca_training_time_s": 0.9075419902801514
    }
  },
  "pca": {}
}