{
  "autoencoder": {
    "inner dim 16": {
      "training-mse": 1.457775458499997e-07,
      "relative_percent_error": 0.8118079149608933,
      "max_distance_error": 0.009861976300625009,
      "mean_distance_error": 0.00048625931281004887,
      "ae_training_time_s": 22.423164129257202,
      "outer_pca_training_time_s": 0.8425071239471436
    }
  },
  "pca": {}
}