{
  "autoencoder": {
    "inner dim 16": {
      "training-mse": 0.00028030464854382893,
      "relative_percent_error": 23.627909533933753,
      "max_distance_error": 0.24490327547667642,
      "mean_distance_error": 0.01460009808173764,
      "ae_training_time_s": 22.458688974380493,
      "outer_pca_training_time_s": 0.899350643157959
    }
  },
  "pca": {}
}