{
  "autoencoder": {
    "inner dim 12": {
      "training-mse": 0.0002802770780677667,
      "relative_percent_error": 23.710019034780437,
      "max_distance_error": 0.24462892798783617,
      "mean_distance_error": 0.014596473357134428,
      "ae_training_time_s": 22.163974285125732,
      "outer_pca_training_time_s": 0.9264006614685059
    }
  },
  "pca": {}
}