{
  "autoencoder": {
    "inner dim 18": {
      "training-mse": 1.7196688143585074e-07,
      "relative_percent_error": 0.8764527945951799,
      "max_distance_error": 0.010883294345117601,
      "mean_distance_error": 0.0005285758546493539,
      "ae_training_time_s": 21.319541215896606,
      "outer_pca_training_time_s": 0.8638968467712402
    }
  },
  "pca": {}
}