{
  "autoencoder": {
    "inner dim 5": {
      "training-mse": 5.1095596263756126e-06,
      "relative_percent_error": 4.237986985246726,
      "max_distance_error": 0.056635789677942645,
      "mean_distance_error": 0.002542412249204381,
      "ae_training_time_s": 21.419410705566406,
      "outer_pca_training_time_s": 0.8403360843658447
    }
  },
  "pca": {}
}