{
  "autoencoder": {
    "inner dim 7": {
      "training-mse": 1.1648661800152695e-06,
      "relative_percent_error": 2.040604995029984,
      "max_distance_error": 0.02611689466261353,
      "mean_distance_error": 0.0012435388700205439,
      "ae_training_time_s": 21.194419145584106,
      "outer_pca_training_time_s": 0.8923137187957764
    }
  },
  "pca": {}
}