{
  "autoencoder": {
    "inner dim 29": {
      "training-mse": 1.2101327196851383e-07,
      "relative_percent_error": 0.7432972659662956,
      "max_distance_error": 0.008516567473259563,
      "mean_distance_error": 0.0004495644557545562,
      "ae_training_time_s": 21.89201521873474,
      "outer_pca_training_time_s": 0.8442027568817139
    }
  },
  "pca": {}
}