{
  "autoencoder": {
    "inner dim 10": {
      "training-mse": 1.7472480488653698e-07,
      "relative_percent_error": 0.859114120979779,
      "max_distance_error": 0.015612963633903333,
      "mean_distance_error": 0.0005143223377531149,
      "ae_training_time_s": 22.266206741333008,
      "outer_pca_training_time_s": 0.9828877449035645
    }
  },
  "pca": {}
}