{
  "autoencoder": {
    "inner dim 25": {
      "training-mse": 9.929129493876425e-08,
      "relative_percent_error": 0.6700135606138472,
      "max_distance_error": 0.008519265579706541,
      "mean_distance_error": 0.0003995050532191422,
      "ae_training_time_s": 22.096132278442383,
      "outer_pca_training_time_s": 0.9534444808959961
    }
  },
  "pca": {}
}