{
  "autoencoder": {
    "inner dim 18": {
      "training-mse": 6.134636434921226e-08,
      "relative_percent_error": 0.5141996248181692,
      "max_distance_error": 0.00854603432975818,
      "mean_distance_error": 0.0003084637351519462,
      "ae_training_time_s": 53.55806088447571,
      "outer_pca_training_time_s": 0.9518804550170898
    }
  },
  "pca": {}
}