{
  "autoencoder": {
    "inner dim 27": {
      "training-mse": 1.310929212593927e-07,
      "relative_percent_error": 0.7863478566239938,
      "max_distance_error": 0.007501023567898099,
      "mean_distance_error": 0.0004743772497865195,
      "ae_training_time_s": 22.1363046169281,
      "outer_pca_training_time_s": 0.8642885684967041
    }
  },
  "pca": {}
}