{
  "autoencoder": {
    "inner dim 4": {
      "training-mse": 1.261810871828047e-06,
      "relative_percent_error": 2.1670221789214645,
      "max_distance_error": 0.03076805162209591,
      "mean_distance_error": 0.0013048569724324597,
      "ae_training_time_s": 20.690438508987427,
      "outer_pca_training_time_s": 0.9836909770965576
    }
  },
  "pca": {}
}