{
  "autoencoder": {
    "inner dim 2": {
      "training-mse": 5.643638997340692e-06,
      "relative_percent_error": 4.581061563839309,
      "max_distance_error": 0.04629059588476196,
      "mean_distance_error": 0.0027653515692828328,
      "ae_training_time_s": 25.311636686325073,
      "outer_pca_training_time_s": 0.9341022968292236
    }
  },
  "pca": {}
}