{
  "autoencoder": {
    "inner dim 19": {
      "training-mse": 1.278205478684481e-07,
      "relative_percent_error": 0.7457777345391053,
      "max_distance_error": 0.009636110500503189,
      "mean_distance_error": 0.0004466358249970459,
      "ae_training_time_s": 22.230231523513794,
      "outer_pca_training_time_s": 0.9056065082550049
    }
  },
  "pca": {}
}