{
  "autoencoder": {
    "inner dim 7": {
      "training-mse": 4.1677388863983515e-07,
      "relative_percent_error": 1.3517691529339315,
      "max_distance_error": 0.013729898600424176,
      "mean_distance_error": 0.0008161193166581597,
      "ae_training_time_s": 21.55385684967041,
      "outer_pca_training_time_s": 0.9290261268615723
    }
  },
  "pca": {}
}