{
  "autoencoder": {
    "inner dim 24": {
      "training-mse": 1.9210915157301634e-07,
      "relative_percent_error": 0.9255963727369705,
      "max_distance_error": 0.012536291069608732,
      "mean_distance_error": 0.0005532827357520179,
      "ae_training_time_s": 21.452831268310547,
      "outer_pca_training_time_s": 0.8170974254608154
    }
  },
  "pca": {}
}