{
  "autoencoder": {
    "inner dim 16": {
      "training-mse": 1.2092263088508572e-06,
      "relative_percent_error": 2.119867519916496,
      "max_distance_error": 0.02656108703410474,
      "mean_distance_error": 0.0012953418612079413,
      "ae_training_time_s": 20.774938344955444,
      "outer_pca_training_time_s": 0.9303553104400635
    }
  },
  "pca": {}
}