{
  "autoencoder": {
    "inner dim 9": {
      "training-mse": 0.00028011211359827576,
      "relative_percent_error": 23.629593682890768,
      "max_distance_error": 0.24471280929024133,
      "mean_distance_error": 0.014579859692416609,
      "ae_training_time_s": 21.90927481651306,
      "outer_pca_training_time_s": 0.8696982860565186
    }
  },
  "pca": {}
}