{
  "autoencoder": {
    "inner dim 1": {
      "training-mse": 0.000334760577900536,
      "relative_percent_error": 32.49404733397953,
      "max_distance_error": 0.3195793988030464,
      "mean_distance_error": 0.019508385199115668,
      "ae_training_time_s": 23.740171909332275,
      "outer_pca_training_time_s": 0.872791051864624
    }
  },
  "pca": {}
}