{
  "autoencoder": {
    "inner dim 30": {
      "training-mse": 1.9926495966125566e-07,
      "relative_percent_error": 0.9585027811547119,
      "max_distance_error": 0.009621193758127405,
      "mean_distance_error": 0.0005643960494305281,
      "ae_training_time_s": 21.273756980895996,
      "outer_pca_training_time_s": 0.925849199295044
    }
  },
  "pca": {}
}