{
  "autoencoder": {
    "inner dim 27": {
      "training-mse": 7.797976318751266e-06,
      "relative_percent_error": 5.208357947323142,
      "max_distance_error": 0.05489754943312855,
      "mean_distance_error": 0.003166192105791254,
      "ae_training_time_s": 20.904698610305786,
      "outer_pca_training_time_s": 0.8966081142425537
    }
  },
  "pca": {}
}