{
  "autoencoder": {
    "inner dim 16": {
      "training-mse": 1.1390040641379223e-05,
      "relative_percent_error": 6.181081968550711,
      "max_distance_error": 0.05704459583537352,
      "mean_distance_error": 0.0037881034156487955,
      "ae_training_time_s": 22.238176822662354,
      "outer_pca_training_time_s": 0.9465255737304688
    }
  },
  "pca": {}
}