{
  "autoencoder": {
    "inner dim 16": {
      "training-mse": 1.5738559598838156e-07,
      "relative_percent_error": 0.8458854792930931,
      "max_distance_error": 0.012029607948540293,
      "mean_distance_error": 0.0005094388791202541,
      "ae_training_time_s": 22.590173959732056,
      "outer_pca_training_time_s": 0.964510440826416
    }
  },
  "pca": {}
}