{
  "autoencoder": {
    "inner dim 24": {
      "training-mse": 1.1037948596851201e-07,
      "relative_percent_error": 0.7100969849636557,
      "max_distance_error": 0.008933507265279491,
      "mean_distance_error": 0.0004243684356902813,
      "ae_training_time_s": 22.014031887054443,
      "outer_pca_training_time_s": 0.9918439388275146
    }
  },
  "pca": {}
}