{
  "autoencoder": {
    "inner dim 10": {
      "training-mse": 3.1647907705632825e-07,
      "relative_percent_error": 1.1472270324363805,
      "max_distance_error": 0.017190102013675556,
      "mean_distance_error": 0.0006930284826044356,
      "ae_training_time_s": 22.501435041427612,
      "outer_pca_training_time_s": 0.9329414367675781
    }
  },
  "pca": {}
}