{
  "autoencoder": {
    "inner dim 30": {
      "training-mse": 1.4509101107047468e-07,
      "relative_percent_error": 0.8366678560566925,
      "max_distance_error": 0.009485597729006881,
      "mean_distance_error": 0.0005008982544209432,
      "ae_training_time_s": 22.008289098739624,
      "outer_pca_training_time_s": 0.8470158576965332
    }
  },
  "pca": {}
}