{
  "autoencoder": {
    "inner dim 6": {
      "training-mse": 3.919237759130333e-07,
      "relative_percent_error": 1.2840739340150258,
      "max_distance_error": 0.01379418249962486,
      "mean_distance_error": 0.0007711390324560812,
      "ae_training_time_s": 21.5005624294281,
      "outer_pca_training_time_s": 0.9301033020019531
    }
  },
  "pca": {}
}