{
  "autoencoder": {
    "inner dim 3": {
      "training-mse": 0.000936933394602257,
      "relative_percent_error": 49.68087748172826,
      "max_distance_error": 0.3291943104644826,
      "mean_distance_error": 0.03163968764163179,
      "ae_training_time_s": 23.425046682357788,
      "outer_pca_training_time_s": 0.9335949420928955
    }
  },
  "pca": {}
}