{
  "autoencoder": {
    "inner dim 11": {
      "training-mse": 1.9642323443191392e-07,
      "relative_percent_error": 0.9188847267736785,
      "max_distance_error": 0.01116484685857645,
      "mean_distance_error": 0.0005599707825973624,
      "ae_training_time_s": 21.492895126342773,
      "outer_pca_training_time_s": 0.886725902557373
    }
  },
  "pca": {}
}