{
  "autoencoder": {
    "inner dim 12": {
      "training-mse": 1.7063111436642437e-07,
      "relative_percent_error": 0.8366692297409651,
      "max_distance_error": 0.012112530286578094,
      "mean_distance_error": 0.0005022605236746752,
      "ae_training_time_s": 21.87606644630432,
      "outer_pca_training_time_s": 0.9390914440155029
    }
  },
  "pca": {}
}