{
  "autoencoder": {
    "inner dim 9": {
      "training-mse": 3.0607587595451043e-07,
      "relative_percent_error": 1.1343414728803887,
      "max_distance_error": 0.01264653456770258,
      "mean_distance_error": 0.0006808789507504317,
      "ae_training_time_s": 23.597689390182495,
      "outer_pca_training_time_s": 0.933645486831665
    }
  },
  "pca": {}
}