{
  "autoencoder": {
    "inner dim 18": {
      "training-mse": 2.18730646610382e-07,
      "relative_percent_error": 1.0007907688643831,
      "max_distance_error": 0.012876546659828073,
      "mean_distance_error": 0.0005920896610338625,
      "ae_training_time_s": 21.812902450561523,
      "outer_pca_training_time_s": 0.9388813972473145
    }
  },
  "pca": {}
}