{
  "autoencoder": {
    "inner dim 16": {
      "training-mse": 0.0009369416002303994,
      "relative_percent_error": 49.67001514628718,
      "max_distance_error": 0.32919303518098086,
      "mean_distance_error": 0.031639642657465286,
      "ae_training_time_s": 22.076767921447754,
      "outer_pca_training_time_s": 0.9047317504882812
    }
  },
  "pca": {}
}