{
  "autoencoder": {
    "inner dim 16": {
      "training-mse": 1.6974852986456743e-07,
      "relative_percent_error": 0.8888002288093245,
      "max_distance_error": 0.008974825161792845,
      "mean_distance_error": 0.000540892544891976,
      "ae_training_time_s": 23.663752555847168,
      "outer_pca_training_time_s": 0.9978628158569336
    }
  },
  "pca": {}
}