{
  "autoencoder": {
    "inner dim 17": {
      "training-mse": 1.9770277584646198e-07,
      "relative_percent_error": 0.968367912724308,
      "max_distance_error": 0.012580423973812581,
      "mean_distance_error": 0.0005720912026922069,
      "ae_training_time_s": 21.691171169281006,
      "outer_pca_training_time_s": 0.871579647064209
    }
  },
  "pca": {}
}