{
  "autoencoder": {
    "inner dim 8": {
      "training-mse": 0.0009370148588266356,
      "relative_percent_error": 49.711623908846995,
      "max_distance_error": 0.3292026077382392,
      "mean_distance_error": 0.03164463969025765,
      "ae_training_time_s": 21.048157930374146,
      "outer_pca_training_time_s": 0.8581089973449707
    }
  },
  "pca": {}
}