{
  "autoencoder": {
    "inner dim 18": {
      "training-mse": 1.563964607281919e-07,
      "relative_percent_error": 0.8358209193138811,
      "max_distance_error": 0.011810900077916804,
      "mean_distance_error": 0.0004987956109749746,
      "ae_training_time_s": 22.03070831298828,
      "outer_pca_training_time_s": 0.8412179946899414
    }
  },
  "pca": {}
}