{
  "autoencoder": {
    "inner dim 11": {
      "training-mse": 8.221905711540005e-07,
      "relative_percent_error": 1.7614709247217268,
      "max_distance_error": 0.020322818582253693,
      "mean_distance_error": 0.0010655867565812199,
      "ae_training_time_s": 22.094921827316284,
      "outer_pca_training_time_s": 0.9505212306976318
    }
  },
  "pca": {}
}