{
  "autoencoder": {
    "inner dim 5": {
      "training-mse": 7.887071755241957e-07,
      "relative_percent_error": 1.8425814112825991,
      "max_distance_error": 0.021712539875609314,
      "mean_distance_error": 0.0011106191919730052,
      "ae_training_time_s": 22.77139377593994,
      "outer_pca_training_time_s": 0.9172441959381104
    }
  },
  "pca": {}
}