{
  "autoencoder": {
    "inner dim 9": {
      "training-mse": 1.888296298549288e-07,
      "relative_percent_error": 0.88450734350453,
      "max_distance_error": 0.014743667809831348,
      "mean_distance_error": 0.0005299309038029433,
      "ae_training_time_s": 21.43937587738037,
      "outer_pca_training_time_s": 0.9372508525848389
    }
  },
  "pca": {}
}