{
  "autoencoder": {
    "inner dim 25": {
      "training-mse": 2.721352972875159e-07,
      "relative_percent_error": 1.0724852618686411,
      "max_distance_error": 0.008116316513261765,
      "mean_distance_error": 0.0006584285578418081,
      "ae_training_time_s": 22.75683617591858,
      "outer_pca_training_time_s": 0.964116096496582
    }
  },
  "pca": {}
}