{
  "autoencoder": {
    "inner dim 2": {
      "training-mse": 5.718156060026957e-06,
      "relative_percent_error": 4.63953817149413,
      "max_distance_error": 0.04513408051679915,
      "mean_distance_error": 0.0028006855021855365,
      "ae_training_time_s": 23.58805012702942,
      "outer_pca_training_time_s": 0.9049472808837891
    }
  },
  "pca": {}
}