{
  "autoencoder": {
    "inner dim 19": {
      "training-mse": 1.9102574242287071e-07,
      "relative_percent_error": 0.933146598299549,
      "max_distance_error": 0.01041233113900506,
      "mean_distance_error": 0.0005562007699493782,
      "ae_training_time_s": 22.000115156173706,
      "outer_pca_training_time_s": 0.9675755500793457
    }
  },
  "pca": {}
}