{
  "autoencoder": {
    "inner dim 3": {
      "training-mse": 3.1914032406709877e-06,
      "relative_percent_error": 3.281577528299936,
      "max_distance_error": 0.039289324997777306,
      "mean_distance_error": 0.0019632727209407167,
      "ae_training_time_s": 22.786768674850464,
      "outer_pca_training_time_s": 0.9164512157440186
    }
  },
  "pca": {}
}