{
  "autoencoder": {
    "inner dim 6": {
      "training-mse": 6.018025347040847e-07,
      "relative_percent_error": 1.5908108588001313,
      "max_distance_error": 0.020189612846572714,
      "mean_distance_error": 0.0009494134160946909,
      "ae_training_time_s": 22.53804349899292,
      "outer_pca_training_time_s": 0.8908157348632812
    }
  },
  "pca": {}
}