{
  "autoencoder": {
    "inner dim 27": {
      "training-mse": 1.8736700387927822e-07,
      "relative_percent_error": 0.8570040946818076,
      "max_distance_error": 0.014500255082022066,
      "mean_distance_error": 0.0005179411257538725,
      "ae_training_time_s": 20.818772792816162,
      "outer_pca_training_time_s": 0.885209321975708
    }
  },
  "pca": {}
}