{
  "autoencoder": {
    "inner dim 11": {
      "training-mse": 2.4724437606105686e-06,
      "relative_percent_error": 3.075233423820018,
      "max_distance_error": 0.02735135772039189,
      "mean_distance_error": 0.001894114679047564,
      "ae_training_time_s": 20.717493295669556,
      "outer_pca_training_time_s": 0.9152255058288574
    }
  },
  "pca": {}
}