{
  "autoencoder": {
    "inner dim 23": {
      "training-mse": 1.1374566894472884e-05,
      "relative_percent_error": 6.175508324943809,
      "max_distance_error": 0.056987545749740305,
      "mean_distance_error": 0.0037834785776930313,
      "ae_training_time_s": 21.73507571220398,
      "outer_pca_training_time_s": 0.9378001689910889
    }
  },
  "pca": {}
}