{
  "autoencoder": {
    "inner dim 7": {
      "training-mse": 3.93845858834279e-07,
      "relative_percent_error": 1.282186691519572,
      "max_distance_error": 0.012083966705747589,
      "mean_distance_error": 0.0007796288731223899,
      "ae_training_time_s": 22.48673963546753,
      "outer_pca_training_time_s": 0.8486740589141846
    }
  },
  "pca": {}
}