{
  "autoencoder": {
    "inner dim 24": {
      "training-mse": 9.629062593566203e-08,
      "relative_percent_error": 0.6587864941218132,
      "max_distance_error": 0.008771189879040287,
      "mean_distance_error": 0.00039420152240431913,
      "ae_training_time_s": 22.222309350967407,
      "outer_pca_training_time_s": 0.9701313972473145
    }
  },
  "pca": {}
}