{
  "autoencoder": {
    "inner dim 14": {
      "training-mse": 4.970930497576572e-06,
      "relative_percent_error": 4.162752865254475,
      "max_distance_error": 0.05526495845270607,
      "mean_distance_error": 0.0024987157231397754,
      "ae_training_time_s": 22.30982542037964,
      "outer_pca_training_time_s": 0.9549891948699951
    }
  },
  "pca": {}
}