{
  "autoencoder": {
    "inner dim 23": {
      "training-mse": 1.0262340927953131e-07,
      "relative_percent_error": 0.6750309829122486,
      "max_distance_error": 0.010177308405823484,
      "mean_distance_error": 0.00040450690190512665,
      "ae_training_time_s": 22.109551906585693,
      "outer_pca_training_time_s": 0.8396060466766357
    }
  },
  "pca": {}
}