{
  "autoencoder": {
    "inner dim 2": {
      "training-mse": 5.1501686698550865e-06,
      "relative_percent_error": 4.417441851872357,
      "max_distance_error": 0.04364556180701841,
      "mean_distance_error": 0.002662148334591328,
      "ae_training_time_s": 55.42466640472412,
      "outer_pca_training_time_s": 1.0238854885101318
    }
  },
  "pca": {}
}