{
  "autoencoder": {
    "inner dim 14": {
      "training-mse": 1.5397806027924321e-07,
      "relative_percent_error": 0.8205340717689598,
      "max_distance_error": 0.01331182552960681,
      "mean_distance_error": 0.0004949557493666481,
      "ae_training_time_s": 24.76440119743347,
      "outer_pca_training_time_s": 0.9009990692138672
    }
  },
  "pca": {}
}