{
  "autoencoder": {
    "inner dim 10": {
      "training-mse": 1.9113902186997637e-07,
      "relative_percent_error": 0.9054957141136023,
      "max_distance_error": 0.013302636818416504,
      "mean_distance_error": 0.0005424492116616072,
      "ae_training_time_s": 26.003232717514038,
      "outer_pca_training_time_s": 0.9563305377960205
    }
  },
  "pca": {}
}