{
  "autoencoder": {
    "inner dim 3": {
      "training-mse": 3.447619177345801e-06,
      "relative_percent_error": 3.4289126805885175,
      "max_distance_error": 0.04518147556644067,
      "mean_distance_error": 0.0020506768460413164,
      "ae_training_time_s": 21.673365831375122,
      "outer_pca_training_time_s": 0.9376883506774902
    }
  },
  "pca": {}
}