{
  "autoencoder": {
    "inner dim 27": {
      "training-mse": 1.8846073995787535e-07,
      "relative_percent_error": 0.9079223472713323,
      "max_distance_error": 0.013560358400266082,
      "mean_distance_error": 0.000542115936721644,
      "ae_training_time_s": 22.04822015762329,
      "outer_pca_training_time_s": 0.7944602966308594
    }
  },
  "pca": {}
}