{
  "autoencoder": {
    "inner dim 5": {
      "training-mse": 1.1381292272128803e-05,
      "relative_percent_error": 6.176927698914174,
      "max_distance_error": 0.05765538171759473,
      "mean_distance_error": 0.003784425192986451,
      "ae_training_time_s": 21.546231031417847,
      "outer_pca_training_time_s": 0.9510757923126221
    }
  },
  "pca": {}
}