{
  "autoencoder": {
    "inner dim 5": {
      "training-mse": 3.5006138372328473e-06,
      "relative_percent_error": 3.650988317308069,
      "max_distance_error": 0.0341723201029493,
      "mean_distance_error": 0.0022018407702995356,
      "ae_training_time_s": 20.991934776306152,
      "outer_pca_training_time_s": 0.9302523136138916
    }
  },
  "pca": {}
}