{
  "autoencoder": {
    "inner dim 21": {
      "training-mse": 1.0656250630162349e-07,
      "relative_percent_error": 0.7010145205337142,
      "max_distance_error": 0.007615029449828374,
      "mean_distance_error": 0.00042121228793633674,
      "ae_training_time_s": 22.15693426132202,
      "outer_pca_training_time_s": 0.9305398464202881
    }
  },
  "pca": {}
}