{
  "autoencoder": {
    "inner dim 7": {
      "training-mse": 6.012606509425499e-07,
      "relative_percent_error": 1.6480756890383241,
      "max_distance_error": 0.015212623844867663,
      "mean_distance_error": 0.0009755987838080363,
      "ae_training_time_s": 20.93089771270752,
      "outer_pca_training_time_s": 0.850142240524292
    }
  },
  "pca": {}
}