{
  "autoencoder": {
    "inner dim 22": {
      "training-mse": 4.923737932111623e-06,
      "relative_percent_error": 4.121883915745586,
      "max_distance_error": 0.0559528218099105,
      "mean_distance_error": 0.0024737953119747095,
      "ae_training_time_s": 21.3716459274292,
      "outer_pca_training_time_s": 0.9141459465026855
    }
  },
  "pca": {}
}