{
  "autoencoder": {
    "inner dim 6": {
      "training-mse": 0.0009369316744817625,
      "relative_percent_error": 49.68120862972038,
      "max_distance_error": 0.3291947505187771,
      "mean_distance_error": 0.03163952949247488,
      "ae_training_time_s": 52.042545795440674,
      "outer_pca_training_time_s": 0.9196484088897705
    }
  },
  "pca": {}
}