{
  "autoencoder": {
    "inner dim 18": {
      "training-mse": 1.4653746610700129e-07,
      "relative_percent_error": 0.8173493498599991,
      "max_distance_error": 0.008352860354700311,
      "mean_distance_error": 0.0004891966478738783,
      "ae_training_time_s": 21.09458589553833,
      "outer_pca_training_time_s": 0.8511955738067627
    }
  },
  "pca": {}
}