{
  "autoencoder": {
    "inner dim 7": {
      "training-mse": 5.232503386570498e-07,
      "relative_percent_error": 1.4542064087053623,
      "max_distance_error": 0.01774568325668534,
      "mean_distance_error": 0.0009021008961651434,
      "ae_training_time_s": 21.646335124969482,
      "outer_pca_training_time_s": 0.860750675201416
    }
  },
  "pca": {}
}