{
  "autoencoder": {
    "inner dim 15": {
      "training-mse": 2.7075977272438146e-07,
      "relative_percent_error": 1.0756161629011864,
      "max_distance_error": 0.012584215618529397,
      "mean_distance_error": 0.000659923695137166,
      "ae_training_time_s": 22.694697618484497,
      "outer_pca_training_time_s": 0.9521195888519287
    }
  },
  "pca": {}
}