{
  "autoencoder": {
    "inner dim 7": {
      "training-mse": 2.6864350063410633e-07,
      "relative_percent_error": 1.062591080400295,
      "max_distance_error": 0.012225910197152317,
      "mean_distance_error": 0.0006378278382523022,
      "ae_training_time_s": 20.618985414505005,
      "outer_pca_training_time_s": 0.9092750549316406
    }
  },
  "pca": {}
}