{
  "autoencoder": {
    "inner dim 18": {
      "training-mse": 1.1382682593362098e-05,
      "relative_percent_error": 6.1793161499093605,
      "max_distance_error": 0.056609162462169405,
      "mean_distance_error": 0.0037857759095544785,
      "ae_training_time_s": 22.793163299560547,
      "outer_pca_training_time_s": 0.970038652420044
    }
  },
  "pca": {}
}