{
  "autoencoder": {
    "inner dim 28": {
      "training-mse": 2.0063374312722841e-07,
      "relative_percent_error": 0.9378324147856756,
      "max_distance_error": 0.010027410751169134,
      "mean_distance_error": 0.0005638654771237394,
      "ae_training_time_s": 21.53646993637085,
      "outer_pca_training_time_s": 0.8296825885772705
    }
  },
  "pca": {}
}