{
  "autoencoder": {
    "inner dim 17": {
      "training-mse": 1.71771152639712e-07,
      "relative_percent_error": 0.8800633716064646,
      "max_distance_error": 0.010758260074862809,
      "mean_distance_error": 0.0005302401605181925,
      "ae_training_time_s": 21.683247327804565,
      "outer_pca_training_time_s": 0.9102425575256348
    }
  },
  "pca": {}
}