{
  "autoencoder": {
    "inner dim 11": {
      "training-mse": 2.2620830170486952e-07,
      "relative_percent_error": 0.967139596737887,
      "max_distance_error": 0.015233111602286775,
      "mean_distance_error": 0.0005818244417670833,
      "ae_training_time_s": 20.991882801055908,
      "outer_pca_training_time_s": 0.8657362461090088
    }
  },
  "pca": {}
}