{
  "autoencoder": {
    "inner dim 8": {
      "training-mse": 2.1012065539836086e-07,
      "relative_percent_error": 0.9722022579903934,
      "max_distance_error": 0.013138559019201386,
      "mean_distance_error": 0.0005836830501692119,
      "ae_training_time_s": 24.27983570098877,
      "outer_pca_training_time_s": 0.8956449031829834
    }
  },
  "pca": {}
}