{
  "autoencoder": {
    "inner dim 9": {
      "training-mse": 2.42511941674511e-07,
      "relative_percent_error": 1.0226878278545075,
      "max_distance_error": 0.013453839529966727,
      "mean_distance_error": 0.000611712586312799,
      "ae_training_time_s": 20.7915997505188,
      "outer_pca_training_time_s": 0.9523372650146484
    }
  },
  "pca": {}
}