{
  "autoencoder": {
    "inner dim 2": {
      "training-mse": 5.465542420384876e-06,
      "relative_percent_error": 4.521178673652244,
      "max_distance_error": 0.04493017210264506,
      "mean_distance_error": 0.0027255912151027814,
      "ae_training_time_s": 22.505032539367676,
      "outer_pca_training_time_s": 0.9663012027740479
    }
  },
  "pca": {}
}