{
  "autoencoder": {
    "inner dim 6": {
      "training-mse": 4.116205787838568e-07,
      "relative_percent_error": 1.2661518895745816,
      "max_distance_error": 0.018838181994496758,
      "mean_distance_error": 0.0007610620550399059,
      "ae_training_time_s": 22.161189317703247,
      "outer_pca_training_time_s": 0.9464023113250732
    }
  },
  "pca": {}
}