{
  "autoencoder": {
    "inner dim 13": {
      "training-mse": 3.10421663350461e-06,
      "relative_percent_error": 3.3353657442643496,
      "max_distance_error": 0.035403997254008154,
      "mean_distance_error": 0.0020199135624416552,
      "ae_training_time_s": 53.0724720954895,
      "outer_pca_training_time_s": 0.9370253086090088
    }
  },
  "pca": {}
}