{
  "autoencoder": {
    "inner dim 18": {
      "training-mse": 1.2550120741649183e-07,
      "relative_percent_error": 0.7361541170388689,
      "max_distance_error": 0.012193928164005777,
      "mean_distance_error": 0.0004413043706175944,
      "ae_training_time_s": 22.611974954605103,
      "outer_pca_training_time_s": 0.9633545875549316
    }
  },
  "pca": {}
}