{
  "autoencoder": {
    "inner dim 2": {
      "training-mse": 5.702504932374929e-06,
      "relative_percent_error": 4.632961505701028,
      "max_distance_error": 0.04555939189875872,
      "mean_distance_error": 0.0027898316777542533,
      "ae_training_time_s": 23.392683744430542,
      "outer_pca_training_time_s": 0.9713475704193115
    }
  },
  "pca": {}
}