{
  "autoencoder": {
    "inner dim 14": {
      "training-mse": 4.940221484030659e-06,
      "relative_percent_error": 4.120383337040466,
      "max_distance_error": 0.05528748023977991,
      "mean_distance_error": 0.0024738656829127355,
      "ae_training_time_s": 20.595707416534424,
      "outer_pca_training_time_s": 0.8550095558166504
    }
  },
  "pca": {}
}