{
  "autoencoder": {
    "inner dim 18": {
      "training-mse": 1.371900559981123e-07,
      "relative_percent_error": 0.7897409400546609,
      "max_distance_error": 0.009469858867289214,
      "mean_distance_error": 0.0004702544987340309,
      "ae_training_time_s": 22.905538320541382,
      "outer_pca_training_time_s": 0.954836368560791
    }
  },
  "pca": {}
}