{
  "autoencoder": {
    "inner dim 27": {
      "training-mse": 4.955200529628889e-06,
      "relative_percent_error": 4.149916842060131,
      "max_distance_error": 0.05537948721745015,
      "mean_distance_error": 0.0024892441844089164,
      "ae_training_time_s": 20.413220643997192,
      "outer_pca_training_time_s": 0.8427507877349854
    }
  },
  "pca": {}
}