{
  "autoencoder": {
    "inner dim 14": {
      "training-mse": 1.576672246851365e-07,
      "relative_percent_error": 0.8267191363845198,
      "max_distance_error": 0.010748825810294267,
      "mean_distance_error": 0.000494331820025353,
      "ae_training_time_s": 21.60077476501465,
      "outer_pca_training_time_s": 2.2037744522094727
    }
  },
  "pca": {}
}