{
  "autoencoder": {
    "inner dim 12": {
      "training-mse": 1.9342601351091343e-07,
      "relative_percent_error": 0.9527494486727967,
      "max_distance_error": 0.010305765677788972,
      "mean_distance_error": 0.0005668265956832821,
      "ae_training_time_s": 21.654064416885376,
      "outer_pca_training_time_s": 0.9090180397033691
    }
  },
  "pca": {}
}