{
  "autoencoder": {
    "inner dim 28": {
      "training-mse": 1.5999782902777846e-07,
      "relative_percent_error": 0.7948581348910555,
      "max_distance_error": 0.006810110218730396,
      "mean_distance_error": 0.0004834172559007817,
      "ae_training_time_s": 20.714945554733276,
      "outer_pca_training_time_s": 0.8648056983947754
    }
  },
  "pca": {}
}