{
  "autoencoder": {
    "inner dim 19": {
      "training-mse": 2.1666167283343175e-07,
      "relative_percent_error": 0.971872484342401,
      "max_distance_error": 0.008856683421415405,
      "mean_distance_error": 0.0005847232235560609,
      "ae_training_time_s": 19.979693174362183,
      "outer_pca_training_time_s": 0.9431416988372803
    }
  },
  "pca": {}
}