{
  "autoencoder": {
    "inner dim 11": {
      "training-mse": 1.8082692867533086e-07,
      "relative_percent_error": 0.8696521147833036,
      "max_distance_error": 0.01229729075031543,
      "mean_distance_error": 0.0005209768570993732,
      "ae_training_time_s": 21.248141765594482,
      "outer_pca_training_time_s": 0.8338477611541748
    }
  },
  "pca": {}
}