{
  "autoencoder": {
    "inner dim 14": {
      "training-mse": 3.1611697065732646e-06,
      "relative_percent_error": 3.387547554426349,
      "max_distance_error": 0.035743018291766994,
      "mean_distance_error": 0.002049947478598258,
      "ae_training_time_s": 22.351905345916748,
      "outer_pca_training_time_s": 0.8373258113861084
    }
  },
  "pca": {}
}