{
  "autoencoder": {
    "inner dim 27": {
      "training-mse": 1.1558904475993772e-06,
      "relative_percent_error": 2.045383192568404,
      "max_distance_error": 0.02650014747272123,
      "mean_distance_error": 0.0012410031871150896,
      "ae_training_time_s": 21.840079069137573,
      "outer_pca_training_time_s": 0.8825926780700684
    }
  },
  "pca": {}
}