{
  "autoencoder": {
    "inner dim 24": {
      "training-mse": 3.2182159598917246e-07,
      "relative_percent_error": 1.1846674611365837,
      "max_distance_error": 0.008052529822856402,
      "mean_distance_error": 0.0007332790243585528,
      "ae_training_time_s": 21.545363426208496,
      "outer_pca_training_time_s": 0.9827990531921387
    }
  },
  "pca": {}
}