{
  "autoencoder": {
    "inner dim 28": {
      "training-mse": 1.329302395245383e-07,
      "relative_percent_error": 0.7779100493216363,
      "max_distance_error": 0.008231757441985267,
      "mean_distance_error": 0.000466150827246416,
      "ae_training_time_s": 21.830336570739746,
      "outer_pca_training_time_s": 0.9415695667266846
    }
  },
  "pca": {}
}