{
  "autoencoder": {
    "inner dim 4": {
      "training-mse": 1.240547577676104e-06,
      "relative_percent_error": 2.1422876390245205,
      "max_distance_error": 0.030709830949677563,
      "mean_distance_error": 0.0012802272980980318,
      "ae_training_time_s": 20.979413747787476,
      "outer_pca_training_time_s": 0.8349356651306152
    }
  },
  "pca": {}
}