{
  "autoencoder": {
    "inner dim 22": {
      "training-mse": 2.3230936323928187e-07,
      "relative_percent_error": 1.0109954034329618,
      "max_distance_error": 0.009617858360949968,
      "mean_distance_error": 0.0006045526222222335,
      "ae_training_time_s": 22.164244651794434,
      "outer_pca_training_time_s": 0.9463376998901367
    }
  },
  "pca": {}
}