{
  "autoencoder": {
    "inner dim 20": {
      "training-mse": 1.7237158495469777e-07,
      "relative_percent_error": 0.8996203718687171,
      "max_distance_error": 0.008285807899710083,
      "mean_distance_error": 0.0005330661368861154,
      "ae_training_time_s": 22.00959300994873,
      "outer_pca_training_time_s": 0.9261453151702881
    }
  },
  "pca": {}
}