{
  "autoencoder": {
    "inner dim 20": {
      "training-mse": 1.2780387808527722e-07,
      "relative_percent_error": 0.7701726234042761,
      "max_distance_error": 0.007239163216861956,
      "mean_distance_error": 0.0004622216056528448,
      "ae_training_time_s": 22.10028100013733,
      "outer_pca_training_time_s": 0.9684848785400391
    }
  },
  "pca": {}
}