{
  "autoencoder": {
    "inner dim 13": {
      "training-mse": 3.6482172060018986e-06,
      "relative_percent_error": 3.7858871204215068,
      "max_distance_error": 0.03485704523481516,
      "mean_distance_error": 0.002273164024432437,
      "ae_training_time_s": 21.926000595092773,
      "outer_pca_training_time_s": 0.9647736549377441
    }
  },
  "pca": {}
}