{
  "autoencoder": {
    "inner dim 26": {
      "training-mse": 1.636827967517916e-07,
      "relative_percent_error": 0.8623086782977685,
      "max_distance_error": 0.005991342574012828,
      "mean_distance_error": 0.000519140020295453,
      "ae_training_time_s": 20.821988344192505,
      "outer_pca_training_time_s": 0.855802059173584
    }
  },
  "pca": {}
}