{
  "autoencoder": {
    "inner dim 26": {
      "training-mse": 1.462434772821588e-07,
      "relative_percent_error": 0.8235967637835855,
      "max_distance_error": 0.007339073438002113,
      "mean_distance_error": 0.0004961263801452932,
      "ae_training_time_s": 21.498679161071777,
      "outer_pca_training_time_s": 0.8749768733978271
    }
  },
  "pca": {}
}