{
  "autoencoder": {
    "inner dim 4": {
      "training-mse": 1.4840639960691272e-06,
      "relative_percent_error": 2.3812293755028997,
      "max_distance_error": 0.031338638801320144,
      "mean_distance_error": 0.001435540166173736,
      "ae_training_time_s": 25.533865928649902,
      "outer_pca_training_time_s": 1.0162334442138672
    }
  },
  "pca": {}
}