{
  "autoencoder": {
    "inner dim 20": {
      "training-mse": 2.034716961456962e-07,
      "relative_percent_error": 0.9570873373164965,
      "max_distance_error": 0.008476264330082448,
      "mean_distance_error": 0.0005878057360168246,
      "ae_training_time_s": 21.754186868667603,
      "outer_pca_training_time_s": 0.8862345218658447
    }
  },
  "pca": {}
}