{
  "autoencoder": {
    "inner dim 22": {
      "training-mse": 3.926248178855645e-07,
      "relative_percent_error": 1.2673655720005896,
      "max_distance_error": 0.011792946798124761,
      "mean_distance_error": 0.0008098203104359859,
      "ae_training_time_s": 22.060614824295044,
      "outer_pca_training_time_s": 0.9404373168945312
    }
  },
  "pca": {}
}