{
  "autoencoder": {
    "inner dim 7": {
      "training-mse": 3.5783684477270747e-07,
      "relative_percent_error": 1.2533346294010426,
      "max_distance_error": 0.01617865959464642,
      "mean_distance_error": 0.0007490271325121991,
      "ae_training_time_s": 21.44501757621765,
      "outer_pca_training_time_s": 0.9107553958892822
    }
  },
  "pca": {}
}