{
  "autoencoder": {
    "inner dim 14": {
      "training-mse": 1.9041594435390847e-06,
      "relative_percent_error": 2.618526880530706,
      "max_distance_error": 0.026727792050417396,
      "mean_distance_error": 0.0015992167112000395,
      "ae_training_time_s": 21.95648956298828,
      "outer_pca_training_time_s": 0.8934013843536377
    }
  },
  "pca": {}
}