{
  "autoencoder": {
    "inner dim 7": {
      "training-mse": 0.0002801121567465292,
      "relative_percent_error": 23.63314177266144,
      "max_distance_error": 0.24470004094431047,
      "mean_distance_error": 0.014579940507934194,
      "ae_training_time_s": 21.733331441879272,
      "outer_pca_training_time_s": 0.9256410598754883
    }
  },
  "pca": {}
}