{
  "autoencoder": {
    "inner dim 8": {
      "training-mse": 2.1780259991013964e-07,
      "relative_percent_error": 0.9689441094154259,
      "max_distance_error": 0.011988847891381816,
      "mean_distance_error": 0.0005829087412601452,
      "ae_training_time_s": 21.326393365859985,
      "outer_pca_training_time_s": 0.8370296955108643
    }
  },
  "pca": {}
}