{
  "autoencoder": {
    "inner dim 30": {
      "training-mse": 0.0002801327313679121,
      "relative_percent_error": 23.617445072670588,
      "max_distance_error": 0.2447247364744797,
      "mean_distance_error": 0.01458292471867437,
      "ae_training_time_s": 20.478023529052734,
      "outer_pca_training_time_s": 0.837853193283081
    }
  },
  "pca": {}
}