{
  "autoencoder": {
    "inner dim 2": {
      "training-mse": 5.638125393885022e-06,
      "relative_percent_error": 4.626114515083618,
      "max_distance_error": 0.044702225092423886,
      "mean_distance_error": 0.00278490763059708,
      "ae_training_time_s": 23.34691596031189,
      "outer_pca_training_time_s": 0.847926139831543
    }
  },
  "pca": {}
}