{
  "autoencoder": {
    "inner dim 15": {
      "training-mse": 1.8357346279243954e-07,
      "relative_percent_error": 0.8782182824357635,
      "max_distance_error": 0.012339496445842564,
      "mean_distance_error": 0.0005333195375643299,
      "ae_training_time_s": 54.3732967376709,
      "outer_pca_training_time_s": 0.8869438171386719
    }
  },
  "pca": {}
}