{
  "autoencoder": {
    "inner dim 19": {
      "training-mse": 1.9737986067504368e-07,
      "relative_percent_error": 0.9513221477556427,
      "max_distance_error": 0.010968043803986385,
      "mean_distance_error": 0.0005640494663834287,
      "ae_training_time_s": 22.137712240219116,
      "outer_pca_training_time_s": 0.7984592914581299
    }
  },
  "pca": {}
}