{
  "autoencoder": {
    "inner dim 27": {
      "training-mse": 1.1576992120219565e-05,
      "relative_percent_error": 6.2786401798485425,
      "max_distance_error": 0.05739176664101521,
      "mean_distance_error": 0.0038371576372246063,
      "ae_training_time_s": 20.91558074951172,
      "outer_pca_training_time_s": 0.8370680809020996
    }
  },
  "pca": {}
}