{
  "autoencoder": {
    "inner dim 12": {
      "training-mse": 5.450811661234193e-07,
      "relative_percent_error": 1.475757909370755,
      "max_distance_error": 0.014980431968466403,
      "mean_distance_error": 0.0008844849257659532,
      "ae_training_time_s": 22.357009172439575,
      "outer_pca_training_time_s": 0.8972072601318359
    }
  },
  "pca": {}
}