{
  "autoencoder": {
    "inner dim 12": {
      "training-mse": 2.431471314666538e-07,
      "relative_percent_error": 1.0385780544404353,
      "max_distance_error": 0.01506878384311343,
      "mean_distance_error": 0.0006134783289246474,
      "ae_training_time_s": 54.000723361968994,
      "outer_pca_training_time_s": 0.9744305610656738
    }
  },
  "pca": {}
}