{
  "autoencoder": {
    "inner dim 3": {
      "training-mse": 3.684620498359968e-06,
      "relative_percent_error": 3.5545289401229603,
      "max_distance_error": 0.04478726115373531,
      "mean_distance_error": 0.002131052665730537,
      "ae_training_time_s": 25.691576957702637,
      "outer_pca_training_time_s": 0.9439516067504883
    }
  },
  "pca": {}
}