{
  "autoencoder": {
    "inner dim 11": {
      "training-mse": 1.9533388304511006e-07,
      "relative_percent_error": 0.9276359076098689,
      "max_distance_error": 0.013881248975647398,
      "mean_distance_error": 0.0005556314321569037,
      "ae_training_time_s": 21.8497793674469,
      "outer_pca_training_time_s": 2.406848430633545
    }
  },
  "pca": {}
}