{
  "autoencoder": {
    "inner dim 23": {
      "training-mse": 7.807568591980043e-06,
      "relative_percent_error": 5.213917656067513,
      "max_distance_error": 0.0552126627529736,
      "mean_distance_error": 0.003168766088237973,
      "ae_training_time_s": 20.483885526657104,
      "outer_pca_training_time_s": 0.8326106071472168
    }
  },
  "pca": {}
}