{
  "autoencoder": {
    "inner dim 29": {
      "training-mse": 1.1477577654020807e-05,
      "relative_percent_error": 6.218380402976369,
      "max_distance_error": 0.05682051751042504,
      "mean_distance_error": 0.0038110288729526053,
      "ae_training_time_s": 21.143413305282593,
      "outer_pca_training_time_s": 0.9938185214996338
    }
  },
  "pca": {}
}