{
  "autoencoder": {
    "inner dim 2": {
      "training-mse": 6.111391015445598e-06,
      "relative_percent_error": 4.832563997167049,
      "max_distance_error": 0.04468620901311209,
      "mean_distance_error": 0.0029133692737259623,
      "ae_training_time_s": 25.256416082382202,
      "outer_pca_training_time_s": 0.9196717739105225
    }
  },
  "pca": {}
}