{
  "autoencoder": {
    "inner dim 23": {
      "training-mse": 2.673142606452835e-07,
      "relative_percent_error": 1.088950502049175,
      "max_distance_error": 0.011054940928159425,
      "mean_distance_error": 0.0006695171964410644,
      "ae_training_time_s": 21.72470211982727,
      "outer_pca_training_time_s": 0.897986650466919
    }
  },
  "pca": {}
}