{
  "autoencoder": {
    "inner dim 30": {
      "training-mse": 1.834019238386699e-07,
      "relative_percent_error": 0.9319382667642119,
      "max_distance_error": 0.008342004562636767,
      "mean_distance_error": 0.0005502511144837861,
      "ae_training_time_s": 21.450206995010376,
      "outer_pca_training_time_s": 0.8961093425750732
    }
  },
  "pca": {}
}