{
  "autoencoder": {
    "inner dim 26": {
      "training-mse": 5.147220437193145e-06,
      "relative_percent_error": 4.301731490677769,
      "max_distance_error": 0.05494368120034522,
      "mean_distance_error": 0.002580314684102735,
      "ae_training_time_s": 20.404178142547607,
      "outer_pca_training_time_s": 0.8270456790924072
    }
  },
  "pca": {}
}