{
  "autoencoder": {
    "inner dim 4": {
      "training-mse": 1.152877611054617e-05,
      "relative_percent_error": 6.248627238360707,
      "max_distance_error": 0.057860817682288665,
      "mean_distance_error": 0.0038261051178520413,
      "ae_training_time_s": 20.556087493896484,
      "outer_pca_training_time_s": 0.8571832180023193
    }
  },
  "pca": {}
}