{
  "autoencoder": {
    "inner dim 22": {
      "training-mse": 1.4098176510520123e-07,
      "relative_percent_error": 0.8124812228212702,
      "max_distance_error": 0.008079919977012148,
      "mean_distance_error": 0.0004842831738295172,
      "ae_training_time_s": 21.601686239242554,
      "outer_pca_training_time_s": 0.9711203575134277
    }
  },
  "pca": {}
}