{
  "autoencoder": {
    "inner dim 25": {
      "training-mse": 2.677099278300885e-07,
      "relative_percent_error": 1.0418089477703132,
      "max_distance_error": 0.008987805073218391,
      "mean_distance_error": 0.0006509678853149779,
      "ae_training_time_s": 22.00350570678711,
      "outer_pca_training_time_s": 0.9512922763824463
    }
  },
  "pca": {}
}