{
  "autoencoder": {
    "inner dim 18": {
      "training-mse": 1.8464964150339724e-06,
      "relative_percent_error": 2.529325904388611,
      "max_distance_error": 0.02620858265165426,
      "mean_distance_error": 0.0015556340096704712,
      "ae_training_time_s": 22.04233694076538,
      "outer_pca_training_time_s": 0.9531993865966797
    }
  },
  "pca": {}
}