{
  "autoencoder": {
    "inner dim 30": {
      "training-mse": 3.475172254892435e-07,
      "relative_percent_error": 1.209956898215512,
      "max_distance_error": 0.015613311675982925,
      "mean_distance_error": 0.0007262096941962034,
      "ae_training_time_s": 20.906108379364014,
      "outer_pca_training_time_s": 0.8689157962799072
    }
  },
  "pca": {}
}