{
  "autoencoder": {
    "inner dim 28": {
      "training-mse": 2.6556415877751595e-07,
      "relative_percent_error": 1.0460374172525213,
      "max_distance_error": 0.006927461972055378,
      "mean_distance_error": 0.0006393982039252328,
      "ae_training_time_s": 20.97988510131836,
      "outer_pca_training_time_s": 0.8181490898132324
    }
  },
  "pca": {}
}