{
  "autoencoder": {
    "inner dim 23": {
      "training-mse": 2.6554543719065495e-07,
      "relative_percent_error": 1.040545637319075,
      "max_distance_error": 0.007492607990547939,
      "mean_distance_error": 0.0006518859256391766,
      "ae_training_time_s": 21.979738473892212,
      "outer_pca_training_time_s": 0.9098937511444092
    }
  },
  "pca": {}
}