{
  "autoencoder": {
    "inner dim 16": {
      "training-mse": 1.4710359796784733e-07,
      "relative_percent_error": 0.8136884017710999,
      "max_distance_error": 0.009594943425165365,
      "mean_distance_error": 0.00048565335401664717,
      "ae_training_time_s": 22.66388487815857,
      "outer_pca_training_time_s": 0.9554288387298584
    }
  },
  "pca": {}
}