{
  "autoencoder": {
    "inner dim 2": {
      "training-mse": 6.945654705806904e-06,
      "relative_percent_error": 5.323352100300521,
      "max_distance_error": 0.04658154936426569,
      "mean_distance_error": 0.0031761985248180704,
      "ae_training_time_s": 23.411242485046387,
      "outer_pca_training_time_s": 0.9321353435516357
    }
  },
  "pca": {}
}