{
  "autoencoder": {
    "inner dim 27": {
      "training-mse": 3.2620162496239027e-06,
      "relative_percent_error": 3.4949430873181715,
      "max_distance_error": 0.03516469037414097,
      "mean_distance_error": 0.0021064387860793214,
      "ae_training_time_s": 21.985804319381714,
      "outer_pca_training_time_s": 0.9666571617126465
    }
  },
  "pca": {}
}