{
  "autoencoder": {
    "inner dim 2": {
      "training-mse": 6.0548669375319656e-06,
      "relative_percent_error": 4.825678147941719,
      "max_distance_error": 0.04384816187831843,
      "mean_distance_error": 0.0029117089316493877,
      "ae_training_time_s": 55.81807255744934,
      "outer_pca_training_time_s": 0.9452779293060303
    }
  },
  "pca": {}
}