{
  "autoencoder": {
    "inner dim 8": {
      "training-mse": 0.00028011675427756306,
      "relative_percent_error": 23.62411365693171,
      "max_distance_error": 0.24465339199881236,
      "mean_distance_error": 0.014580819793001625,
      "ae_training_time_s": 21.759924173355103,
      "outer_pca_training_time_s": 0.8423047065734863
    }
  },
  "pca": {}
}