{
  "autoencoder": {
    "inner dim 2": {
      "training-mse": 5.48265143549287e-06,
      "relative_percent_error": 4.546529438224312,
      "max_distance_error": 0.046887189769750245,
      "mean_distance_error": 0.002737492450328882,
      "ae_training_time_s": 22.641045570373535,
      "outer_pca_training_time_s": 0.9342119693756104
    }
  },
  "pca": {}
}