{
  "autoencoder": {
    "inner dim 20": {
      "training-mse": 2.0121225335008878e-07,
      "relative_percent_error": 0.9493973862083956,
      "max_distance_error": 0.012062287337461827,
      "mean_distance_error": 0.000570133417042663,
      "ae_training_time_s": 21.902916431427002,
      "outer_pca_training_time_s": 0.9787089824676514
    }
  },
  "pca": {}
}