{
  "autoencoder": {
    "inner dim 20": {
      "training-mse": 2.368044441298585e-07,
      "relative_percent_error": 0.9582398236524085,
      "max_distance_error": 0.014436679941075035,
      "mean_distance_error": 0.0005799287350174404,
      "ae_training_time_s": 52.92655944824219,
      "outer_pca_training_time_s": 0.946814775466919
    }
  },
  "pca": {}
}