{
  "autoencoder": {
    "inner dim 1": {
      "training-mse": 0.00034959221319713954,
      "relative_percent_error": 34.50282685805404,
      "max_distance_error": 0.28516693936243,
      "mean_distance_error": 0.020507116723044352,
      "ae_training_time_s": 23.582740783691406,
      "outer_pca_training_time_s": 0.993682861328125
    }
  },
  "pca": {}
}