{
  "autoencoder": {
    "inner dim 27": {
      "training-mse": 9.666223347701712e-08,
      "relative_percent_error": 0.6556240223613583,
      "max_distance_error": 0.008126471629469305,
      "mean_distance_error": 0.0003914772368441056,
      "ae_training_time_s": 21.301146745681763,
      "outer_pca_training_time_s": 0.8164701461791992
    }
  },
  "pca": {}
}