{
  "autoencoder": {
    "inner dim 12": {
      "training-mse": 5.766374994435587e-07,
      "relative_percent_error": 1.523575547451222,
      "max_distance_error": 0.015604091886377855,
      "mean_distance_error": 0.0009219313648953764,
      "ae_training_time_s": 20.634663105010986,
      "outer_pca_training_time_s": 0.8801624774932861
    }
  },
  "pca": {}
}