{
  "autoencoder": {
    "inner dim 13": {
      "training-mse": 1.8586586735997145e-07,
      "relative_percent_error": 0.9030269466956365,
      "max_distance_error": 0.012436109001666962,
      "mean_distance_error": 0.0005407385503649732,
      "ae_training_time_s": 20.859752655029297,
      "outer_pca_training_time_s": 1.0168874263763428
    }
  },
  "pca": {}
}