{
  "autoencoder": {
    "inner dim 28": {
      "training-mse": 1.6552812602097622e-07,
      "relative_percent_error": 0.850508279273793,
      "max_distance_error": 0.01115829990131808,
      "mean_distance_error": 0.0005102056478602184,
      "ae_training_time_s": 21.39045000076294,
      "outer_pca_training_time_s": 0.8647563457489014
    }
  },
  "pca": {}
}