{
  "autoencoder": {
    "inner dim 20": {
      "training-mse": 1.2440182130689048e-07,
      "relative_percent_error": 0.7580087504367676,
      "max_distance_error": 0.010531563229500288,
      "mean_distance_error": 0.00045085809891060144,
      "ae_training_time_s": 22.33261775970459,
      "outer_pca_training_time_s": 0.8881011009216309
    }
  },
  "pca": {}
}