{
  "autoencoder": {
    "inner dim 20": {
      "training-mse": 1.8816972523523328e-07,
      "relative_percent_error": 0.9022070109361007,
      "max_distance_error": 0.010447367528727897,
      "mean_distance_error": 0.0005497660191012188,
      "ae_training_time_s": 22.02288818359375,
      "outer_pca_training_time_s": 0.8754870891571045
    }
  },
  "pca": {}
}