{
  "autoencoder": {
    "inner dim 18": {
      "training-mse": 1.2004813381494196e-07,
      "relative_percent_error": 0.7413497261203459,
      "max_distance_error": 0.007855382931386216,
      "mean_distance_error": 0.00044291079601626904,
      "ae_training_time_s": 21.883467197418213,
      "outer_pca_training_time_s": 0.9587576389312744
    }
  },
  "pca": {}
}