{
  "autoencoder": {
    "inner dim 22": {
      "training-mse": 1.0850483541310209e-07,
      "relative_percent_error": 0.7083263062163933,
      "max_distance_error": 0.008300433875637198,
      "mean_distance_error": 0.00042372977257743407,
      "ae_training_time_s": 21.49796962738037,
      "outer_pca_training_time_s": 0.9471170902252197
    }
  },
  "pca": {}
}