{
  "autoencoder": {
    "inner dim 7": {
      "training-mse": 8.387111988413017e-07,
      "relative_percent_error": 1.7686227646713002,
      "max_distance_error": 0.019423670380882916,
      "mean_distance_error": 0.0010657456645175435,
      "ae_training_time_s": 20.88479709625244,
      "outer_pca_training_time_s": 0.9252347946166992
    }
  },
  "pca": {}
}