{
  "autoencoder": {
    "inner dim 30": {
      "training-mse": 1.2170092593720293e-06,
      "relative_percent_error": 2.128830480685095,
      "max_distance_error": 0.02614855102308559,
      "mean_distance_error": 0.0012895991876250216,
      "ae_training_time_s": 20.33805227279663,
      "outer_pca_training_time_s": 0.9119164943695068
    }
  },
  "pca": {}
}