{
  "autoencoder": {
    "inner dim 22": {
      "training-mse": 2.2656307429533968e-07,
      "relative_percent_error": 0.9993601129943914,
      "max_distance_error": 0.008609070561125696,
      "mean_distance_error": 0.0006139501881600987,
      "ae_training_time_s": 20.280529499053955,
      "outer_pca_training_time_s": 0.8942117691040039
    }
  },
  "pca": {}
}