{
  "autoencoder": {
    "inner dim 27": {
      "training-mse": 1.7587035713200902e-07,
      "relative_percent_error": 0.8807592958520379,
      "max_distance_error": 0.009881647180114667,
      "mean_distance_error": 0.0005360757981681428,
      "ae_training_time_s": 22.01141095161438,
      "outer_pca_training_time_s": 0.962348222732544
    }
  },
  "pca": {}
}