{
  "autoencoder": {
    "inner dim 14": {
      "training-mse": 1.594965634285137e-07,
      "relative_percent_error": 0.8525090352258915,
      "max_distance_error": 0.008132043281614315,
      "mean_distance_error": 0.0005078495686814232,
      "ae_training_time_s": 21.007681608200073,
      "outer_pca_training_time_s": 0.8482570648193359
    }
  },
  "pca": {}
}