{
  "autoencoder": {
    "inner dim 2": {
      "training-mse": 0.00028020209851823465,
      "relative_percent_error": 23.634560648119148,
      "max_distance_error": 0.2442879854184406,
      "mean_distance_error": 0.014586613186358814,
      "ae_training_time_s": 23.022539377212524,
      "outer_pca_training_time_s": 0.9675421714782715
    }
  },
  "pca": {}
}