{
  "autoencoder": {
    "inner dim 8": {
      "training-mse": 2.4933403100080805e-07,
      "relative_percent_error": 1.034030303107832,
      "max_distance_error": 0.015037298671163848,
      "mean_distance_error": 0.000621785213449592,
      "ae_training_time_s": 20.70675826072693,
      "outer_pca_training_time_s": 0.9331200122833252
    }
  },
  "pca": {}
}