{
  "autoencoder": {
    "inner dim 2": {
      "training-mse": 5.752531540733859e-06,
      "relative_percent_error": 4.646798635875172,
      "max_distance_error": 0.045100894655483094,
      "mean_distance_error": 0.002793364600194929,
      "ae_training_time_s": 23.879424571990967,
      "outer_pca_training_time_s": 0.9721832275390625
    }
  },
  "pca": {}
}