{
  "autoencoder": {
    "inner dim 10": {
      "training-mse": 3.167274011890714e-06,
      "relative_percent_error": 3.387323221546626,
      "max_distance_error": 0.035185066112289776,
      "mean_distance_error": 0.0020519624612786837,
      "ae_training_time_s": 21.675195455551147,
      "outer_pca_training_time_s": 0.9496133327484131
    }
  },
  "pca": {}
}