{
  "autoencoder": {
    "inner dim 10": {
      "training-mse": 1.9184219123938105e-07,
      "relative_percent_error": 0.9050649783560057,
      "max_distance_error": 0.012664170338061572,
      "mean_distance_error": 0.0005425366784051284,
      "ae_training_time_s": 26.06052875518799,
      "outer_pca_training_time_s": 0.9578912258148193
    }
  },
  "pca": {}
}