{
  "autoencoder": {
    "inner dim 30": {
      "training-mse": 9.705580893434634e-08,
      "relative_percent_error": 0.6701276840550541,
      "max_distance_error": 0.008801809184372124,
      "mean_distance_error": 0.0004012027914912972,
      "ae_training_time_s": 22.359052419662476,
      "outer_pca_training_time_s": 0.900040864944458
    }
  },
  "pca": {}
}