{
  "autoencoder": {
    "inner dim 5": {
      "training-mse": 7.74738298654085e-07,
      "relative_percent_error": 1.712146145391099,
      "max_distance_error": 0.023736345338652685,
      "mean_distance_error": 0.0010439249934035874,
      "ae_training_time_s": 21.994733572006226,
      "outer_pca_training_time_s": 0.9143900871276855
    }
  },
  "pca": {}
}