{
  "autoencoder": {
    "inner dim 6": {
      "training-mse": 4.939631862930766e-07,
      "relative_percent_error": 1.4781074136978765,
      "max_distance_error": 0.01661948911772475,
      "mean_distance_error": 0.0008803648620743578,
      "ae_training_time_s": 24.861210346221924,
      "outer_pca_training_time_s": 0.9542591571807861
    }
  },
  "pca": {}
}