{
  "autoencoder": {
    "inner dim 24": {
      "training-mse": 1.9055325539468294e-06,
      "relative_percent_error": 2.628037514833952,
      "max_distance_error": 0.02639353769954165,
      "mean_distance_error": 0.0016025432024618534,
      "ae_training_time_s": 21.902667999267578,
      "outer_pca_training_time_s": 0.9111576080322266
    }
  },
  "pca": {}
}