{
  "autoencoder": {
    "inner dim 13": {
      "training-mse": 0.0009369505283336765,
      "relative_percent_error": 49.69263832526644,
      "max_distance_error": 0.3291976315752545,
      "mean_distance_error": 0.03164104302570435,
      "ae_training_time_s": 21.63223123550415,
      "outer_pca_training_time_s": 0.8995497226715088
    }
  },
  "pca": {}
}