{
  "autoencoder": {
    "inner dim 22": {
      "training-mse": 2.749128043678394e-07,
      "relative_percent_error": 1.0535317485267488,
      "max_distance_error": 0.015024137479321,
      "mean_distance_error": 0.000634771020023586,
      "ae_training_time_s": 21.74635148048401,
      "outer_pca_training_time_s": 0.9549057483673096
    }
  },
  "pca": {}
}