{
  "autoencoder": {
    "inner dim 23": {
      "training-mse": 1.4834874382070316e-07,
      "relative_percent_error": 0.8297113538949066,
      "max_distance_error": 0.008904746133106017,
      "mean_distance_error": 0.0004977714153499833,
      "ae_training_time_s": 22.122262954711914,
      "outer_pca_training_time_s": 0.9345560073852539
    }
  },
  "pca": {}
}