{
  "autoencoder": {
    "inner dim 25": {
      "training-mse": 1.0676382483438894e-07,
      "relative_percent_error": 0.693181042247448,
      "max_distance_error": 0.008973911425172542,
      "mean_distance_error": 0.0004173072478079946,
      "ae_training_time_s": 21.959174156188965,
      "outer_pca_training_time_s": 0.8563950061798096
    }
  },
  "pca": {}
}