{
  "autoencoder": {
    "inner dim 30": {
      "training-mse": 5.125894146495684e-06,
      "relative_percent_error": 4.299599287426754,
      "max_distance_error": 0.05498622459932681,
      "mean_distance_error": 0.0025718951782635873,
      "ae_training_time_s": 20.816237211227417,
      "outer_pca_training_time_s": 0.9130792617797852
    }
  },
  "pca": {}
}