{
  "autoencoder": {
    "inner dim 10": {
      "training-mse": 3.103322769430366e-07,
      "relative_percent_error": 1.121009991478528,
      "max_distance_error": 0.016353973563771936,
      "mean_distance_error": 0.0006743891938982935,
      "ae_training_time_s": 22.88001561164856,
      "outer_pca_training_time_s": 1.072110652923584
    }
  },
  "pca": {}
}