{
  "autoencoder": {
    "inner dim 28": {
      "training-mse": 1.253214638085205e-07,
      "relative_percent_error": 0.7665269031285773,
      "max_distance_error": 0.008512463493042915,
      "mean_distance_error": 0.0004594302307181388,
      "ae_training_time_s": 21.891794681549072,
      "outer_pca_training_time_s": 0.8985393047332764
    }
  },
  "pca": {}
}