{
  "autoencoder": {
    "inner dim 16": {
      "training-mse": 2.1137875554735898e-07,
      "relative_percent_error": 0.9881048993941326,
      "max_distance_error": 0.010312356958629887,
      "mean_distance_error": 0.0005897281038324682,
      "ae_training_time_s": 23.0748348236084,
      "outer_pca_training_time_s": 0.9502339363098145
    }
  },
  "pca": {}
}