{
  "autoencoder": {
    "inner dim 23": {
      "training-mse": 2.1119180544934715e-07,
      "relative_percent_error": 0.918213180645665,
      "max_distance_error": 0.016438103824343037,
      "mean_distance_error": 0.0005539991307681726,
      "ae_training_time_s": 22.055651426315308,
      "outer_pca_training_time_s": 0.882361888885498
    }
  },
  "pca": {}
}