{
  "autoencoder": {
    "inner dim 7": {
      "training-mse": 3.1037333775992845e-07,
      "relative_percent_error": 1.1299626624963035,
      "max_distance_error": 0.015729788193821957,
      "mean_distance_error": 0.0006762007002978876,
      "ae_training_time_s": 22.48682713508606,
      "outer_pca_training_time_s": 0.9473402500152588
    }
  },
  "pca": {}
}