{
  "autoencoder": {
    "inner dim 5": {
      "training-mse": 0.0009369343364575254,
      "relative_percent_error": 49.67715921701957,
      "max_distance_error": 0.3291965608415647,
      "mean_distance_error": 0.03163954816067687,
      "ae_training_time_s": 21.619928121566772,
      "outer_pca_training_time_s": 0.9380929470062256
    }
  },
  "pca": {}
}