{
  "autoencoder": {
    "inner dim 2": {
      "training-mse": 5.563960255159643e-06,
      "relative_percent_error": 4.593943918543816,
      "max_distance_error": 0.04846953141684649,
      "mean_distance_error": 0.002776925875328624,
      "ae_training_time_s": 22.574814558029175,
      "outer_pca_training_time_s": 0.9518187046051025
    }
  },
  "pca": {}
}