{
  "autoencoder": {
    "inner dim 2": {
      "training-mse": 9.717004010183875e-06,
      "relative_percent_error": 5.970472241658015,
      "max_distance_error": 0.053051807863403515,
      "mean_distance_error": 0.0036471712514859374,
      "ae_training_time_s": 22.985525608062744,
      "outer_pca_training_time_s": 0.9257402420043945
    }
  },
  "pca": {}
}