{
  "autoencoder": {
    "inner dim 7": {
      "training-mse": 2.495049936489931e-07,
      "relative_percent_error": 1.0116982501412548,
      "max_distance_error": 0.013745215077939146,
      "mean_distance_error": 0.00060482140797494,
      "ae_training_time_s": 22.498251914978027,
      "outer_pca_training_time_s": 0.9448940753936768
    }
  },
  "pca": {}
}