{
  "autoencoder": {
    "inner dim 18": {
      "training-mse": 2.755916388645412e-07,
      "relative_percent_error": 1.162930618088407,
      "max_distance_error": 0.007996521951604718,
      "mean_distance_error": 0.0006769719966633585,
      "ae_training_time_s": 22.047996759414673,
      "outer_pca_training_time_s": 0.9335601329803467
    }
  },
  "pca": {}
}