{
  "autoencoder": {
    "inner dim 3": {
      "training-mse": 3.342756566274303e-06,
      "relative_percent_error": 3.333256193716428,
      "max_distance_error": 0.04410864976246183,
      "mean_distance_error": 0.001998529893879269,
      "ae_training_time_s": 23.05878710746765,
      "outer_pca_training_time_s": 0.865980863571167
    }
  },
  "pca": {}
}