{
  "autoencoder": {
    "inner dim 22": {
      "training-mse": 7.249697190658405e-07,
      "relative_percent_error": 1.7543176576802246,
      "max_distance_error": 0.017277772656904257,
      "mean_distance_error": 0.0010385697677993664,
      "ae_training_time_s": 21.846517324447632,
      "outer_pca_training_time_s": 0.9834268093109131
    }
  },
  "pca": {}
}