{
  "autoencoder": {
    "inner dim 18": {
      "training-mse": 3.1866226912331365e-06,
      "relative_percent_error": 3.426054009577087,
      "max_distance_error": 0.035212549385808686,
      "mean_distance_error": 0.0020657642711563204,
      "ae_training_time_s": 22.02420973777771,
      "outer_pca_training_time_s": 0.9457581043243408
    }
  },
  "pca": {}
}