{
  "autoencoder": {
    "inner dim 7": {
      "training-mse": 2.882563393240117e-07,
      "relative_percent_error": 1.1055028406130898,
      "max_distance_error": 0.015160682301687295,
      "mean_distance_error": 0.0006613252396821485,
      "ae_training_time_s": 22.082767009735107,
      "outer_pca_training_time_s": 0.9329664707183838
    }
  },
  "pca": {}
}