{
  "autoencoder": {
    "inner dim 23": {
      "training-mse": 2.1963497719141938e-07,
      "relative_percent_error": 0.9585131529318908,
      "max_distance_error": 0.008388317028126714,
      "mean_distance_error": 0.0005974383744951113,
      "ae_training_time_s": 21.582807302474976,
      "outer_pca_training_time_s": 0.9236626625061035
    }
  },
  "pca": {}
}