{
  "autoencoder": {
    "inner dim 8": {
      "training-mse": 3.737085442203537e-07,
      "relative_percent_error": 1.2392646135190386,
      "max_distance_error": 0.01820055918459528,
      "mean_distance_error": 0.0007459651960464514,
      "ae_training_time_s": 22.02102541923523,
      "outer_pca_training_time_s": 0.8359086513519287
    }
  },
  "pca": {}
}