{
  "autoencoder": {
    "inner dim 11": {
      "training-mse": 2.028142669085465e-07,
      "relative_percent_error": 0.9585405305599078,
      "max_distance_error": 0.012179171519459275,
      "mean_distance_error": 0.0005745380900694002,
      "ae_training_time_s": 22.092670917510986,
      "outer_pca_training_time_s": 0.9296536445617676
    }
  },
  "pca": {}
}