{
  "autoencoder": {
    "inner dim 19": {
      "training-mse": 1.245419894063454e-07,
      "relative_percent_error": 0.7457127753504141,
      "max_distance_error": 0.007258482752446818,
      "mean_distance_error": 0.0004467388358158652,
      "ae_training_time_s": 20.502936601638794,
      "outer_pca_training_time_s": 0.9482698440551758
    }
  },
  "pca": {}
}