{
  "autoencoder": {
    "inner dim 30": {
      "training-mse": 3.229205176680011e-06,
      "relative_percent_error": 3.4691890811334343,
      "max_distance_error": 0.03469815031385954,
      "mean_distance_error": 0.0020948654199167455,
      "ae_training_time_s": 21.929279804229736,
      "outer_pca_training_time_s": 0.9079494476318359
    }
  },
  "pca": {}
}