{
  "autoencoder": {
    "inner dim 8": {
      "training-mse": 2.0354222804247078e-07,
      "relative_percent_error": 0.9290115100043917,
      "max_distance_error": 0.014531882409759795,
      "mean_distance_error": 0.0005535030065354247,
      "ae_training_time_s": 23.945202350616455,
      "outer_pca_training_time_s": 0.9966714382171631
    }
  },
  "pca": {}
}