{
  "autoencoder": {
    "inner dim 28": {
      "training-mse": 1.587103812457429e-07,
      "relative_percent_error": 0.8475825862582657,
      "max_distance_error": 0.008324362591786875,
      "mean_distance_error": 0.0005189206964463456,
      "ae_training_time_s": 21.968969583511353,
      "outer_pca_training_time_s": 0.9144692420959473
    }
  },
  "pca": {}
}