{
  "autoencoder": {
    "inner dim 16": {
      "training-mse": 1.6372401846348643e-07,
      "relative_percent_error": 0.8641161530559067,
      "max_distance_error": 0.010400073183086729,
      "mean_distance_error": 0.0005232823152768722,
      "ae_training_time_s": 19.945465326309204,
      "outer_pca_training_time_s": 1.0021040439605713
    }
  },
  "pca": {}
}