{
  "autoencoder": {
    "inner dim 6": {
      "training-mse": 4.60154173142898e-07,
      "relative_percent_error": 1.4210148499688577,
      "max_distance_error": 0.014454129899279923,
      "mean_distance_error": 0.0008557767132936268,
      "ae_training_time_s": 22.5352783203125,
      "outer_pca_training_time_s": 0.9779114723205566
    }
  },
  "pca": {}
}