{
  "autoencoder": {
    "inner dim 23": {
      "training-mse": 0.0009369832183357058,
      "relative_percent_error": 49.664019183834455,
      "max_distance_error": 0.3291816702343351,
      "mean_distance_error": 0.03164100037741719,
      "ae_training_time_s": 21.659286975860596,
      "outer_pca_training_time_s": 0.7942843437194824
    }
  },
  "pca": {}
}