{
  "autoencoder": {
    "inner dim 12": {
      "training-mse": 2.281609612431605e-07,
      "relative_percent_error": 0.9879288640823111,
      "max_distance_error": 0.013496488025822642,
      "mean_distance_error": 0.0005952095881674788,
      "ae_training_time_s": 19.7875394821167,
      "outer_pca_training_time_s": 0.8309552669525146
    }
  },
  "pca": {}
}