{
  "autoencoder": {
    "inner dim 28": {
      "training-mse": 1.9726237781876807e-07,
      "relative_percent_error": 0.8930977011223497,
      "max_distance_error": 0.013969378578420117,
      "mean_distance_error": 0.0005380423061794689,
      "ae_training_time_s": 21.008881330490112,
      "outer_pca_training_time_s": 0.8205952644348145
    }
  },
  "pca": {}
}