{
  "autoencoder": {
    "inner dim 16": {
      "training-mse": 1.1389536482106525e-05,
      "relative_percent_error": 6.180416494284424,
      "max_distance_error": 0.05692225325462021,
      "mean_distance_error": 0.0037879028294224783,
      "ae_training_time_s": 21.484846830368042,
      "outer_pca_training_time_s": 0.8376574516296387
    }
  },
  "pca": {}
}