{
  "autoencoder": {
    "inner dim 15": {
      "training-mse": 2.295333309205608e-07,
      "relative_percent_error": 0.9554327519750015,
      "max_distance_error": 0.009537210941831981,
      "mean_distance_error": 0.0005890381572008225,
      "ae_training_time_s": 25.001612424850464,
      "outer_pca_training_time_s": 0.937833309173584
    }
  },
  "pca": {}
}