{
  "autoencoder": {
    "inner dim 10": {
      "training-mse": 2.1077304263804601e-07,
      "relative_percent_error": 0.9775166056908122,
      "max_distance_error": 0.011643992835478217,
      "mean_distance_error": 0.0005815490370406502,
      "ae_training_time_s": 22.434228658676147,
      "outer_pca_training_time_s": 0.9221272468566895
    }
  },
  "pca": {}
}