{
  "autoencoder": {
    "inner dim 2": {
      "training-mse": 5.79730116668806e-06,
      "relative_percent_error": 4.689152190182996,
      "max_distance_error": 0.0445781717562559,
      "mean_distance_error": 0.0028226396790374097,
      "ae_training_time_s": 22.612438440322876,
      "outer_pca_training_time_s": 0.9320571422576904
    }
  },
  "pca": {}
}