{
  "autoencoder": {
    "inner dim 3": {
      "training-mse": 3.721481314893751e-06,
      "relative_percent_error": 3.5304367453972163,
      "max_distance_error": 0.04526691021336734,
      "mean_distance_error": 0.002115880427528981,
      "ae_training_time_s": 25.923763275146484,
      "outer_pca_training_time_s": 1.0382802486419678
    }
  },
  "pca": {}
}