{
  "autoencoder": {
    "inner dim 16": {
      "training-mse": 1.6237878792811184e-07,
      "relative_percent_error": 0.849046030621838,
      "max_distance_error": 0.012217567975535432,
      "mean_distance_error": 0.0005087083998650579,
      "ae_training_time_s": 21.81443166732788,
      "outer_pca_training_time_s": 0.9107866287231445
    }
  },
  "pca": {}
}