{
  "autoencoder": {
    "inner dim 4": {
      "training-mse": 1.4966425112840903e-06,
      "relative_percent_error": 2.3780493210645814,
      "max_distance_error": 0.03100132674623964,
      "mean_distance_error": 0.0014231191495528146,
      "ae_training_time_s": 21.41196894645691,
      "outer_pca_training_time_s": 0.8868918418884277
    }
  },
  "pca": {}
}