{
  "autoencoder": {
    "inner dim 27": {
      "training-mse": 8.198033292223244e-07,
      "relative_percent_error": 1.7521092858042187,
      "max_distance_error": 0.020767516859259504,
      "mean_distance_error": 0.0010510503792664128,
      "ae_training_time_s": 21.798585653305054,
      "outer_pca_training_time_s": 0.9000244140625
    }
  },
  "pca": {}
}