{
  "autoencoder": {
    "inner dim 19": {
      "training-mse": 1.842182698107584e-06,
      "relative_percent_error": 2.528926957021143,
      "max_distance_error": 0.026986862255342556,
      "mean_distance_error": 0.0015535869048540689,
      "ae_training_time_s": 21.492741584777832,
      "outer_pca_training_time_s": 0.9418768882751465
    }
  },
  "pca": {}
}