{
  "autoencoder": {
    "inner dim 14": {
      "training-mse": 1.1375881665297272e-05,
      "relative_percent_error": 6.173334547668763,
      "max_distance_error": 0.05724434658784382,
      "mean_distance_error": 0.0037829196108170268,
      "ae_training_time_s": 22.193601369857788,
      "outer_pca_training_time_s": 0.9402413368225098
    }
  },
  "pca": {}
}