{
  "autoencoder": {
    "inner dim 11": {
      "training-mse": 1.1396362025660271e-05,
      "relative_percent_error": 6.183908304133633,
      "max_distance_error": 0.05697006872171879,
      "mean_distance_error": 0.003788856155089865,
      "ae_training_time_s": 21.829468250274658,
      "outer_pca_training_time_s": 0.8987054824829102
    }
  },
  "pca": {}
}