{
  "autoencoder": {
    "inner dim 11": {
      "training-mse": 1.9829338947388213e-07,
      "relative_percent_error": 0.9037375271906909,
      "max_distance_error": 0.013857032729480221,
      "mean_distance_error": 0.0005431922157314629,
      "ae_training_time_s": 21.950413703918457,
      "outer_pca_training_time_s": 0.9370999336242676
    }
  },
  "pca": {}
}