{
  "autoencoder": {
    "inner dim 30": {
      "training-mse": 1.1311717937664741e-07,
      "relative_percent_error": 0.7060574045994248,
      "max_distance_error": 0.0067596503479564266,
      "mean_distance_error": 0.0004220624879631588,
      "ae_training_time_s": 21.036789655685425,
      "outer_pca_training_time_s": 0.9057981967926025
    }
  },
  "pca": {}
}