{
  "autoencoder": {
    "inner dim 17": {
      "training-mse": 2.22232428114343e-07,
      "relative_percent_error": 0.9644421304953504,
      "max_distance_error": 0.008740778322117516,
      "mean_distance_error": 0.0005896554001287318,
      "ae_training_time_s": 22.701789617538452,
      "outer_pca_training_time_s": 0.9177200794219971
    }
  },
  "pca": {}
}