{
  "autoencoder": {
    "inner dim 25": {
      "training-mse": 9.472446984950093e-08,
      "relative_percent_error": 0.6417452621430574,
      "max_distance_error": 0.00999503861318874,
      "mean_distance_error": 0.000384394473361759,
      "ae_training_time_s": 21.29870319366455,
      "outer_pca_training_time_s": 0.8974246978759766
    }
  },
  "pca": {}
}