{
  "autoencoder": {
    "inner dim 27": {
      "training-mse": 1.027897244887203e-07,
      "relative_percent_error": 0.6818761393132206,
      "max_distance_error": 0.0086724949344984,
      "mean_distance_error": 0.00040704603586185135,
      "ae_training_time_s": 21.39123773574829,
      "outer_pca_training_time_s": 0.8930370807647705
    }
  },
  "pca": {}
}