{
  "autoencoder": {
    "inner dim 13": {
      "training-mse": 1.9169691259842486e-07,
      "relative_percent_error": 0.9191468317908839,
      "max_distance_error": 0.009894661036646813,
      "mean_distance_error": 0.0005544273033752937,
      "ae_training_time_s": 20.792815923690796,
      "outer_pca_training_time_s": 1.0028104782104492
    }
  },
  "pca": {}
}