{
  "autoencoder": {
    "inner dim 29": {
      "training-mse": 5.142871441871931e-06,
      "relative_percent_error": 4.3197787907928635,
      "max_distance_error": 0.0554334788702202,
      "mean_distance_error": 0.0025847142112423965,
      "ae_training_time_s": 21.12671446800232,
      "outer_pca_training_time_s": 0.8162543773651123
    }
  },
  "pca": {}
}