{
  "autoencoder": {
    "inner dim 5": {
      "training-mse": 1.2193220422549326e-06,
      "relative_percent_error": 2.243209030648579,
      "max_distance_error": 0.028620462134234335,
      "mean_distance_error": 0.0013913688837668982,
      "ae_training_time_s": 22.587570428848267,
      "outer_pca_training_time_s": 0.8746230602264404
    }
  },
  "pca": {}
}