{
  "autoencoder": {
    "inner dim 28": {
      "training-mse": 2.7090174652656566e-07,
      "relative_percent_error": 1.0512465037280936,
      "max_distance_error": 0.01631134130497425,
      "mean_distance_error": 0.000631935433097135,
      "ae_training_time_s": 22.05331826210022,
      "outer_pca_training_time_s": 0.9479587078094482
    }
  },
  "pca": {}
}