{
  "autoencoder": {
    "inner dim 14": {
      "training-mse": 1.9112334971295436e-07,
      "relative_percent_error": 0.9694787706809048,
      "max_distance_error": 0.00895529034774027,
      "mean_distance_error": 0.000577646854645673,
      "ae_training_time_s": 21.921476125717163,
      "outer_pca_training_time_s": 0.8314588069915771
    }
  },
  "pca": {}
}