{
  "autoencoder": {
    "inner dim 20": {
      "training-mse": 5.988070265402245e-07,
      "relative_percent_error": 1.6023024045022922,
      "max_distance_error": 0.01634913876323996,
      "mean_distance_error": 0.0009556761108113434,
      "ae_training_time_s": 21.493443965911865,
      "outer_pca_training_time_s": 0.8153631687164307
    }
  },
  "pca": {}
}