{
  "autoencoder": {
    "inner dim 13": {
      "training-mse": 3.541408499072242e-07,
      "relative_percent_error": 1.2194709070554768,
      "max_distance_error": 0.011072278320598492,
      "mean_distance_error": 0.0007662953773864335,
      "ae_training_time_s": 21.06583023071289,
      "outer_pca_training_time_s": 0.946054220199585
    }
  },
  "pca": {}
}