{
  "autoencoder": {
    "inner dim 4": {
      "training-mse": 1.7422001419313854e-06,
      "relative_percent_error": 2.6517786432690156,
      "max_distance_error": 0.02755192833168702,
      "mean_distance_error": 0.001597257873698906,
      "ae_training_time_s": 22.506128549575806,
      "outer_pca_training_time_s": 0.9550793170928955
    }
  },
  "pca": {}
}