{
  "autoencoder": {
    "inner dim 21": {
      "training-mse": 1.1386510210469431e-07,
      "relative_percent_error": 0.717677064234355,
      "max_distance_error": 0.008928274162891986,
      "mean_distance_error": 0.0004279277277746584,
      "ae_training_time_s": 21.390498161315918,
      "outer_pca_training_time_s": 0.9570858478546143
    }
  },
  "pca": {}
}