{
  "autoencoder": {
    "inner dim 27": {
      "training-mse": 1.1492740829011804e-07,
      "relative_percent_error": 0.7259589718975383,
      "max_distance_error": 0.00943433700161403,
      "mean_distance_error": 0.00043480292711123276,
      "ae_training_time_s": 22.247296810150146,
      "outer_pca_training_time_s": 0.9038364887237549
    }
  },
  "pca": {}
}