{
  "autoencoder": {
    "inner dim 30": {
      "training-mse": 2.080951109300021e-07,
      "relative_percent_error": 0.9145902283140017,
      "max_distance_error": 0.015939639083976,
      "mean_distance_error": 0.0005522667565734349,
      "ae_training_time_s": 20.5882625579834,
      "outer_pca_training_time_s": 0.8306503295898438
    }
  },
  "pca": {}
}