{
  "autoencoder": {
    "inner dim 4": {
      "training-mse": 0.0009369329745945737,
      "relative_percent_error": 49.68049656097256,
      "max_distance_error": 0.3291911586945646,
      "mean_distance_error": 0.03163960814596408,
      "ae_training_time_s": 21.475613832473755,
      "outer_pca_training_time_s": 0.8393490314483643
    }
  },
  "pca": {}
}