{
  "autoencoder": {
    "inner dim 20": {
      "training-mse": 2.7274948617647084e-07,
      "relative_percent_error": 1.087975080676473,
      "max_distance_error": 0.011735815907153512,
      "mean_distance_error": 0.000671843226073144,
      "ae_training_time_s": 21.44493293762207,
      "outer_pca_training_time_s": 0.9398410320281982
    }
  },
  "pca": {}
}