{
  "autoencoder": {
    "inner dim 13": {
      "training-mse": 1.4814609597243213e-07,
      "relative_percent_error": 0.8108444031289165,
      "max_distance_error": 0.011673980049742391,
      "mean_distance_error": 0.00048655486194678184,
      "ae_training_time_s": 22.824342012405396,
      "outer_pca_training_time_s": 0.9828460216522217
    }
  },
  "pca": {}
}