{
  "autoencoder": {
    "inner dim 8": {
      "training-mse": 2.2664398935704007e-07,
      "relative_percent_error": 0.9838429161718639,
      "max_distance_error": 0.013327421730320236,
      "mean_distance_error": 0.0005886924690809508,
      "ae_training_time_s": 22.324548959732056,
      "outer_pca_training_time_s": 0.855471134185791
    }
  },
  "pca": {}
}