{
  "autoencoder": {
    "inner dim 6": {
      "training-mse": 4.6074341988867615e-07,
      "relative_percent_error": 1.41726717885534,
      "max_distance_error": 0.01790861461753737,
      "mean_distance_error": 0.0008535338460074922,
      "ae_training_time_s": 20.544341325759888,
      "outer_pca_training_time_s": 0.8514115810394287
    }
  },
  "pca": {}
}