{
  "autoencoder": {
    "inner dim 2": {
      "training-mse": 5.644668056947913e-06,
      "relative_percent_error": 4.545366233887372,
      "max_distance_error": 0.04547559838097782,
      "mean_distance_error": 0.0027410440985559726,
      "ae_training_time_s": 23.848024606704712,
      "outer_pca_training_time_s": 1.0481901168823242
    }
  },
  "pca": {}
}