{
  "autoencoder": {
    "inner dim 9": {
      "training-mse": 1.2033752842355402e-07,
      "relative_percent_error": 0.7374373349814931,
      "max_distance_error": 0.00989550838965673,
      "mean_distance_error": 0.0004439183200640956,
      "ae_training_time_s": 55.174164056777954,
      "outer_pca_training_time_s": 0.9451785087585449
    }
  },
  "pca": {}
}