{
  "autoencoder": {
    "inner dim 6": {
      "training-mse": 1.8489379120846174e-07,
      "relative_percent_error": 0.8788061942597084,
      "max_distance_error": 0.01353311035924832,
      "mean_distance_error": 0.0005319469305138223,
      "ae_training_time_s": 54.725152015686035,
      "outer_pca_training_time_s": 0.9078693389892578
    }
  },
  "pca": {}
}