{
  "autoencoder": {
    "inner dim 29": {
      "training-mse": 9.073309985126471e-08,
      "relative_percent_error": 0.6425171434329873,
      "max_distance_error": 0.007565641766330007,
      "mean_distance_error": 0.0003846817831811082,
      "ae_training_time_s": 21.085973978042603,
      "outer_pca_training_time_s": 0.9489908218383789
    }
  },
  "pca": {}
}