{
  "autoencoder": {
    "inner dim 14": {
      "training-mse": 5.058275068398939e-07,
      "relative_percent_error": 1.4298641641775875,
      "max_distance_error": 0.011464124890068424,
      "mean_distance_error": 0.0009085773934558241,
      "ae_training_time_s": 22.125061511993408,
      "outer_pca_training_time_s": 0.9140267372131348
    }
  },
  "pca": {}
}