{
  "autoencoder": {
    "inner dim 4": {
      "training-mse": 1.954597036948708e-06,
      "relative_percent_error": 2.757644278781446,
      "max_distance_error": 0.029262081186978123,
      "mean_distance_error": 0.0016578737835695548,
      "ae_training_time_s": 22.735121726989746,
      "outer_pca_training_time_s": 0.8427016735076904
    }
  },
  "pca": {}
}