{
  "autoencoder": {
    "inner dim 16": {
      "training-mse": 4.868753530171473e-07,
      "relative_percent_error": 1.3817768568022761,
      "max_distance_error": 0.016764334167758528,
      "mean_distance_error": 0.0008277913766416979,
      "ae_training_time_s": 20.846121311187744,
      "outer_pca_training_time_s": 0.8188996315002441
    }
  },
  "pca": {}
}