{
  "autoencoder": {
    "inner dim 1": {
      "training-mse": 0.0004241787588500766,
      "relative_percent_error": 35.43708617107024,
      "max_distance_error": 0.3193715825889825,
      "mean_distance_error": 0.02141255898375803,
      "ae_training_time_s": 22.73455548286438,
      "outer_pca_training_time_s": 0.8374667167663574
    }
  },
  "pca": {}
}