{
  "autoencoder": {
    "inner dim 7": {
      "training-mse": 3.132493212078731e-07,
      "relative_percent_error": 1.149900114645255,
      "max_distance_error": 0.015925196384151442,
      "mean_distance_error": 0.0006943716745444843,
      "ae_training_time_s": 20.53895401954651,
      "outer_pca_training_time_s": 0.8461575508117676
    }
  },
  "pca": {}
}