{
  "autoencoder": {
    "inner dim 26": {
      "training-mse": 1.169124384371707e-07,
      "relative_percent_error": 0.7252933362073537,
      "max_distance_error": 0.01141295332867483,
      "mean_distance_error": 0.00043512851129240225,
      "ae_training_time_s": 20.539801836013794,
      "outer_pca_training_time_s": 0.8808565139770508
    }
  },
  "pca": {}
}