{
  "autoencoder": {
    "inner dim 18": {
      "training-mse": 1.221103873976113e-07,
      "relative_percent_error": 0.7329043967263298,
      "max_distance_error": 0.01096002929524594,
      "mean_distance_error": 0.0004372444408040774,
      "ae_training_time_s": 20.98232674598694,
      "outer_pca_training_time_s": 0.8468074798583984
    }
  },
  "pca": {}
}