{
  "autoencoder": {
    "inner dim 1": {
      "training-mse": 0.0003581984581655932,
      "relative_percent_error": 33.572444242611525,
      "max_distance_error": 0.2953225150946885,
      "mean_distance_error": 0.020194671646967657,
      "ae_training_time_s": 23.8358051776886,
      "outer_pca_training_time_s": 0.9962687492370605
    }
  },
  "pca": {}
}