{
  "autoencoder": {
    "inner dim 9": {
      "training-mse": 0.0009369340762097648,
      "relative_percent_error": 49.676228374241276,
      "max_distance_error": 0.32919050447271303,
      "mean_distance_error": 0.03163946678569447,
      "ae_training_time_s": 20.700498819351196,
      "outer_pca_training_time_s": 0.8688502311706543
    }
  },
  "pca": {}
}