{
  "autoencoder": {
    "inner dim 1": {
      "training-mse": 0.00041530660881375917,
      "relative_percent_error": 34.82342573643027,
      "max_distance_error": 0.31271784604557523,
      "mean_distance_error": 0.020957364986784757,
      "ae_training_time_s": 21.68388080596924,
      "outer_pca_training_time_s": 0.867570161819458
    }
  },
  "pca": {}
}