{
  "autoencoder": {
    "inner dim 22": {
      "training-mse": 5.086546470672601e-07,
      "relative_percent_error": 1.4182794420084466,
      "max_distance_error": 0.01755832726370728,
      "mean_distance_error": 0.0008515975762026914,
      "ae_training_time_s": 21.82826018333435,
      "outer_pca_training_time_s": 0.9886634349822998
    }
  },
  "pca": {}
}