{
  "autoencoder": {
    "inner dim 12": {
      "training-mse": 5.48963704777384e-07,
      "relative_percent_error": 1.494919725491173,
      "max_distance_error": 0.015588414276306745,
      "mean_distance_error": 0.0008984756734331036,
      "ae_training_time_s": 21.761170625686646,
      "outer_pca_training_time_s": 0.935150146484375
    }
  },
  "pca": {}
}