{
  "autoencoder": {
    "inner dim 5": {
      "training-mse": 9.65757571414867e-07,
      "relative_percent_error": 2.0055917188925743,
      "max_distance_error": 0.028229088589408563,
      "mean_distance_error": 0.0012152929216836,
      "ae_training_time_s": 22.12102222442627,
      "outer_pca_training_time_s": 0.9208812713623047
    }
  },
  "pca": {}
}