{
  "autoencoder": {
    "inner dim 20": {
      "training-mse": 1.4127138528902581e-07,
      "relative_percent_error": 0.7925639063630813,
      "max_distance_error": 0.007986205229673865,
      "mean_distance_error": 0.00048208951719271444,
      "ae_training_time_s": 22.21890640258789,
      "outer_pca_training_time_s": 0.9336903095245361
    }
  },
  "pca": {}
}