{
  "autoencoder": {
    "inner dim 20": {
      "training-mse": 1.8422025267443983e-07,
      "relative_percent_error": 0.9360496159547887,
      "max_distance_error": 0.008120569094579482,
      "mean_distance_error": 0.0005602965958003178,
      "ae_training_time_s": 22.11390471458435,
      "outer_pca_training_time_s": 0.9550521373748779
    }
  },
  "pca": {}
}