{
  "autoencoder": {
    "inner dim 19": {
      "training-mse": 1.383714402782978e-07,
      "relative_percent_error": 0.8159863240633669,
      "max_distance_error": 0.007116366557862838,
      "mean_distance_error": 0.0004890019118465822,
      "ae_training_time_s": 22.426095008850098,
      "outer_pca_training_time_s": 0.9382123947143555
    }
  },
  "pca": {}
}