{
  "autoencoder": {
    "inner dim 30": {
      "training-mse": 1.6922012855576017e-07,
      "relative_percent_error": 0.8935314505448791,
      "max_distance_error": 0.007930363587484304,
      "mean_distance_error": 0.000540108797312548,
      "ae_training_time_s": 21.441152811050415,
      "outer_pca_training_time_s": 0.9276368618011475
    }
  },
  "pca": {}
}