{
  "autoencoder": {
    "inner dim 7": {
      "training-mse": 2.355345403101949e-07,
      "relative_percent_error": 1.0006942057006243,
      "max_distance_error": 0.015541438697800773,
      "mean_distance_error": 0.0006044224159086969,
      "ae_training_time_s": 21.02280879020691,
      "outer_pca_training_time_s": 0.9351043701171875
    }
  },
  "pca": {}
}