{
  "autoencoder": {
    "inner dim 22": {
      "training-mse": 4.872448511272074e-07,
      "relative_percent_error": 1.3774407136501776,
      "max_distance_error": 0.01632316331799602,
      "mean_distance_error": 0.0008269427359524791,
      "ae_training_time_s": 20.970510959625244,
      "outer_pca_training_time_s": 0.9859824180603027
    }
  },
  "pca": {}
}