{
  "autoencoder": {
    "inner dim 24": {
      "training-mse": 4.535384087624075e-07,
      "relative_percent_error": 1.2981456600847916,
      "max_distance_error": 0.007643053201294435,
      "mean_distance_error": 0.0007764873810103022,
      "ae_training_time_s": 22.117133378982544,
      "outer_pca_training_time_s": 0.9434008598327637
    }
  },
  "pca": {}
}