{
  "autoencoder": {
    "inner dim 19": {
      "training-mse": 1.8489204770084668e-07,
      "relative_percent_error": 0.8741244214302729,
      "max_distance_error": 0.012021256402482002,
      "mean_distance_error": 0.0005268128835300331,
      "ae_training_time_s": 21.439518451690674,
      "outer_pca_training_time_s": 0.868333101272583
    }
  },
  "pca": {}
}