{
  "autoencoder": {
    "inner dim 29": {
      "training-mse": 2.808876040037641e-07,
      "relative_percent_error": 1.1065481936456012,
      "max_distance_error": 0.014815185881849895,
      "mean_distance_error": 0.0006722240531083838,
      "ae_training_time_s": 21.511897087097168,
      "outer_pca_training_time_s": 0.8381330966949463
    }
  },
  "pca": {}
}