{
  "autoencoder": {
    "inner dim 5": {
      "training-mse": 8.328218956614654e-07,
      "relative_percent_error": 1.8353327538741788,
      "max_distance_error": 0.02937345209368654,
      "mean_distance_error": 0.0010960252078028785,
      "ae_training_time_s": 21.06292963027954,
      "outer_pca_training_time_s": 0.8929693698883057
    }
  },
  "pca": {}
}