{
  "autoencoder": {
    "inner dim 13": {
      "training-mse": 1.8987024833208318e-07,
      "relative_percent_error": 0.9315642347706204,
      "max_distance_error": 0.008976663334220118,
      "mean_distance_error": 0.0005542663608434296,
      "ae_training_time_s": 22.155853748321533,
      "outer_pca_training_time_s": 0.9642324447631836
    }
  },
  "pca": {}
}