{
  "autoencoder": {
    "inner dim 25": {
      "training-mse": 1.2365232714556946e-07,
      "relative_percent_error": 0.7573237944232514,
      "max_distance_error": 0.008745950039389912,
      "mean_distance_error": 0.0004574284767806097,
      "ae_training_time_s": 22.10991930961609,
      "outer_pca_training_time_s": 0.9596192836761475
    }
  },
  "pca": {}
}