{
  "autoencoder": {
    "inner dim 1": {
      "training-mse": 0.0003466533458988115,
      "relative_percent_error": 33.13543350514621,
      "max_distance_error": 0.2765721262061342,
      "mean_distance_error": 0.019897962968859574,
      "ae_training_time_s": 23.217647790908813,
      "outer_pca_training_time_s": 0.9441158771514893
    }
  },
  "pca": {}
}