{
  "autoencoder": {
    "inner dim 10": {
      "training-mse": 1.9787729064094127e-06,
      "relative_percent_error": 2.6919796137447003,
      "max_distance_error": 0.026734149371425025,
      "mean_distance_error": 0.0016451101921639703,
      "ae_training_time_s": 21.804625511169434,
      "outer_pca_training_time_s": 0.9288730621337891
    }
  },
  "pca": {}
}