{
  "autoencoder": {
    "inner dim 4": {
      "training-mse": 2.639188166513238e-06,
      "relative_percent_error": 3.2069573625312953,
      "max_distance_error": 0.03182143746828014,
      "mean_distance_error": 0.0019273262068832957,
      "ae_training_time_s": 21.803396701812744,
      "outer_pca_training_time_s": 0.8807222843170166
    }
  },
  "pca": {}
}