{
  "autoencoder": {
    "inner dim 2": {
      "training-mse": 5.953208830827514e-06,
      "relative_percent_error": 4.677034255820113,
      "max_distance_error": 0.045462953980936326,
      "mean_distance_error": 0.002821902151796633,
      "ae_training_time_s": 23.442530870437622,
      "outer_pca_training_time_s": 0.9501926898956299
    }
  },
  "pca": {}
}