{
  "autoencoder": {
    "inner dim 21": {
      "training-mse": 7.771467182064844e-06,
      "relative_percent_error": 5.1950032704540785,
      "max_distance_error": 0.055568330132826395,
      "mean_distance_error": 0.0031564764886362305,
      "ae_training_time_s": 21.95542001724243,
      "outer_pca_training_time_s": 0.9229097366333008
    }
  },
  "pca": {}
}