{
  "autoencoder": {
    "inner dim 3": {
      "training-mse": 0.0009369416494776135,
      "relative_percent_error": 49.68174185075847,
      "max_distance_error": 0.3291927710032073,
      "mean_distance_error": 0.03163947655502664,
      "ae_training_time_s": 55.54388928413391,
      "outer_pca_training_time_s": 0.8957831859588623
    }
  },
  "pca": {}
}