{
  "autoencoder": {
    "inner dim 20": {
      "training-mse": 5.065189949991277e-07,
      "relative_percent_error": 1.4180341117432755,
      "max_distance_error": 0.015901417187397765,
      "mean_distance_error": 0.0008534990188067526,
      "ae_training_time_s": 21.84157943725586,
      "outer_pca_training_time_s": 0.8076112270355225
    }
  },
  "pca": {}
}