{
  "autoencoder": {
    "inner dim 16": {
      "training-mse": 4.731567366350155e-07,
      "relative_percent_error": 1.3446342630831436,
      "max_distance_error": 0.01230340519118755,
      "mean_distance_error": 0.0008145281901950122,
      "ae_training_time_s": 24.102331399917603,
      "outer_pca_training_time_s": 0.9046242237091064
    }
  },
  "pca": {}
}