{
  "autoencoder": {
    "inner dim 17": {
      "training-mse": 4.7260704985228734e-07,
      "relative_percent_error": 1.3430637137263084,
      "max_distance_error": 0.01613646443209922,
      "mean_distance_error": 0.0008080775583731353,
      "ae_training_time_s": 21.22633409500122,
      "outer_pca_training_time_s": 0.9449467658996582
    }
  },
  "pca": {}
}