{
  "autoencoder": {
    "inner dim 16": {
      "training-mse": 8.526989336870619e-07,
      "relative_percent_error": 1.9431139713664574,
      "max_distance_error": 0.012093071570838634,
      "mean_distance_error": 0.0011340052404787899,
      "ae_training_time_s": 24.750165462493896,
      "outer_pca_training_time_s": 0.922701358795166
    }
  },
  "pca": {}
}