{
  "autoencoder": {
    "inner dim 17": {
      "training-mse": 4.189313857011162e-07,
      "relative_percent_error": 1.3656771595653618,
      "max_distance_error": 0.012225105177210479,
      "mean_distance_error": 0.0008207160020455958,
      "ae_training_time_s": 22.469553470611572,
      "outer_pca_training_time_s": 0.9445199966430664
    }
  },
  "pca": {}
}