{
  "autoencoder": {
    "inner dim 24": {
      "training-mse": 3.2718650134523964e-07,
      "relative_percent_error": 1.1595260685895257,
      "max_distance_error": 0.007753553434980648,
      "mean_distance_error": 0.0006813634692399949,
      "ae_training_time_s": 21.47820234298706,
      "outer_pca_training_time_s": 0.8845021724700928
    }
  },
  "pca": {}
}