{
  "autoencoder": {
    "inner dim 7": {
      "training-mse": 2.125095611664831e-07,
      "relative_percent_error": 0.9553353714435802,
      "max_distance_error": 0.013045765296485446,
      "mean_distance_error": 0.000569898228639547,
      "ae_training_time_s": 22.914393663406372,
      "outer_pca_training_time_s": 0.9602408409118652
    }
  },
  "pca": {}
}