{
  "sim_config": {
    "alternative_full_space_mesh": "",
    "integrator_config": {
      "ae_decoded_dim": 20,
      "ae_encoded_dim": 1,
      "gravity": -9.8,
      "lbfgs_config": {
        "lbfgs_epsilon": 1e-06,
        "lbfgs_m": 8,
        "lbfgs_max_iterations": 0
      },
      "pca_dim": 2,
      "reduced_energy_method": "pcr",
      "reduced_space_type": "autoencoder",
      "save_obj_every_iteration": true,
      "start_pose_from_training_data": 300,
      "timestep": 0.00333333333333333,
      "use_partial_decode": true,
      "use_preconditioner": true,
      "use_reduced_energy": false
    },
    "logging_enabled": true,
    "material_config": {
      "density": 1000,
      "poissons_ratio": 0.47,
      "youngs_modulus": 1000000
    },
    "mesh": "models/new_25cm_bar_11k_twist_and_bend_1d/tets.mesh",
    "save_objs": false,
    "visualization_config": {
      "full_space_constrained_axis": 0,
      "gpu_decode": true,
      "interaction_spring_stiffness": 10000.0,
      "max_frames": 1,
      "print_every_n_frames": 1,
      "show_energy": false,
      "show_stress": false
    }
  },
  "timesteps": [
    {
      "current_frame": 0,
      "iteration_info": {
        "lbfgs_iteration": [
          0,
          1,
          2,
          2,
          2,
          3,
          3,
          3,
          3,
          4,
          5
        ],
        "lbfgs_line_iteration": [
          0,
          0,
          0,
          1,
          2,
          0,
          1,
          2,
          3,
          0,
          0
        ],
        "lbfgs_obj_vals": [
          0.00028233722581842,
          0.0001667848919833,
          202.778120002144,
          0.247911657094562,
          2.21287338644448e-05,
          14.777635618747,
          0.106665332943368,
          2.25210505353281e-05,
          6.49147003215881e-06,
          5.84827848166601e-06,
          5.57788618937018e-06
        ],
        "timing": {
          "energy_forces_time_s": [
            0.0613498687744141,
            0.0344626903533936,
            0.0257024765014648,
            0.0233166217803955,
            0.0080559253692627,
            0.00788688659667969,
            0.0258889198303223,
            0.0266022682189941,
            0.0168797969818115,
            0.00823497772216797,
            0.0205013751983643
          ],
          "linear_decode_time_s": [
            0.000268936157226562,
            0.000212669372558594,
            0.000184774398803711,
            8.94069671630859e-05,
            8.22544097900391e-05,
            8.17775726318359e-05,
            0.000105381011962891,
            0.000131607055664062,
            0.00010228157043457,
            8.91685485839844e-05,
            9.20295715332031e-05
          ],
          "obj_and_grad_eval_time_s": [
            0.0162670612335205,
            0.000177383422851562,
            0.000235557556152344,
            0.000182151794433594,
            0.000145196914672852,
            0.000147581100463867,
            0.000350713729858398,
            0.000278711318969727,
            0.000132560729980469,
            0.000108718872070312,
            0.000254631042480469
          ],
          "predict_weight_time": [
            0.0,
            0.0,
            0.0,
            0.0,
            0.0,
            0.0,
            0.0,
            0.0,
            0.0,
            0.0,
            0.0
          ],
          "tf_time_s": [
            0.000106573104858398,
            0.000173568725585938,
            0.000145912170410156,
            0.000108242034912109,
            0.000111579895019531,
            0.000102519989013672,
            0.000130414962768555,
            0.000215053558349609,
            0.000143766403198242,
            8.98838043212891e-05,
            0.000119924545288086
          ],
          "tot_obj_time_s": [
            0.077995777130127,
            0.035029411315918,
            0.0262711048126221,
            0.0236992835998535,
            0.00839757919311523,
            0.00822210311889648,
            0.0264780521392822,
            0.0272302627563477,
            0.0172607898712158,
            0.00852560997009277,
            0.0209701061248779
          ]
        }
      },
      "lbfgs_iterations": 5,
      "mouse_info": {
        "dragged_pos": [
          0.0,
          0.0,
          0.0
        ],
        "dragged_vert": 0,
        "is_dragging": false
      },
      "precondition_time": 0.000211000442504883,
      "tot_step_time_s": 0.327329158782959
    }
  ]
}