{
  "total_user_interaction_time": 0.0005471706390380859,
  "total_replay_time": 0.001955747604370117,
  "total_training_time": 64.91752672195435
}