{
  "total_user_interaction_time": 0.00044417381286621094,
  "total_replay_time": 0.000762939453125,
  "total_training_time": 72.9544084072113
}