{
  "autoencoder": {
    "training-mse": 5.684427641574943e-07,
    "relative_percent_error": 1.6642609068236214,
    "ae_training_time_s": 176.8396999835968,
    "pca_training_time_s": 1.0333287715911865
  },
  "pca": {
    "5-components": {
      "training-mse": 7.857523246634094e-06,
      "explained_var": 0.9969934239051373,
      "relative_percent_error": 5.528841528701796
    },
    "10-components": {
      "training-mse": 5.109524318359753e-07,
      "explained_var": 0.9998044908912199,
      "relative_percent_error": 1.4102019243964001
    },
    "15-components": {
      "training-mse": 8.824590241523294e-08,
      "explained_var": 0.9999662338866406,
      "relative_percent_error": 0.6044186621523279
    }
  }
}