{
  "sim_config": {
    "alternative_full_space_mesh": "",
    "integrator_config": {
      "ae_decoded_dim": 20,
      "ae_encoded_dim": 1,
      "gravity": 0,
      "lbfgs_config": {
        "lbfgs_epsilon": 1e-08,
        "lbfgs_m": 8,
        "lbfgs_max_iterations": 0
      },
      "pca_dim": 20,
      "reduced_energy_method": "pcr",
      "reduced_space_type": "autoencoder",
      "save_obj_every_iteration": true,
      "start_pose_from_training_data": 300,
      "timestep": 0.00333333333333333,
      "use_partial_decode": true,
      "use_preconditioner": false,
      "use_reduced_energy": false
    },
    "logging_enabled": true,
    "material_config": {
      "density": 1000,
      "poissons_ratio": 0.47,
      "youngs_modulus": 1000000
    },
    "mesh": "models/new_25cm_bar_11k_twist_and_bend_1d_v2/tets.mesh",
    "save_objs": false,
    "visualization_config": {
      "full_space_constrained_axis": 0,
      "gpu_decode": true,
      "interaction_spring_stiffness": 10000.0,
      "max_frames": 1,
      "print_every_n_frames": 1,
      "show_energy": false,
      "show_stress": false
    }
  },
  "timesteps": [
    {
      "current_frame": 0,
      "iteration_info": {
        "lbfgs_iteration": [
          0,
          1,
          2,
          3,
          4
        ],
        "lbfgs_line_iteration": [
          0,
          0,
          0,
          0,
          0
        ],
        "lbfgs_obj_vals": [
          0.000232383407921762,
          9.93518035731078e-07,
          5.90719058359521e-07,
          5.89309462192812e-07,
          5.89262617077747e-07
        ],
        "timing": {
          "energy_forces_time_s": [
            0.0478646755218506,
            0.0257024765014648,
            0.0283596515655518,
            0.0214858055114746,
            0.0254147052764893
          ],
          "linear_decode_time_s": [
            0.000257968902587891,
            0.000197172164916992,
            0.000210285186767578,
            0.000110626220703125,
            0.000102758407592773
          ],
          "obj_and_grad_eval_time_s": [
            0.0141503810882568,
            0.00127696990966797,
            0.000369787216186523,
            0.000224590301513672,
            0.00111269950866699
          ],
          "predict_weight_time": [
            0.0,
            0.0,
            0.0,
            0.0,
            0.0
          ],
          "tf_time_s": [
            0.000138282775878906,
            0.000169754028320312,
            0.000191211700439453,
            0.000177860260009766,
            0.000123739242553711
          ],
          "tot_obj_time_s": [
            0.0624144077301025,
            0.0273489952087402,
            0.0291340351104736,
            0.0220012664794922,
            0.026756763458252
          ]
        }
      },
      "lbfgs_iterations": 4,
      "mouse_info": {
        "dragged_pos": [
          0.0,
          0.0,
          0.0
        ],
        "dragged_vert": 0,
        "is_dragging": false
      },
      "precondition_time": 0.0,
      "tot_step_time_s": 0.180835008621216
    }
  ]
}