{
  "autoencoder": {
    "training-mse": 5.323314890099568e-06,
    "ae_training_time_s": 40.819819927215576,
    "pca_training_time_s": 4.277030944824219
  },
  "pca": {
    "10-components": {
      "training-mse": 0.00021487419795646162,
      "explained_var": 0.9866192042928139
    },
    "20-components": {
      "training-mse": 2.6658417922374104e-05,
      "explained_var": 0.9983399084325225
    },
    "30-components": {
      "training-mse": 3.879213835935563e-06,
      "explained_var": 0.999758430894278
    },
    "40-components": {
      "training-mse": 9.502248808289961e-07,
      "explained_var": 0.9999408269344241
    }
  }
}