{
  "total_user_interaction_time": 0.0005035400390625,
  "total_replay_time": 0.0015065670013427734,
  "total_training_time": 29.330862998962402
}