{
  "autoencoder": {
    "training-mse": 0.0015367023847659004,
    "validation-mse": 0.0006687538635417601
  },
  "pca": {
    "3-components": {
      "training-mse": 0.00730182167030401,
      "explained_var": 0.9942833924835521,
      "validation-mse": 0.0001958435944795214
    }
  }
}