{
  "total_user_interaction_time": 0.0006990432739257812,
  "total_replay_time": 0.002495288848876953,
  "total_training_time": 446.04624366760254
}