{
  "autoencoder": {
    "training-mse": 3.6172347500304067e-06,
    "relative_percent_error": 3.9459485361953,
    "max_distance_error": 0.018651920083544472,
    "ae_training_time_s": 23.247429132461548,
    "pca_training_time_s": 1.7087972164154053
  },
  "pca": {
    "2-components": {
      "training-mse": 2.1522449046119823e-06,
      "max-distance-error": 0.01990428425246748
    },
    "6-components": {
      "training-mse": 1.5003290702618027e-08,
      "max-distance-error": 0.0019871187564053853
    }
  }
}