{
  "autoencoder": {
    "inner dim 6": {
      "training-mse": 5.963666754710503e-07,
      "relative_percent_error": 3.4015961633200416,
      "max_distance_error": 0.02024453173380684,
      "mean_distance_error": 0.0009607385821787847,
      "ae_training_time_s": 81.221200466156,
      "outer_pca_training_time_s": 4.5944178104400635
    }
  },
  "pca": {
    "19-components": {
      "training-mse": 8.93482216650569e-08,
      "max-distance-error": 0.014753253756046223,
      "mean-distance-error": 0.00034563837027927095
    },
    "6-components": {
      "training-mse": 3.1591360562828407e-06,
      "max-distance-error": 0.05188901694918998,
      "mean-distance-error": 0.0020232451523493037
    }
  }
}