{
  "total_user_interaction_time": 0.0005023479461669922,
  "total_replay_time": 0.0014531612396240234,
  "total_training_time": 556.813933134079
}