{
  "autoencoder": {
    "training-mse": 0.15412346718254052,
    "relative_percent_error": 66.64921144126878,
    "ae_training_time_s": 28.78604221343994,
    "pca_training_time_s": 0.0934443473815918
  },
  "pca": {
    "5-components": {
      "training-mse": 3.937055284000127e-06,
      "explained_var": 0.9999912230226453,
      "relative_percent_error": 0.438375159158939
    },
    "10-components": {
      "training-mse": 1.1118815958093602e-07,
      "explained_var": 0.9999997521254115,
      "relative_percent_error": 0.07667105450732932
    },
    "20-components": {
      "training-mse": 1.8231670874647925e-10,
      "explained_var": 0.9999999995935569,
      "relative_percent_error": 0.002982980258140973
    },
    "40-components": {
      "training-mse": 4.962478805473914e-16,
      "explained_var": 0.9999999999999989,
      "relative_percent_error": 5.10908458041653e-06
    },
    "60-components": {
      "training-mse": 9.813751367031868e-21,
      "explained_var": 1.0,
      "relative_percent_error": 2.2305373915553936e-08
    }
  }
}