{
  "autoencoder": {
    "training-mse": 9.023291853859531e-07,
    "relative_percent_error": 2.0178756409076524,
    "ae_training_time_s": 431.39865374565125,
    "pca_training_time_s": 0.8996169567108154
  },
  "pca": {
    "5-components": {
      "training-mse": 7.857523246634094e-06,
      "explained_var": 0.9969934239051373,
      "relative_percent_error": 5.528841528701796
    },
    "10-components": {
      "training-mse": 5.109524318359753e-07,
      "explained_var": 0.9998044908912199,
      "relative_percent_error": 1.4102019243964001
    }
  }
}