{
  "autoencoder": {
    "training-mse": 1.1952778166241505e-08,
    "relative_percent_error": 0.721973744630156,
    "ae_training_time_s": 169.96018433570862,
    "pca_training_time_s": 297.1931667327881
  },
  "pca": {
    "5-components": {
      "training-mse": 2.2100398669692892e-05,
      "explained_var": 0.9234934287977226,
      "relative_percent_error": 25.526938595447085
    },
    "10-components": {
      "training-mse": 5.072988690346826e-06,
      "explained_var": 0.9824384629324082,
      "relative_percent_error": 13.447143542222094
    },
    "30-components": {
      "training-mse": 1.5619292211316133e-07,
      "explained_var": 0.9994592955043236,
      "relative_percent_error": 2.464496957594048
    },
    "83-components": {
      "training-mse": 1.0891370532779527e-09,
      "explained_var": 0.9999962296543712,
      "relative_percent_error": 0.21396813604853246
    }
  }
}