{
  "autoencoder": {
    "training-mse": 0.001124249100303286,
    "validation-mse": 0.0004539679120092432
  },
  "pca": {
    "4-components": {
      "training-mse": 0.0045971156363626845,
      "explained_var": 0.9964009110346136,
      "validation-mse": 0.00018681197805474242
    },
    "20-components": {
      "training-mse": 6.896253756984691e-06,
      "explained_var": 0.9999946009122324,
      "validation-mse": 8.120651802142675e-07
    }
  }
}