{
  "autoencoder": {
    "training-mse": 9.8910360872451e-08,
    "relative_percent_error": 70.54775415233887,
    "ae_training_time_s": 1.6005425453186035,
    "pca_training_time_s": 0.019871950149536133
  },
  "pca": {
    "15-components": {
      "training-mse": 6.50434719416948e-38,
      "explained_var": 1.0000000000000002,
      "relative_percent_error": 6.049442330881501e-14
    },
    "1-components": {
      "training-mse": 2.8345423820867247e-09,
      "explained_var": 0.9847732212249027,
      "relative_percent_error": 14.76517981034026
    }
  }
}