{
  "sim_config": {
    "alternative_full_space_mesh": "",
    "integrator_config": {
      "ae_decoded_dim": 20,
      "ae_encoded_dim": 1,
      "gravity": -9.8,
      "lbfgs_config": {
        "lbfgs_epsilon": 1e-06,
        "lbfgs_m": 8,
        "lbfgs_max_iterations": 0
      },
      "pca_dim": 2,
      "reduced_energy_method": "pcr",
      "reduced_space_type": "autoencoder",
      "save_ply_every_evaluation": true,
      "start_pose_from_training_data": 300,
      "timestep": 0.00333333333333333,
      "use_partial_decode": true,
      "use_preconditioner": true,
      "use_reduced_energy": true
    },
    "logging_enabled": true,
    "material_config": {
      "density": 1000,
      "poissons_ratio": 0.47,
      "youngs_modulus": 1000000
    },
    "mesh": "models/new_25cm_bar_11k_twist_and_bend_1d/tets.mesh",
    "save_objs": false,
    "visualization_config": {
      "full_space_constrained_axis": 0,
      "gpu_decode": true,
      "interaction_spring_stiffness": 10000.0,
      "max_frames": 1,
      "print_every_n_frames": 1,
      "show_energy": false,
      "show_stress": false
    }
  },
  "timesteps": [
    {
      "current_frame": 0,
      "iteration_info": {
        "lbfgs_iteration": [
          0,
          1,
          1,
          1,
          2,
          2,
          2,
          3,
          3,
          4,
          4,
          5,
          5,
          6,
          7,
          8,
          9,
          10,
          11
        ],
        "lbfgs_line_iteration": [
          0,
          0,
          1,
          2,
          0,
          1,
          2,
          0,
          1,
          0,
          1,
          0,
          1,
          0,
          0,
          0,
          0,
          0,
          0
        ],
        "lbfgs_obj_vals": [
          0.000726203220891093,
          0.000664818433389052,
          0.000595984694693273,
          0.000452705478200185,
          400607954.328825,
          317485.570518198,
          0.000157840769632516,
          0.00037977857283497,
          0.000125178103673589,
          8.85847344482284e-05,
          5.3756588067537e-05,
          11.1113121369967,
          5.07634477248828e-05,
          2.93521804966481e-05,
          1.50048497113744e-05,
          9.46751965611434e-06,
          8.23247356082565e-06,
          8.16230018025221e-06,
          8.09919479595401e-06
        ],
        "timing": {
          "energy_forces_time_s": [
            0.000885248184204102,
            0.000306606292724609,
            0.000212907791137695,
            0.000194311141967773,
            0.00022435188293457,
            0.000317811965942383,
            0.000278949737548828,
            0.000262022018432617,
            0.000362396240234375,
            0.00120306015014648,
            0.000281333923339844,
            0.000303983688354492,
            0.000267982482910156,
            0.000242948532104492,
            0.000348091125488281,
            0.000273466110229492,
            0.000272512435913086,
            0.000258922576904297,
            0.000320196151733398
          ],
          "linear_decode_time_s": [
            4.26769256591797e-05,
            4.12464141845703e-05,
            3.24249267578125e-05,
            2.6702880859375e-05,
            2.45571136474609e-05,
            4.98294830322266e-05,
            2.36034393310547e-05,
            1.88350677490234e-05,
            2.12192535400391e-05,
            7.12871551513672e-05,
            2.64644622802734e-05,
            3.29017639160156e-05,
            3.17096710205078e-05,
            2.6702880859375e-05,
            3.93390655517578e-05,
            3.09944152832031e-05,
            3.09944152832031e-05,
            3.4332275390625e-05,
            3.0517578125e-05
          ],
          "obj_and_grad_eval_time_s": [
            0.0164644718170166,
            0.000196456909179688,
            0.000159740447998047,
            0.00016021728515625,
            0.000133991241455078,
            0.000284433364868164,
            0.000171184539794922,
            0.000171661376953125,
            0.000154018402099609,
            0.000167131423950195,
            0.000166177749633789,
            0.000203847885131836,
            0.000157356262207031,
            0.00016331672668457,
            0.000185489654541016,
            0.000153064727783203,
            0.000174760818481445,
            0.000171661376953125,
            0.000182390213012695
          ],
          "predict_weight_time": [
            0.0,
            0.0,
            0.0,
            0.0,
            0.0,
            0.0,
            0.0,
            0.0,
            0.0,
            0.0,
            0.0,
            0.0,
            0.0,
            0.0,
            0.0,
            0.0,
            0.0,
            0.0,
            0.0
          ],
          "tf_time_s": [
            0.000113964080810547,
            0.000127077102661133,
            0.000134706497192383,
            0.00015568733215332,
            0.000154733657836914,
            0.000192642211914062,
            0.000164270401000977,
            0.000137567520141602,
            0.000123023986816406,
            0.000208616256713867,
            0.00013422966003418,
            0.000164270401000977,
            0.000143766403198242,
            0.000127315521240234,
            0.000140905380249023,
            0.000132560729980469,
            0.000138521194458008,
            0.000145912170410156,
            0.000142812728881836
          ],
          "tot_obj_time_s": [
            0.0175082683563232,
            0.000674009323120117,
            0.000542402267456055,
            0.000539302825927734,
            0.000540733337402344,
            0.00084686279296875,
            0.000640630722045898,
            0.000593185424804688,
            0.000664472579956055,
            0.00165343284606934,
            0.000610828399658203,
            0.000707626342773438,
            0.000603437423706055,
            0.000563144683837891,
            0.000716209411621094,
            0.000593185424804688,
            0.000619649887084961,
            0.000612974166870117,
            0.000678300857543945
          ]
        }
      },
      "lbfgs_iterations": 11,
      "mouse_info": {
        "dragged_pos": [
          0.0,
          0.0,
          0.0
        ],
        "dragged_vert": 0,
        "is_dragging": false
      },
      "precondition_time": 0.000169515609741211,
      "tot_step_time_s": 0.232007265090942
    }
  ]
}