{
  "val_loss": [
    17.533868585367575,
    13.380691779801264,
    12.104948447981888,
    15.554079552021092,
    16.135839102674,
    12.088587324611074,
    9.937155556309921,
    10.979912753706138
  ],
  "loss": [
    236.08715873013858,
    205.45228859502566,
    161.0378371255562,
    116.53861485812061,
    90.35721573371572,
    76.14043234355461,
    61.52582894456565,
    50.64438585292662
  ]
}