{
  "autoencoder": {
    "training-mse": 9.549344777931227e-07,
    "relative_percent_error": 2.160976297806265,
    "ae_training_time_s": 416.0912699699402,
    "pca_training_time_s": 0.8437366485595703
  },
  "pca": {
    "5-components": {
      "training-mse": 7.857523246634094e-06,
      "explained_var": 0.9969934239051373,
      "relative_percent_error": 5.528841528701796
    },
    "10-components": {
      "training-mse": 5.109524318359753e-07,
      "explained_var": 0.9998044908912199,
      "relative_percent_error": 1.4102019243964001
    }
  }
}