{
  "autoencoder": {
    "training-mse": 0.0012404122074244678,
    "ae_training_time_s": 8.085538625717163,
    "pca_training_time_s": 0.0259552001953125
  },
  "pca": {
    "6-components": {
      "training-mse": 2.116878256928874e-06,
      "explained_var": 0.9999994470295461
    },
    "10-components": {
      "training-mse": 4.861529826346591e-11,
      "explained_var": 0.999999999987301
    },
    "20-components": {
      "training-mse": 4.237932761232896e-13,
      "explained_var": 0.9999999999998895
    }
  }
}