{
  "autoencoder": {
    "training-mse": 7.209255673395473e-09,
    "relative_percent_error": 0.35438646326682816,
    "ae_training_time_s": 230.1065754890442,
    "pca_training_time_s": 30.124329090118408
  },
  "pca": {
    "40-components": {
      "training-mse": 1.270355204093536e-07
    },
    "99-components": {
      "training-mse": 1.66226312090524e-09
    }
  }
}