{
  "sim_config": {
    "integrator_config": {
      "ae_decoded_dim": 40,
      "ae_encoded_dim": 10,
      "finite_diff_eps": 5e-05,
      "gravity": -9.8,
      "lbfgs_config": {
        "lbfgs_epsilon": 0.0001,
        "lbfgs_m": 8,
        "lbfgs_max_iterations": 150
      },
      "pca_dim": 10,
      "reduced_space_type": "autoencoder",
      "timestep": 0.01,
      "use_preconditioner": true,
      "use_reduced_energy": true
    },
    "logging_enabled": true,
    "material_config": {
      "density": 1000.0,
      "poissons_ratio": 0.45,
      "youngs_modulus": 1000000.0
    },
    "mesh": "models/31k-dragon-10dof-best/tets.mesh",
    "visualization_config": {
      "interaction_spring_stiffness": 10000.0,
      "show_stress": false
    }
  },
  "timesteps": [
    {
      "current_frame": 0,
      "iteration_info": {
        "energy_forces_time_s": [
          0.00133848190307617,
          0.000445842742919922,
          0.000422239303588867,
          0.000418663024902344,
          0.000412702560424805,
          0.000386476516723633,
          0.000400304794311523
        ],
        "lbfgs_obj_vals": [
          0.0205166989609229,
          0.0138426883996591,
          0.013354885406866,
          0.01324908030901,
          0.0132335263500861,
          0.0132295672322572,
          0.0132294257700356
        ],
        "tf_time_s": [
          0.000985622406005859,
          0.00138020515441895,
          0.00133275985717773,
          0.00126862525939941,
          0.00124597549438477,
          0.0012059211730957,
          0.00112295150756836
        ],
        "tot_obj_time_s": [
          0.00671792030334473,
          0.00370597839355469,
          0.00290369987487793,
          0.00274515151977539,
          0.00263166427612305,
          0.00249457359313965,
          0.00242137908935547
        ]
      },
      "lbfgs_iterations": 6,
      "mouse_info": {
        "dragged_pos": [
          0.0,
          0.0,
          0.0
        ],
        "is_dragging": false
      },
      "precondition_time": 0.00150179862976074,
      "tot_step_time_s": 0.0251815319061279
    },
    {
      "current_frame": 1,
      "iteration_info": {
        "energy_forces_time_s": [
          0.00134801864624023,
          0.000440835952758789,
          0.000526666641235352,
          0.000519752502441406
        ],
        "lbfgs_obj_vals": [
          0.0156445059319168,
          0.00711136565944758,
          0.00702923908171533,
          0.0070243994650141
        ],
        "tf_time_s": [
          0.00132918357849121,
          0.00130796432495117,
          0.00103878974914551,
          0.00120878219604492
        ],
        "tot_obj_time_s": [
          0.00557303428649902,
          0.00355839729309082,
          0.0028529167175293,
          0.0027318000793457
        ]
      },
      "lbfgs_iterations": 3,
      "mouse_info": {
        "dragged_pos": [
          0.0,
          0.0,
          0.0
        ],
        "is_dragging": false
      },
      "precondition_time": 0.00143718719482422,
      "tot_step_time_s": 0.016204833984375
    },
    {
      "current_frame": 2,
      "iteration_info": {
        "energy_forces_time_s": [
          0.00105619430541992,
          0.00104999542236328,
          0.000833749771118164,
          0.00067138671875,
          0.000598430633544922
        ],
        "lbfgs_obj_vals": [
          0.0146307159447146,
          0.00598783145615376,
          0.00587174685794678,
          0.00584248447249573,
          0.00584141115607921
        ],
        "tf_time_s": [
          0.00112771987915039,
          0.00165176391601562,
          0.0014655590057373,
          0.00161218643188477,
          0.00150394439697266
        ],
        "tot_obj_time_s": [
          0.00444936752319336,
          0.0056004524230957,
          0.00515627861022949,
          0.00469970703125,
          0.00384163856506348
        ]
      },
      "lbfgs_iterations": 4,
      "mouse_info": {
        "dragged_pos": [
          0.0,
          0.0,
          0.0
        ],
        "is_dragging": false
      },
      "precondition_time": 0.00120210647583008,
      "tot_step_time_s": 0.0250177383422852
    },
    {
      "current_frame": 3,
      "iteration_info": {
        "energy_forces_time_s": [
          0.00105595588684082,
          0.000573635101318359,
          0.000555992126464844,
          0.000550508499145508
        ],
        "lbfgs_obj_vals": [
          0.015025098447692,
          0.00591957740165117,
          0.00581471228003457,
          0.00580657093837451
        ],
        "tf_time_s": [
          0.0014493465423584,
          0.00140523910522461,
          0.00121784210205078,
          0.00114822387695312
        ],
        "tot_obj_time_s": [
          0.00554513931274414,
          0.00425338745117188,
          0.00347757339477539,
          0.00348281860351562
        ]
      },
      "lbfgs_iterations": 3,
      "mouse_info": {
        "dragged_pos": [
          0.0,
          0.0,
          0.0
        ],
        "is_dragging": false
      },
      "precondition_time": 0.00191426277160645,
      "tot_step_time_s": 0.0187163352966309
    },
    {
      "current_frame": 4,
      "iteration_info": {
        "energy_forces_time_s": [
          0.00101017951965332,
          0.000612497329711914,
          0.000484943389892578,
          0.000458002090454102
        ],
        "lbfgs_obj_vals": [
          0.0155573107090345,
          0.00637088880282706,
          0.00630616494668587,
          0.006303689536281
        ],
        "tf_time_s": [
          0.00119709968566895,
          0.00160908699035645,
          0.00177145004272461,
          0.00172853469848633
        ],
        "tot_obj_time_s": [
          0.00527095794677734,
          0.00435400009155273,
          0.00388669967651367,
          0.00368428230285645
        ]
      },
      "lbfgs_iterations": 3,
      "mouse_info": {
        "dragged_pos": [
          0.0,
          0.0,
          0.0
        ],
        "is_dragging": false
      },
      "precondition_time": 0.00165748596191406,
      "tot_step_time_s": 0.0188891887664795
    },
    {
      "current_frame": 5,
      "iteration_info": {
        "energy_forces_time_s": [
          0.0010685920715332,
          0.000421285629272461,
          0.000448465347290039
        ],
        "lbfgs_obj_vals": [
          0.0164101720942474,
          0.0067386074169356,
          0.00668990923409257
        ],
        "tf_time_s": [
          0.00139522552490234,
          0.00177550315856934,
          0.0016629695892334
        ],
        "tot_obj_time_s": [
          0.0055849552154541,
          0.00426268577575684,
          0.00328493118286133
        ]
      },
      "lbfgs_iterations": 2,
      "mouse_info": {
        "dragged_pos": [
          0.0,
          0.0,
          0.0
        ],
        "is_dragging": false
      },
      "precondition_time": 0.00132441520690918,
      "tot_step_time_s": 0.0144844055175781
    },
    {
      "current_frame": 6,
      "iteration_info": {
        "energy_forces_time_s": [
          0.00105452537536621,
          0.000747442245483398,
          0.000466346740722656
        ],
        "lbfgs_obj_vals": [
          0.0173086876597273,
          0.00760381390406086,
          0.00754439358658869
        ],
        "tf_time_s": [
          0.00142979621887207,
          0.00171208381652832,
          0.0017399787902832
        ],
        "tot_obj_time_s": [
          0.00555777549743652,
          0.00492978096008301,
          0.00417661666870117
        ]
      },
      "lbfgs_iterations": 2,
      "mouse_info": {
        "dragged_pos": [
          0.0,
          0.0,
          0.0
        ],
        "is_dragging": false
      },
      "precondition_time": 0.00160932540893555,
      "tot_step_time_s": 0.0163054466247559
    },
    {
      "current_frame": 7,