{
  "autoencoder": {
    "training-mse": 2.046051359304451e-07,
    "relative_percent_error": 1.2054849652332937,
    "ae_training_time_s": 37.437833070755005,
    "pca_training_time_s": 0.42997193336486816
  },
  "pca": {
    "2-components": {
      "training-mse": 0.0001167740433397887,
      "explained_var": 0.9201908748153609,
      "relative_percent_error": 29.738568859755148
    },
    "3-components": {
      "training-mse": 4.4635623066765935e-05,
      "explained_var": 0.9694938196268135,
      "relative_percent_error": 16.755861110731537
    },
    "5-components": {
      "training-mse": 1.1057704182891994e-06,
      "explained_var": 0.9992442621047049,
      "relative_percent_error": 2.56525171932413
    },
    "10-components": {
      "training-mse": 7.002349509929021e-10,
      "explained_var": 0.9999995214249907,
      "relative_percent_error": 0.06288825783234782
    },
    "20-components": {
      "training-mse": 1.1463828423194864e-13,
      "explained_var": 0.9999999999216503,
      "relative_percent_error": 0.0008525393315182284
    }
  }
}