{
  "autoencoder": {
    "training-mse": 3.8086824948704126e-06,
    "relative_percent_error": 4.083155332327294,
    "validation-mse": 2.93671695948958e-06,
    "ae_training_time_s": 11.364250183105469,
    "pca_training_time_s": 1.1306114196777344
  },
  "pca": {
    "5-components": {
      "training-mse": 7.876133527889541e-06,
      "explained_var": 0.9970155875466683,
      "relative_percent_error": 5.498026784368343,
      "validation-mse": 7.221060257265395e-06
    },
    "10-components": {
      "training-mse": 5.124717187411288e-07,
      "explained_var": 0.9998058150012342,
      "relative_percent_error": 1.405962362645669,
      "validation-mse": 4.605046071759966e-07
    },
    "15-components": {
      "training-mse": 8.844757463197494e-08,
      "explained_var": 0.9999664855804864,
      "relative_percent_error": 0.6014415844813129,
      "validation-mse": 8.199961805121169e-08
    }
  }
}