{
  "autoencoder": {
    "inner dim 7": {
      "training-mse": 1.4457248247855464e-07,
      "relative_percent_error": 0.8053553451490878,
      "max_distance_error": 0.009001825555683678,
      "mean_distance_error": 0.00048071718236481,
      "ae_training_time_s": 55.51535892486572,
      "outer_pca_training_time_s": 0.9515457153320312
    }
  },
  "pca": {}
}