{
  "autoencoder": {
    "inner dim 13": {
      "training-mse": 1.3670174041921043e-07,
      "relative_percent_error": 0.7863977862668093,
      "max_distance_error": 0.008008513782612425,
      "mean_distance_error": 0.0004659856892517973,
      "ae_training_time_s": 53.771552324295044,
      "outer_pca_training_time_s": 0.9260900020599365
    }
  },
  "pca": {}
}