{
  "autoencoder": {
    "inner dim 6": {
      "training-mse": 1.1034431542366074e-06,
      "relative_percent_error": 1.9265764104716254,
      "max_distance_error": 0.02555379924190566,
      "mean_distance_error": 0.0011847684028728198,
      "ae_training_time_s": 54.18671655654907,
      "outer_pca_training_time_s": 0.9642510414123535
    }
  },
  "pca": {}
}