{
  "autoencoder": {
    "inner dim 7": {
      "training-mse": 1.2164370936772144e-07,
      "relative_percent_error": 0.7215473218613436,
      "max_distance_error": 0.012211781467220994,
      "mean_distance_error": 0.0004322774654131951,
      "ae_training_time_s": 54.37109375,
      "outer_pca_training_time_s": 0.9613673686981201
    }
  },
  "pca": {}
}