{
  "autoencoder": {
    "inner dim 19": {
      "training-mse": 4.4816412195118897e-07,
      "relative_percent_error": 1.2990382566572773,
      "max_distance_error": 0.007785798292432324,
      "mean_distance_error": 0.0007816045454962462,
      "ae_training_time_s": 52.730122089385986,
      "outer_pca_training_time_s": 0.9980528354644775
    }
  },
  "pca": {}
}