{
  "autoencoder": {
    "inner dim 16": {
      "training-mse": 7.960925689951646e-06,
      "relative_percent_error": 5.231502005191046,
      "max_distance_error": 0.05313324938159241,
      "mean_distance_error": 0.003187144755680751,
      "ae_training_time_s": 54.953120946884155,
      "outer_pca_training_time_s": 0.9551253318786621
    }
  },
  "pca": {}
}