{
  "autoencoder": {
    "inner dim 12": {
      "training-mse": 1.4152907479101837e-07,
      "relative_percent_error": 0.8057291566276586,
      "max_distance_error": 0.008435778930884425,
      "mean_distance_error": 0.00047816325936523435,
      "ae_training_time_s": 54.496469259262085,
      "outer_pca_training_time_s": 0.9842872619628906
    }
  },
  "pca": {}
}