{
  "autoencoder": {
    "inner dim 7": {
      "training-mse": 3.0968332994786196e-07,
      "relative_percent_error": 1.1100798258933067,
      "max_distance_error": 0.011167101053080983,
      "mean_distance_error": 0.0007073290036544886,
      "ae_training_time_s": 54.39217948913574,
      "outer_pca_training_time_s": 0.9312741756439209
    }
  },
  "pca": {}
}