{
  "autoencoder": {
    "inner dim 23": {
      "training-mse": 1.665358404815669e-07,
      "relative_percent_error": 0.8483495526373405,
      "max_distance_error": 0.010808222784141982,
      "mean_distance_error": 0.0005101947806048043,
      "ae_training_time_s": 53.914734840393066,
      "outer_pca_training_time_s": 0.8456852436065674
    }
  },
  "pca": {}
}