{
  "autoencoder": {
    "inner dim 7": {
      "training-mse": 1.392829492868946e-07,
      "relative_percent_error": 0.7857199049893855,
      "max_distance_error": 0.011903721449495065,
      "mean_distance_error": 0.00046876656857830544,
      "ae_training_time_s": 55.420045137405396,
      "outer_pca_training_time_s": 0.9593327045440674
    }
  },
  "pca": {}
}