{
  "autoencoder": {
    "inner dim 15": {
      "training-mse": 1.0076927169150024e-06,
      "relative_percent_error": 1.9864478396642555,
      "max_distance_error": 0.02178543657526168,
      "mean_distance_error": 0.0011843160612672737,
      "ae_training_time_s": 54.37609100341797,
      "outer_pca_training_time_s": 0.9954736232757568
    }
  },
  "pca": {}
}