{
  "autoencoder": {
    "inner dim 7": {
      "training-mse": 0.0009370284030719003,
      "relative_percent_error": 49.72348643327772,
      "max_distance_error": 0.3292266862565868,
      "mean_distance_error": 0.03164587242189931,
      "ae_training_time_s": 53.63537669181824,
      "outer_pca_training_time_s": 0.914402961730957
    }
  },
  "pca": {}
}