{
  "autoencoder": {
    "inner dim 1": {
      "training-mse": 0.0002832297085931616,
      "relative_percent_error": 29.369509985664777,
      "max_distance_error": 0.28782587461327114,
      "mean_distance_error": 0.01759240748179559,
      "ae_training_time_s": 55.32870602607727,
      "outer_pca_training_time_s": 0.9522264003753662
    }
  },
  "pca": {}
}