{
  "autoencoder": {
    "inner dim 7": {
      "training-mse": 8.396218863996808e-07,
      "relative_percent_error": 1.741172557753328,
      "max_distance_error": 0.019594736321513467,
      "mean_distance_error": 0.001047038282694395,
      "ae_training_time_s": 53.90300965309143,
      "outer_pca_training_time_s": 0.9295651912689209
    }
  },
  "pca": {}
}