{
  "autoencoder": {
    "inner dim 17": {
      "training-mse": 1.256534142120537e-07,
      "relative_percent_error": 0.7230412130739517,
      "max_distance_error": 0.006456295931829466,
      "mean_distance_error": 0.0004280247818082216,
      "ae_training_time_s": 52.75872874259949,
      "outer_pca_training_time_s": 0.9112989902496338
    }
  },
  "pca": {}
}