{
  "autoencoder": {
    "inner dim 7": {
      "training-mse": 5.628939602815213e-07,
      "relative_percent_error": 1.4843908290598355,
      "max_distance_error": 0.0158689558121178,
      "mean_distance_error": 0.0008925996257877504,
      "ae_training_time_s": 54.89699912071228,
      "outer_pca_training_time_s": 0.9328823089599609
    }
  },
  "pca": {}
}