{
  "autoencoder": {
    "inner dim 12": {
      "training-mse": 2.495897494773824e-07,
      "relative_percent_error": 1.0815759092637582,
      "max_distance_error": 0.012399016565345164,
      "mean_distance_error": 0.00064145439849441,
      "ae_training_time_s": 54.91344404220581,
      "outer_pca_training_time_s": 0.9520471096038818
    }
  },
  "pca": {}
}