{
  "autoencoder": {
    "inner dim 7": {
      "training-mse": 1.1426331377629503e-05,
      "relative_percent_error": 6.194158989418678,
      "max_distance_error": 0.05636416313664692,
      "mean_distance_error": 0.0037964924551360927,
      "ae_training_time_s": 53.19839096069336,
      "outer_pca_training_time_s": 0.9172382354736328
    }
  },
  "pca": {}
}