{
  "autoencoder": {
    "inner dim 17": {
      "training-mse": 0.000936939948755214,
      "relative_percent_error": 49.687884883660644,
      "max_distance_error": 0.32920595679886006,
      "mean_distance_error": 0.031640245228312325,
      "ae_training_time_s": 52.78708291053772,
      "outer_pca_training_time_s": 0.9150609970092773
    }
  },
  "pca": {}
}