{
  "autoencoder": {
    "inner dim 21": {
      "training-mse": 6.803347554258329e-07,
      "relative_percent_error": 1.5025345635262215,
      "max_distance_error": 0.020072899843733883,
      "mean_distance_error": 0.00091093913870955,
      "ae_training_time_s": 52.08846592903137,
      "outer_pca_training_time_s": 0.9986402988433838
    }
  },
  "pca": {}
}