{
  "autoencoder": {
    "inner dim 14": {
      "training-mse": 1.0462705927733797e-06,
      "relative_percent_error": 1.8484107277814763,
      "max_distance_error": 0.025842412371215602,
      "mean_distance_error": 0.0011415800126866155,
      "ae_training_time_s": 54.73078632354736,
      "outer_pca_training_time_s": 0.9692392349243164
    }
  },
  "pca": {}
}