{
  "autoencoder": {
    "inner dim 6": {
      "training-mse": 8.202593794625636e-07,
      "relative_percent_error": 1.7296923931734804,
      "max_distance_error": 0.020191848075842483,
      "mean_distance_error": 0.0010391953120605704,
      "ae_training_time_s": 53.14247393608093,
      "outer_pca_training_time_s": 0.8614137172698975
    }
  },
  "pca": {}
}