{
  "autoencoder": {
    "inner dim 10": {
      "training-mse": 1.4502589240740432e-07,
      "relative_percent_error": 0.7972064203861718,
      "max_distance_error": 0.009341909989551582,
      "mean_distance_error": 0.0004728493292332841,
      "ae_training_time_s": 53.324774980545044,
      "outer_pca_training_time_s": 0.9433495998382568
    }
  },
  "pca": {}
}