{
  "autoencoder": {
    "inner dim 4": {
      "training-mse": 5.440919788236107e-07,
      "relative_percent_error": 1.430275368840341,
      "max_distance_error": 0.019787991087831178,
      "mean_distance_error": 0.0008575693492812948,
      "ae_training_time_s": 55.769306898117065,
      "outer_pca_training_time_s": 0.9297871589660645
    }
  },
  "pca": {}
}