{
  "autoencoder": {
    "inner dim 23": {
      "training-mse": 1.701453838382341e-07,
      "relative_percent_error": 0.8559638669560478,
      "max_distance_error": 0.011249096233037053,
      "mean_distance_error": 0.000503490825205685,
      "ae_training_time_s": 53.78109121322632,
      "outer_pca_training_time_s": 0.9289135932922363
    }
  },
  "pca": {}
}