{
  "autoencoder": {
    "inner dim 24": {
      "training-mse": 5.193767618113894e-08,
      "relative_percent_error": 0.48524319962682916,
      "max_distance_error": 0.005755391763506353,
      "mean_distance_error": 0.00028935457066475267,
      "ae_training_time_s": 53.16944408416748,
      "outer_pca_training_time_s": 0.9894540309906006
    }
  },
  "pca": {}
}