{
  "autoencoder": {
    "training-mse": 9.469721507813628e-05,
    "relative_percent_error": 1.1803888183323867,
    "ae_training_time_s": 67.98274779319763,
    "pca_training_time_s": 2.0160813331604004
  },
  "pca": {
    "5-components": {
      "training-mse": 0.005318159769099986,
      "explained_var": 0.994760947873295,
      "relative_percent_error": 8.399503792242744
    },
    "10-components": {
      "training-mse": 0.00044437491430738033,
      "explained_var": 0.9995622351638659,
      "relative_percent_error": 2.500572670145548
    },
    "17-components": {
      "training-mse": 6.044395324256618e-05,
      "explained_var": 0.9999404551507419,
      "relative_percent_error": 0.8592619152132689
    }
  }
}