{
  "autoencoder": {
    "training-mse": 2.5387787061853518e-06,
    "relative_percent_error": 3.3806281815759736,
    "ae_training_time_s": 691.5720167160034,
    "pca_training_time_s": 1.0964577198028564
  },
  "pca": {
    "5-components": {
      "training-mse": 7.857523246634094e-06,
      "explained_var": 0.9969934239051373,
      "relative_percent_error": 5.528841528701796
    },
    "10-components": {
      "training-mse": 5.109524318359753e-07,
      "explained_var": 0.9998044908912199,
      "relative_percent_error": 1.4102019243964001
    },
    "15-components": {
      "training-mse": 8.824590241523294e-08,
      "explained_var": 0.9999662338866406,
      "relative_percent_error": 0.6044186621523279
    }
  }
}