{
  "total_user_interaction_time": 0.0010459423065185547,
  "total_replay_time": 0.006260395050048828,
  "total_training_time": 584.5315499305725
}