{
  "autoencoder": {
    "training-mse": 1.197658704914516e-06,
    "relative_percent_error": 3.2642408284936253,
    "ae_training_time_s": 24.242652416229248,
    "pca_training_time_s": 17.713378429412842
  },
  "pca": {
    "30-components": {
      "training-mse": 1.121765765567183e-08,
      "explained_var": 0.9999888249988025,
      "relative_percent_error": 0.2343536770472614
    }
  }
}