{
  "autoencoder": {
    "training-mse": 0.0001235459555857057,
    "ae_training_time_s": 23.31237483024597,
    "pca_training_time_s": 0.6350185871124268
  },
  "pca": {
    "6-components": {
      "training-mse": 0.0019064144835847449,
      "explained_var": 0.9981219434375332
    },
    "30-components": {
      "training-mse": 4.700863134140481e-06,
      "explained_var": 0.9999953690622191
    }
  }
}