{
  "autoencoder": {
    "inner dim 8": {
      "training-mse": 1.191913795214043e-07,
      "relative_percent_error": 1.29127241985965,
      "max_distance_error": 0.004804105860180348,
      "mean_distance_error": 0.0004246771572034056,
      "ae_training_time_s": 109.71722936630249,
      "outer_pca_training_time_s": 5.06938099861145
    }
  },
  "pca": {
    "27-components": {
      "training-mse": 9.805700268288541e-09,
      "max-distance-error": 0.002434864199184471,
      "mean-distance-error": 0.00010529459756621405
    },
    "23-components": {
      "training-mse": 3.075283176624888e-08,
      "max-distance-error": 0.004790434290465642,
      "mean-distance-error": 0.00018809061967276863
    },
    "8-components": {
      "training-mse": 2.857385403722865e-06,
      "max-distance-error": 0.03267489637881744,
      "mean-distance-error": 0.0018210039471244237
    }
  }
}