{
  "total_user_interaction_time": 266.2075574398041,
  "total_replay_time": 3739.9076809883118,
  "total_training_time": 3103.801976442337
}