{
  "autoencoder": {
    "inner dim 19": {
      "training-mse": 3.1619318696777293e-06,
      "relative_percent_error": 3.3943318326205736,
      "max_distance_error": 0.03435703262902715,
      "mean_distance_error": 0.0020505390937450487,
      "ae_training_time_s": 21.46537709236145,
      "outer_pca_training_time_s": 0.9477338790893555
    }
  },
  "pca": {}
}