{
  "autoencoder": {
    "inner dim 26": {
      "training-mse": 2.0814695153061857e-07,
      "relative_percent_error": 0.9479307199888662,
      "max_distance_error": 0.007891174087966663,
      "mean_distance_error": 0.0005626260634384793,
      "ae_training_time_s": 22.353042125701904,
      "outer_pca_training_time_s": 0.9923408031463623
    }
  },
  "pca": {}
}