{
  "autoencoder": {
    "inner dim 19": {
      "training-mse": 3.1156974852797802e-06,
      "relative_percent_error": 3.341035073538688,
      "max_distance_error": 0.03528381392382143,
      "mean_distance_error": 0.002025262920226711,
      "ae_training_time_s": 21.9957115650177,
      "outer_pca_training_time_s": 0.9174463748931885
    }
  },
  "pca": {}
}