{
  "autoencoder": {
    "inner dim 20": {
      "training-mse": 2.806593192029569e-07,
      "relative_percent_error": 1.0625413884522552,
      "max_distance_error": 0.017888820642205053,
      "mean_distance_error": 0.0006408172553149902,
      "ae_training_time_s": 21.85201859474182,
      "outer_pca_training_time_s": 0.9984033107757568
    }
  },
  "pca": {}
}