{
  "autoencoder": {
    "inner dim 29": {
      "training-mse": 1.8161629196393154e-06,
      "relative_percent_error": 2.491832296697838,
      "max_distance_error": 0.02642326122360116,
      "mean_distance_error": 0.0015347237340651867,
      "ae_training_time_s": 21.29986548423767,
      "outer_pca_training_time_s": 0.8536291122436523
    }
  },
  "pca": {}
}