{
  "autoencoder": {
    "inner dim 11": {
      "training-mse": 2.0222085596417996e-07,
      "relative_percent_error": 0.938344927712979,
      "max_distance_error": 0.014026252904943698,
      "mean_distance_error": 0.0005679831458574727,
      "ae_training_time_s": 21.973973751068115,
      "outer_pca_training_time_s": 2.115755319595337
    }
  },
  "pca": {}
}