{
  "autoencoder": {
    "inner dim 15": {
      "training-mse": 0.0009369433975511615,
      "relative_percent_error": 49.67216136522691,
      "max_distance_error": 0.3291853748729488,
      "mean_distance_error": 0.03163950271531267,
      "ae_training_time_s": 21.937017917633057,
      "outer_pca_training_time_s": 1.8302042484283447
    }
  },
  "pca": {}
}