{
  "autoencoder": {
    "inner dim 14": {
      "training-mse": 0.00028023408305910476,
      "relative_percent_error": 23.618181831704568,
      "max_distance_error": 0.24491076275671295,
      "mean_distance_error": 0.01459192642218176,
      "ae_training_time_s": 21.947318077087402,
      "outer_pca_training_time_s": 0.8582632541656494
    }
  },
  "pca": {}
}