{
  "autoencoder": {
    "inner dim 25": {
      "training-mse": 2.253022748510776e-07,
      "relative_percent_error": 0.9581343024300798,
      "max_distance_error": 0.01690477148044489,
      "mean_distance_error": 0.0005772342144585588,
      "ae_training_time_s": 21.780633449554443,
      "outer_pca_training_time_s": 0.9192650318145752
    }
  },
  "pca": {}
}