{
  "autoencoder": {
    "inner dim 19": {
      "training-mse": 1.6427914340353282e-07,
      "relative_percent_error": 0.8725435261282546,
      "max_distance_error": 0.008821911763615324,
      "mean_distance_error": 0.0005204906749671946,
      "ae_training_time_s": 22.016587257385254,
      "outer_pca_training_time_s": 0.9092576503753662
    }
  },
  "pca": {}
}