{
  "autoencoder": {
    "inner dim 3": {
      "training-mse": 3.4384879566538753e-06,
      "relative_percent_error": 3.4168399452500835,
      "max_distance_error": 0.04439394815464643,
      "mean_distance_error": 0.002047864840721464,
      "ae_training_time_s": 23.032153129577637,
      "outer_pca_training_time_s": 0.9142470359802246
    }
  },
  "pca": {}
}