{
  "autoencoder": {
    "inner dim 10": {
      "training-mse": 0.0009369392442140682,
      "relative_percent_error": 49.68709728787333,
      "max_distance_error": 0.3291970842086558,
      "mean_distance_error": 0.03164028865761539,
      "ae_training_time_s": 21.150094509124756,
      "outer_pca_training_time_s": 0.9145934581756592
    }
  },
  "pca": {}
}