{
  "autoencoder": {
    "inner dim 10": {
      "training-mse": 1.9228081700626116e-07,
      "relative_percent_error": 0.9061929530688893,
      "max_distance_error": 0.009645829699193234,
      "mean_distance_error": 0.0005456860802529385,
      "ae_training_time_s": 22.2395977973938,
      "outer_pca_training_time_s": 0.9261119365692139
    }
  },
  "pca": {}
}