{
  "autoencoder": {
    "inner dim 29": {
      "training-mse": 3.1626104306309662e-06,
      "relative_percent_error": 3.4006136107439984,
      "max_distance_error": 0.03448735169683496,
      "mean_distance_error": 0.0020554675064090987,
      "ae_training_time_s": 21.77735161781311,
      "outer_pca_training_time_s": 0.9398379325866699
    }
  },
  "pca": {}
}