{
  "autoencoder": {
    "inner dim 22": {
      "training-mse": 2.1231531267899972e-07,
      "relative_percent_error": 1.0050483387399314,
      "max_distance_error": 0.009286194618678821,
      "mean_distance_error": 0.0005946653915858643,
      "ae_training_time_s": 21.91580820083618,
      "outer_pca_training_time_s": 0.9661569595336914
    }
  },
  "pca": {}
}