{
  "autoencoder": {
    "inner dim 27": {
      "training-mse": 1.521475104883204e-07,
      "relative_percent_error": 0.8361632253919725,
      "max_distance_error": 0.008151059205433539,
      "mean_distance_error": 0.000509347895313793,
      "ae_training_time_s": 22.002147674560547,
      "outer_pca_training_time_s": 0.9199767112731934
    }
  },
  "pca": {}
}