{
  "autoencoder": {
    "inner dim 27": {
      "training-mse": 1.546808317517303e-07,
      "relative_percent_error": 0.8421219519126466,
      "max_distance_error": 0.007416824360279591,
      "mean_distance_error": 0.0005047515741237889,
      "ae_training_time_s": 21.888200759887695,
      "outer_pca_training_time_s": 0.898484468460083
    }
  },
  "pca": {}
}