{
  "autoencoder": {
    "inner dim 8": {
      "training-mse": 4.206116263195374e-07,
      "relative_percent_error": 1.3429266948916965,
      "max_distance_error": 0.0165509767474838,
      "mean_distance_error": 0.0008129052744814549,
      "ae_training_time_s": 21.781010389328003,
      "outer_pca_training_time_s": 0.9571928977966309
    }
  },
  "pca": {}
}