{
  "autoencoder": {
    "inner dim 22": {
      "training-mse": 1.137214097008491e-05,
      "relative_percent_error": 6.172017886470981,
      "max_distance_error": 0.056990613840901594,
      "mean_distance_error": 0.003782007350466746,
      "ae_training_time_s": 21.569622039794922,
      "outer_pca_training_time_s": 0.8513228893280029
    }
  },
  "pca": {}
}