{
  "autoencoder": {
    "inner dim 24": {
      "training-mse": 1.1611760446422778e-07,
      "relative_percent_error": 0.724449500528816,
      "max_distance_error": 0.009058156611049212,
      "mean_distance_error": 0.0004360580495138622,
      "ae_training_time_s": 21.755083322525024,
      "outer_pca_training_time_s": 0.8611772060394287
    }
  },
  "pca": {}
}