{
  "autoencoder": {
    "inner dim 21": {
      "training-mse": 1.4006764690076482e-07,
      "relative_percent_error": 0.7931209900619643,
      "max_distance_error": 0.00824697460797897,
      "mean_distance_error": 0.00047434411749137066,
      "ae_training_time_s": 21.98931622505188,
      "outer_pca_training_time_s": 0.9520487785339355
    }
  },
  "pca": {}
}