{
  "autoencoder": {
    "inner dim 24": {
      "training-mse": 1.9491857365200693e-07,
      "relative_percent_error": 0.9721130979355557,
      "max_distance_error": 0.008428812311581055,
      "mean_distance_error": 0.0005820162164550766,
      "ae_training_time_s": 21.903687000274658,
      "outer_pca_training_time_s": 0.8179831504821777
    }
  },
  "pca": {}
}