{
  "autoencoder": {
    "inner dim 16": {
      "training-mse": 4.5035073379349297e-07,
      "relative_percent_error": 1.2813170950009465,
      "max_distance_error": 0.010021281390632795,
      "mean_distance_error": 0.0008098513867086653,
      "ae_training_time_s": 21.94795060157776,
      "outer_pca_training_time_s": 0.9286396503448486
    }
  },
  "pca": {}
}