{
  "autoencoder": {
    "inner dim 12": {
      "training-mse": 3.0916786759359264e-07,
      "relative_percent_error": 1.1669661681479033,
      "max_distance_error": 0.010202639727464519,
      "mean_distance_error": 0.0007103038005679685,
      "ae_training_time_s": 21.601115465164185,
      "outer_pca_training_time_s": 0.8460321426391602
    }
  },
  "pca": {}
}