{
  "autoencoder": {
    "inner dim 6": {
      "training-mse": 5.609645278270824e-07,
      "relative_percent_error": 1.511530231268819,
      "max_distance_error": 0.017192894432135744,
      "mean_distance_error": 0.0009396610004377144,
      "ae_training_time_s": 22.112452745437622,
      "outer_pca_training_time_s": 0.876204252243042
    }
  },
  "pca": {}
}