{
  "autoencoder": {
    "inner dim 6": {
      "training-mse": 5.342564451035616e-07,
      "relative_percent_error": 1.538552087314455,
      "max_distance_error": 0.012799419519636618,
      "mean_distance_error": 0.0009184323584311102,
      "ae_training_time_s": 22.272027492523193,
      "outer_pca_training_time_s": 2.211010456085205
    }
  },
  "pca": {}
}