{
  "autoencoder": {
    "inner dim 15": {
      "training-mse": 2.021305726256457e-07,
      "relative_percent_error": 0.9572047822664216,
      "max_distance_error": 0.01093284705312854,
      "mean_distance_error": 0.0005761574340343888,
      "ae_training_time_s": 22.025436401367188,
      "outer_pca_training_time_s": 0.8554115295410156
    }
  },
  "pca": {}
}