{
  "autoencoder": {
    "inner dim 9": {
      "training-mse": 4.671114923394891e-07,
      "relative_percent_error": 1.4532335650820345,
      "max_distance_error": 0.012897143222685441,
      "mean_distance_error": 0.0008669710245080957,
      "ae_training_time_s": 21.927048206329346,
      "outer_pca_training_time_s": 0.9334053993225098
    }
  },
  "pca": {}
}