{
  "autoencoder": {
    "inner dim 15": {
      "training-mse": 1.5338567962036986e-07,
      "relative_percent_error": 0.8329555006401193,
      "max_distance_error": 0.008618155535547928,
      "mean_distance_error": 0.0004975455653266614,
      "ae_training_time_s": 22.090433359146118,
      "outer_pca_training_time_s": 0.9457423686981201
    }
  },
  "pca": {}
}