{
  "autoencoder": {
    "inner dim 25": {
      "training-mse": 1.751275214013712e-07,
      "relative_percent_error": 0.9132717609412576,
      "max_distance_error": 0.00890797495635252,
      "mean_distance_error": 0.0005356967777894067,
      "ae_training_time_s": 21.961164712905884,
      "outer_pca_training_time_s": 0.8812453746795654
    }
  },
  "pca": {}
}