{
  "autoencoder": {
    "inner dim 26": {
      "training-mse": 8.974167207349669e-08,
      "relative_percent_error": 0.6311346789063089,
      "max_distance_error": 0.008746973701944202,
      "mean_distance_error": 0.00037642322150323933,
      "ae_training_time_s": 22.11458945274353,
      "outer_pca_training_time_s": 0.9917535781860352
    }
  },
  "pca": {}
}