{
  "autoencoder": {
    "inner dim 26": {
      "training-mse": 1.318890651419242e-07,
      "relative_percent_error": 0.75720576658018,
      "max_distance_error": 0.011553175933298798,
      "mean_distance_error": 0.00045359466940866655,
      "ae_training_time_s": 22.142496347427368,
      "outer_pca_training_time_s": 1.01816725730896
    }
  },
  "pca": {}
}