{
  "autoencoder": {
    "inner dim 14": {
      "training-mse": 2.2804418038082442e-07,
      "relative_percent_error": 0.9639822637473654,
      "max_distance_error": 0.01361784002402172,
      "mean_distance_error": 0.0005802774442163887,
      "ae_training_time_s": 21.779159545898438,
      "outer_pca_training_time_s": 0.9436581134796143
    }
  },
  "pca": {}
}