{
  "autoencoder": {
    "inner dim 13": {
      "training-mse": 1.469845968765398e-07,
      "relative_percent_error": 0.7945573700316333,
      "max_distance_error": 0.011071598942039464,
      "mean_distance_error": 0.00047721315029081017,
      "ae_training_time_s": 22.099419593811035,
      "outer_pca_training_time_s": 0.8462474346160889
    }
  },
  "pca": {}
}