{
  "autoencoder": {
    "inner dim 14": {
      "training-mse": 2.1297450511071776e-07,
      "relative_percent_error": 0.9256744171601213,
      "max_distance_error": 0.015685081156036854,
      "mean_distance_error": 0.0005595673776825605,
      "ae_training_time_s": 22.07526707649231,
      "outer_pca_training_time_s": 0.8512248992919922
    }
  },
  "pca": {}
}