{
  "autoencoder": {
    "inner dim 13": {
      "training-mse": 2.7652664750331176e-07,
      "relative_percent_error": 1.1028083547459662,
      "max_distance_error": 0.013538084677028054,
      "mean_distance_error": 0.0006658836240086863,
      "ae_training_time_s": 22.378437519073486,
      "outer_pca_training_time_s": 0.8459010124206543
    }
  },
  "pca": {}
}