{
  "autoencoder": {
    "inner dim 16": {
      "training-mse": 2.514895533032053e-06,
      "relative_percent_error": 3.152123708838024,
      "max_distance_error": 0.027458614109169246,
      "mean_distance_error": 0.0019180533309849663,
      "ae_training_time_s": 22.254390001296997,
      "outer_pca_training_time_s": 0.9107894897460938
    }
  },
  "pca": {}
}