{
  "autoencoder": {
    "inner dim 10": {
      "training-mse": 1.7671345755989814e-07,
      "relative_percent_error": 0.8672153071071792,
      "max_distance_error": 0.009844327543783815,
      "mean_distance_error": 0.0005194389356352088,
      "ae_training_time_s": 21.340561866760254,
      "outer_pca_training_time_s": 0.8617243766784668
    }
  },
  "pca": {}
}