{
  "autoencoder": {
    "inner dim 14": {
      "training-mse": 2.664953146110149e-07,
      "relative_percent_error": 1.072732850519606,
      "max_distance_error": 0.009582797318599439,
      "mean_distance_error": 0.0006481061608154491,
      "ae_training_time_s": 21.92163324356079,
      "outer_pca_training_time_s": 0.8792991638183594
    }
  },
  "pca": {}
}