{
  "autoencoder": {
    "inner dim 25": {
      "training-mse": 1.0075124487069915e-07,
      "relative_percent_error": 0.6659169701086232,
      "max_distance_error": 0.009262057215050901,
      "mean_distance_error": 0.000400818428444123,
      "ae_training_time_s": 22.277698040008545,
      "outer_pca_training_time_s": 0.9678215980529785
    }
  },
  "pca": {}
}