{
  "autoencoder": {
    "inner dim 24": {
      "training-mse": 1.7063492340267335e-07,
      "relative_percent_error": 0.8989012248485772,
      "max_distance_error": 0.007605911936761464,
      "mean_distance_error": 0.0005375215419311948,
      "ae_training_time_s": 22.533281087875366,
      "outer_pca_training_time_s": 1.003488540649414
    }
  },
  "pca": {}
}