{
  "autoencoder": {
    "inner dim 13": {
      "training-mse": 2.205642495709152e-07,
      "relative_percent_error": 0.9865412266471533,
      "max_distance_error": 0.01008968100945003,
      "mean_distance_error": 0.0005946367458306803,
      "ae_training_time_s": 21.869916200637817,
      "outer_pca_training_time_s": 0.8240714073181152
    }
  },
  "pca": {}
}