{
  "autoencoder": {
    "inner dim 24": {
      "training-mse": 1.0993100662102361e-07,
      "relative_percent_error": 0.708916560915685,
      "max_distance_error": 0.01079075782871004,
      "mean_distance_error": 0.00042221817339633324,
      "ae_training_time_s": 22.285550832748413,
      "outer_pca_training_time_s": 0.930896520614624
    }
  },
  "pca": {}
}