{
  "autoencoder": {
    "inner dim 27": {
      "training-mse": 1.1943646900092728e-07,
      "relative_percent_error": 0.7225909068666067,
      "max_distance_error": 0.010635380161348212,
      "mean_distance_error": 0.0004333368015253988,
      "ae_training_time_s": 22.190231561660767,
      "outer_pca_training_time_s": 0.8512780666351318
    }
  },
  "pca": {}
}