{
  "autoencoder": {
    "inner dim 6": {
      "training-mse": 2.799743930645006e-07,
      "relative_percent_error": 1.075513787088307,
      "max_distance_error": 0.013826100248227852,
      "mean_distance_error": 0.0006463927062807221,
      "ae_training_time_s": 22.039847373962402,
      "outer_pca_training_time_s": 0.8586640357971191
    }
  },
  "pca": {}
}