{
  "autoencoder": {
    "inner dim 27": {
      "training-mse": 4.293658920680039e-07,
      "relative_percent_error": 1.3987656656611152,
      "max_distance_error": 0.015662770614060347,
      "mean_distance_error": 0.0008405623334880653,
      "ae_training_time_s": 22.3464834690094,
      "outer_pca_training_time_s": 0.8341960906982422
    }
  },
  "pca": {}
}