{
  "autoencoder": {
    "inner dim 10": {
      "training-mse": 5.068584560239774e-07,
      "relative_percent_error": 1.4154573067169232,
      "max_distance_error": 0.016293600410848975,
      "mean_distance_error": 0.0008484578435408657,
      "ae_training_time_s": 22.10021209716797,
      "outer_pca_training_time_s": 0.7952349185943604
    }
  },
  "pca": {}
}