{
  "autoencoder": {
    "inner dim 12": {
      "training-mse": 2.804128566006138e-07,
      "relative_percent_error": 1.0619830210459054,
      "max_distance_error": 0.01175826898091048,
      "mean_distance_error": 0.0006429930415123813,
      "ae_training_time_s": 22.243767976760864,
      "outer_pca_training_time_s": 0.8871364593505859
    }
  },
  "pca": {}
}