{
  "autoencoder": {
    "inner dim 5": {
      "training-mse": 0.0002802320650788023,
      "relative_percent_error": 23.62118834464382,
      "max_distance_error": 0.24468028905641845,
      "mean_distance_error": 0.014593081110672618,
      "ae_training_time_s": 22.075876712799072,
      "outer_pca_training_time_s": 1.186600685119629
    }
  },
  "pca": {}
}