{
  "autoencoder": {
    "inner dim 23": {
      "training-mse": 2.2179824902948182e-07,
      "relative_percent_error": 0.9980022398423343,
      "max_distance_error": 0.01168690153409348,
      "mean_distance_error": 0.000612064315851161,
      "ae_training_time_s": 22.508039236068726,
      "outer_pca_training_time_s": 0.9225757122039795
    }
  },
  "pca": {}
}