{
  "autoencoder": {
    "inner dim 2": {
      "training-mse": 5.619543672901913e-06,
      "relative_percent_error": 4.558090136886174,
      "max_distance_error": 0.04531269902948916,
      "mean_distance_error": 0.0027478344058277687,
      "ae_training_time_s": 22.24198055267334,
      "outer_pca_training_time_s": 0.9458024501800537
    }
  },
  "pca": {}
}