{
  "autoencoder": {
    "inner dim 23": {
      "training-mse": 2.722725256168695e-07,
      "relative_percent_error": 1.0351978596820584,
      "max_distance_error": 0.016577289537984537,
      "mean_distance_error": 0.0006223968629653033,
      "ae_training_time_s": 21.27413558959961,
      "outer_pca_training_time_s": 0.901008129119873
    }
  },
  "pca": {}
}