{
  "autoencoder": {
    "inner dim 28": {
      "training-mse": 0.0009369374462696669,
      "relative_percent_error": 49.68960335230372,
      "max_distance_error": 0.32919924338275514,
      "mean_distance_error": 0.031640165607383745,
      "ae_training_time_s": 21.42497968673706,
      "outer_pca_training_time_s": 0.9361073970794678
    }
  },
  "pca": {}
}