{
  "autoencoder": {
    "inner dim 17": {
      "training-mse": 1.3962790035569562e-07,
      "relative_percent_error": 0.7792559539125655,
      "max_distance_error": 0.009224100097155198,
      "mean_distance_error": 0.0004664718509168691,
      "ae_training_time_s": 22.02121090888977,
      "outer_pca_training_time_s": 0.9317326545715332
    }
  },
  "pca": {}
}