{
  "autoencoder": {
    "inner dim 22": {
      "training-mse": 1.6499154875337352e-07,
      "relative_percent_error": 0.8724492585812536,
      "max_distance_error": 0.012440593741423946,
      "mean_distance_error": 0.000520622377387217,
      "ae_training_time_s": 21.82126808166504,
      "outer_pca_training_time_s": 0.937288761138916
    }
  },
  "pca": {}
}