{
  "autoencoder": {
    "inner dim 10": {
      "training-mse": 1.874102860027755e-06,
      "relative_percent_error": 2.555076038911542,
      "max_distance_error": 0.027054183182212893,
      "mean_distance_error": 0.0015710065661624928,
      "ae_training_time_s": 21.969391584396362,
      "outer_pca_training_time_s": 0.9128353595733643
    }
  },
  "pca": {}
}