{
  "autoencoder": {
    "inner dim 3": {
      "training-mse": 3.97205182739442e-06,
      "relative_percent_error": 3.7005992151467746,
      "max_distance_error": 0.045987540444776695,
      "mean_distance_error": 0.0022201620747911064,
      "ae_training_time_s": 22.490434408187866,
      "outer_pca_training_time_s": 0.9453020095825195
    }
  },
  "pca": {}
}