{
  "autoencoder": {
    "inner dim 21": {
      "training-mse": 3.666983055347097e-07,
      "relative_percent_error": 1.3152137688255563,
      "max_distance_error": 0.01030696037818053,
      "mean_distance_error": 0.000775498837982205,
      "ae_training_time_s": 22.326809406280518,
      "outer_pca_training_time_s": 0.9591965675354004
    }
  },
  "pca": {}
}