{
  "autoencoder": {
    "inner dim 23": {
      "training-mse": 1.738723121874126e-07,
      "relative_percent_error": 0.9252335530774869,
      "max_distance_error": 0.008829843264488166,
      "mean_distance_error": 0.0005459189992726959,
      "ae_training_time_s": 22.22028398513794,
      "outer_pca_training_time_s": 0.9529809951782227
    }
  },
  "pca": {}
}