{
  "autoencoder": {
    "inner dim 13": {
      "training-mse": 7.762921989887011e-06,
      "relative_percent_error": 5.1806287623706515,
      "max_distance_error": 0.05487376332862352,
      "mean_distance_error": 0.0031510240798369826,
      "ae_training_time_s": 21.950053215026855,
      "outer_pca_training_time_s": 0.9205613136291504
    }
  },
  "pca": {}
}