{
  "autoencoder": {
    "inner dim 16": {
      "training-mse": 2.824595850561255e-07,
      "relative_percent_error": 1.0699796491713074,
      "max_distance_error": 0.016129944920279533,
      "mean_distance_error": 0.0006432016326765296,
      "ae_training_time_s": 22.221087217330933,
      "outer_pca_training_time_s": 0.8803510665893555
    }
  },
  "pca": {}
}