{
  "autoencoder": {
    "inner dim 15": {
      "training-mse": 2.0583605236423292e-07,
      "relative_percent_error": 0.9497001723740511,
      "max_distance_error": 0.009169552699877225,
      "mean_distance_error": 0.0005825057864272201,
      "ae_training_time_s": 21.822176694869995,
      "outer_pca_training_time_s": 0.8806633949279785
    }
  },
  "pca": {}
}