{
  "autoencoder": {
    "inner dim 17": {
      "training-mse": 1.7371499065150331e-07,
      "relative_percent_error": 0.8968214848443787,
      "max_distance_error": 0.010936514283213268,
      "mean_distance_error": 0.000539632215717957,
      "ae_training_time_s": 22.10134983062744,
      "outer_pca_training_time_s": 0.8894116878509521
    }
  },
  "pca": {}
}