{
  "autoencoder": {
    "inner dim 17": {
      "training-mse": 1.247284404879073e-07,
      "relative_percent_error": 0.7508327899625621,
      "max_distance_error": 0.010734814039324657,
      "mean_distance_error": 0.0004489944157812744,
      "ae_training_time_s": 20.89467144012451,
      "outer_pca_training_time_s": 0.9158031940460205
    }
  },
  "pca": {}
}