{
  "autoencoder": {
    "inner dim 1": {
      "training-mse": 0.000361326421048386,
      "relative_percent_error": 33.21033190178722,
      "max_distance_error": 0.2689022075975338,
      "mean_distance_error": 0.02031421153969825,
      "ae_training_time_s": 22.29671573638916,
      "outer_pca_training_time_s": 0.8598537445068359
    }
  },
  "pca": {}
}