{
  "autoencoder": {
    "inner dim 27": {
      "training-mse": 4.923091682268431e-06,
      "relative_percent_error": 4.113059045529586,
      "max_distance_error": 0.05598018088000608,
      "mean_distance_error": 0.0024710746630193345,
      "ae_training_time_s": 21.615032196044922,
      "outer_pca_training_time_s": 0.9073967933654785
    }
  },
  "pca": {}
}