{
  "autoencoder": {
    "inner dim 11": {
      "training-mse": 5.066561097867331e-07,
      "relative_percent_error": 1.4135154549156494,
      "max_distance_error": 0.012127486699929814,
      "mean_distance_error": 0.0008785934467365993,
      "ae_training_time_s": 22.242183208465576,
      "outer_pca_training_time_s": 0.9048829078674316
    }
  },
  "pca": {}
}