{
  "autoencoder": {
    "inner dim 28": {
      "training-mse": 5.021022751646727e-06,
      "relative_percent_error": 4.218472300533127,
      "max_distance_error": 0.055733415799212295,
      "mean_distance_error": 0.002527365584156865,
      "ae_training_time_s": 21.67664861679077,
      "outer_pca_training_time_s": 0.853529691696167
    }
  },
  "pca": {}
}