{
  "autoencoder": {
    "inner dim 15": {
      "training-mse": 1.429318310274857e-07,
      "relative_percent_error": 0.785512591360804,
      "max_distance_error": 0.0077348946999395134,
      "mean_distance_error": 0.00047009994941810726,
      "ae_training_time_s": 21.97595191001892,
      "outer_pca_training_time_s": 2.5011141300201416
    }
  },
  "pca": {}
}