{
  "autoencoder": {
    "inner dim 21": {
      "training-mse": 6.453799936829749e-07,
      "relative_percent_error": 1.6409515862902555,
      "max_distance_error": 0.017036003999186273,
      "mean_distance_error": 0.0009920499236554213,
      "ae_training_time_s": 20.996397018432617,
      "outer_pca_training_time_s": 0.808851957321167
    }
  },
  "pca": {}
}