{
  "autoencoder": {
    "inner dim 7": {
      "training-mse": 4.82102181828144e-07,
      "relative_percent_error": 1.4468972752950104,
      "max_distance_error": 0.016209911677906034,
      "mean_distance_error": 0.0008818358848790074,
      "ae_training_time_s": 22.0305814743042,
      "outer_pca_training_time_s": 0.9569940567016602
    }
  },
  "pca": {}
}