{
  "autoencoder": {
    "inner dim 16": {
      "training-mse": 1.9416384134688196e-07,
      "relative_percent_error": 0.911274616981693,
      "max_distance_error": 0.00996396580766836,
      "mean_distance_error": 0.0005600009375972408,
      "ae_training_time_s": 21.75969099998474,
      "outer_pca_training_time_s": 0.9501821994781494
    }
  },
  "pca": {}
}