{
  "autoencoder": {
    "inner dim 14": {
      "training-mse": 2.668615023234476e-07,
      "relative_percent_error": 1.1032231921172602,
      "max_distance_error": 0.012097925301705188,
      "mean_distance_error": 0.0006574270456850983,
      "ae_training_time_s": 22.25483536720276,
      "outer_pca_training_time_s": 0.8855009078979492
    }
  },
  "pca": {}
}