{
  "autoencoder": {
    "inner dim 5": {
      "training-mse": 0.0009369757626366089,
      "relative_percent_error": 49.699095617904646,
      "max_distance_error": 0.32920339575756097,
      "mean_distance_error": 0.03164243643950206,
      "ae_training_time_s": 21.776429653167725,
      "outer_pca_training_time_s": 0.9962265491485596
    }
  },
  "pca": {}
}