{
  "autoencoder": {
    "inner dim 24": {
      "training-mse": 1.7782899328177652e-07,
      "relative_percent_error": 0.9110084639342889,
      "max_distance_error": 0.008241482847137493,
      "mean_distance_error": 0.000539491301497375,
      "ae_training_time_s": 21.86269521713257,
      "outer_pca_training_time_s": 0.8788840770721436
    }
  },
  "pca": {}
}