{
  "autoencoder": {
    "inner dim 13": {
      "training-mse": 1.6730760551124172e-07,
      "relative_percent_error": 0.8604613658494855,
      "max_distance_error": 0.01150108195301618,
      "mean_distance_error": 0.0005143925952940738,
      "ae_training_time_s": 22.093135833740234,
      "outer_pca_training_time_s": 0.970813512802124
    }
  },
  "pca": {}
}