{
  "autoencoder": {
    "inner dim 30": {
      "training-mse": 1.1235747075876803e-07,
      "relative_percent_error": 0.7261663106853088,
      "max_distance_error": 0.006673841193424923,
      "mean_distance_error": 0.0004340214779727027,
      "ae_training_time_s": 22.339109659194946,
      "outer_pca_training_time_s": 0.9600193500518799
    }
  },
  "pca": {}
}