{
  "autoencoder": {
    "inner dim 6": {
      "training-mse": 3.62345983551909e-07,
      "relative_percent_error": 1.224689139806929,
      "max_distance_error": 0.019557162950902204,
      "mean_distance_error": 0.0007313028879538571,
      "ae_training_time_s": 21.937827110290527,
      "outer_pca_training_time_s": 0.8261408805847168
    }
  },
  "pca": {}
}