{
  "autoencoder": {
    "inner dim 27": {
      "training-mse": 1.2129028841551191e-07,
      "relative_percent_error": 0.7438669857686808,
      "max_distance_error": 0.007852371027973681,
      "mean_distance_error": 0.00044756972269257775,
      "ae_training_time_s": 21.708401441574097,
      "outer_pca_training_time_s": 0.9099161624908447
    }
  },
  "pca": {}
}