{
  "autoencoder": {
    "inner dim 12": {
      "training-mse": 2.910643206047986e-07,
      "relative_percent_error": 1.130781659782804,
      "max_distance_error": 0.012130318880461401,
      "mean_distance_error": 0.0006966406577496967,
      "ae_training_time_s": 21.967231035232544,
      "outer_pca_training_time_s": 0.9694254398345947
    }
  },
  "pca": {}
}