{
  "autoencoder": {
    "inner dim 21": {
      "training-mse": 1.596452669982862e-07,
      "relative_percent_error": 0.8517291645668139,
      "max_distance_error": 0.007301265840102967,
      "mean_distance_error": 0.0005117466031237767,
      "ae_training_time_s": 21.87383222579956,
      "outer_pca_training_time_s": 0.973395824432373
    }
  },
  "pca": {}
}