{
  "autoencoder": {
    "inner dim 28": {
      "training-mse": 1.1626292815145415e-07,
      "relative_percent_error": 0.7329702612913155,
      "max_distance_error": 0.008475311691993562,
      "mean_distance_error": 0.0004381709680918532,
      "ae_training_time_s": 21.649808406829834,
      "outer_pca_training_time_s": 0.9525079727172852
    }
  },
  "pca": {}
}