{
  "autoencoder": {
    "inner dim 13": {
      "training-mse": 1.5777419589455188e-07,
      "relative_percent_error": 0.8272614690533844,
      "max_distance_error": 0.0086569577387481,
      "mean_distance_error": 0.0004991571302975469,
      "ae_training_time_s": 21.97588562965393,
      "outer_pca_training_time_s": 0.8506677150726318
    }
  },
  "pca": {}
}