{
  "autoencoder": {
    "inner dim 13": {
      "training-mse": 1.8174321383855197e-07,
      "relative_percent_error": 0.9142689441137148,
      "max_distance_error": 0.013182085354680023,
      "mean_distance_error": 0.0005460244778689295,
      "ae_training_time_s": 21.59130859375,
      "outer_pca_training_time_s": 0.865180492401123
    }
  },
  "pca": {}
}