{
  "autoencoder": {
    "inner dim 16": {
      "training-mse": 1.2024978440238458e-07,
      "relative_percent_error": 0.7258170660500647,
      "max_distance_error": 0.00889819790767014,
      "mean_distance_error": 0.0004334050889208845,
      "ae_training_time_s": 22.12231135368347,
      "outer_pca_training_time_s": 0.9039640426635742
    }
  },
  "pca": {}
}