{
  "autoencoder": {
    "inner dim 12": {
      "training-mse": 1.7063470574830997e-07,
      "relative_percent_error": 0.8775469037789886,
      "max_distance_error": 0.012712035989819131,
      "mean_distance_error": 0.0005239845863211401,
      "ae_training_time_s": 22.06011986732483,
      "outer_pca_training_time_s": 0.9481744766235352
    }
  },
  "pca": {}
}