{
  "autoencoder": {
    "inner dim 13": {
      "training-mse": 5.228645963344034e-07,
      "relative_percent_error": 1.4024982221901126,
      "max_distance_error": 0.010441658962896462,
      "mean_distance_error": 0.0008489294505319908,
      "ae_training_time_s": 21.863697290420532,
      "outer_pca_training_time_s": 1.577960729598999
    }
  },
  "pca": {}
}