{
  "autoencoder": {
    "inner dim 16": {
      "training-mse": 5.0561750639008405e-06,
      "relative_percent_error": 4.23283551717929,
      "max_distance_error": 0.055549497074448805,
      "mean_distance_error": 0.002538974363827731,
      "ae_training_time_s": 21.529001235961914,
      "outer_pca_training_time_s": 0.9142313003540039
    }
  },
  "pca": {}
}