{
  "autoencoder": {
    "inner dim 27": {
      "training-mse": 2.324633444872483e-07,
      "relative_percent_error": 1.031678282856262,
      "max_distance_error": 0.00801162057668265,
      "mean_distance_error": 0.0006097212419256752,
      "ae_training_time_s": 22.032182931900024,
      "outer_pca_training_time_s": 0.9636297225952148
    }
  },
  "pca": {}
}