{
  "autoencoder": {
    "inner dim 21": {
      "training-mse": 1.234346803076297e-05,
      "relative_percent_error": 6.529602256732713,
      "max_distance_error": 0.05686240409413516,
      "mean_distance_error": 0.004005949955822587,
      "ae_training_time_s": 21.61640739440918,
      "outer_pca_training_time_s": 0.9221842288970947
    }
  },
  "pca": {}
}