{
  "autoencoder": {
    "inner dim 14": {
      "training-mse": 0.0009369311686099273,
      "relative_percent_error": 49.6806502137409,
      "max_distance_error": 0.32919553997497314,
      "mean_distance_error": 0.03163949910481917,
      "ae_training_time_s": 21.48597264289856,
      "outer_pca_training_time_s": 0.8630084991455078
    }
  },
  "pca": {}
}