{
  "autoencoder": {
    "inner dim 2": {
      "training-mse": 5.5041906626050746e-06,
      "relative_percent_error": 4.507673012009514,
      "max_distance_error": 0.04541727236108713,
      "mean_distance_error": 0.002713085075237512,
      "ae_training_time_s": 22.32584524154663,
      "outer_pca_training_time_s": 0.8702518939971924
    }
  },
  "pca": {}
}