{
  "autoencoder": {
    "inner dim 22": {
      "training-mse": 2.0398399606046367e-07,
      "relative_percent_error": 0.9701273453607723,
      "max_distance_error": 0.009486384679116014,
      "mean_distance_error": 0.0005843410754790423,
      "ae_training_time_s": 21.737372875213623,
      "outer_pca_training_time_s": 0.851416826248169
    }
  },
  "pca": {}
}