{
  "autoencoder": {
    "inner dim 29": {
      "training-mse": 9.586841135050347e-08,
      "relative_percent_error": 0.6666800359073569,
      "max_distance_error": 0.006496022595366427,
      "mean_distance_error": 0.0004009085613809579,
      "ae_training_time_s": 21.85137701034546,
      "outer_pca_training_time_s": 0.9017682075500488
    }
  },
  "pca": {}
}