{
  "autoencoder": {
    "inner dim 5": {
      "training-mse": 7.858804947976536e-07,
      "relative_percent_error": 1.6840681010135554,
      "max_distance_error": 0.02369462945018945,
      "mean_distance_error": 0.0010244011704660676,
      "ae_training_time_s": 21.878700494766235,
      "outer_pca_training_time_s": 0.8922524452209473
    }
  },
  "pca": {}
}