{
  "autoencoder": {
    "inner dim 16": {
      "training-mse": 2.009206399694568e-07,
      "relative_percent_error": 0.9471577358927313,
      "max_distance_error": 0.009321652309763204,
      "mean_distance_error": 0.0005567341107557747,
      "ae_training_time_s": 21.76952052116394,
      "outer_pca_training_time_s": 0.8514041900634766
    }
  },
  "pca": {}
}