{
  "autoencoder": {
    "inner dim 12": {
      "training-mse": 3.14179281276442e-06,
      "relative_percent_error": 3.3655034004059874,
      "max_distance_error": 0.03495509772317829,
      "mean_distance_error": 0.002036925493843937,
      "ae_training_time_s": 22.063658952713013,
      "outer_pca_training_time_s": 0.8449158668518066
    }
  },
  "pca": {}
}