{
  "autoencoder": {
    "inner dim 10": {
      "training-mse": 2.629491802026071e-07,
      "relative_percent_error": 1.0567853557141038,
      "max_distance_error": 0.013779150911733533,
      "mean_distance_error": 0.0006468964965452887,
      "ae_training_time_s": 22.188809156417847,
      "outer_pca_training_time_s": 0.9211111068725586
    }
  },
  "pca": {}
}