{
  "autoencoder": {
    "inner dim 14": {
      "training-mse": 3.637991435121508e-06,
      "relative_percent_error": 3.7915763682597006,
      "max_distance_error": 0.034732343226181885,
      "mean_distance_error": 0.002279810331668506,
      "ae_training_time_s": 22.066941261291504,
      "outer_pca_training_time_s": 0.9316956996917725
    }
  },
  "pca": {}
}