{
  "autoencoder": {
    "inner dim 11": {
      "training-mse": 2.647586766088623e-07,
      "relative_percent_error": 1.0854456447663123,
      "max_distance_error": 0.013193591895926447,
      "mean_distance_error": 0.0006545941020243226,
      "ae_training_time_s": 22.493183851242065,
      "outer_pca_training_time_s": 0.9825541973114014
    }
  },
  "pca": {}
}