{
  "autoencoder": {
    "inner dim 24": {
      "training-mse": 1.0807115260815135e-07,
      "relative_percent_error": 0.7051321454867342,
      "max_distance_error": 0.009485339690095011,
      "mean_distance_error": 0.0004211465874148887,
      "ae_training_time_s": 22.221868991851807,
      "outer_pca_training_time_s": 0.9842231273651123
    }
  },
  "pca": {}
}