{
  "autoencoder": {
    "inner dim 24": {
      "training-mse": 5.048907650695201e-06,
      "relative_percent_error": 4.233170179434672,
      "max_distance_error": 0.05619785362755064,
      "mean_distance_error": 0.0025385338205292938,
      "ae_training_time_s": 21.385791540145874,
      "outer_pca_training_time_s": 0.9449551105499268
    }
  },
  "pca": {}
}