{
  "autoencoder": {
    "inner dim 7": {
      "training-mse": 4.408614015885347e-07,
      "relative_percent_error": 1.3726044059133997,
      "max_distance_error": 0.013743179901472797,
      "mean_distance_error": 0.0008241257732642821,
      "ae_training_time_s": 21.79717230796814,
      "outer_pca_training_time_s": 0.9382426738739014
    }
  },
  "pca": {}
}