{
  "autoencoder": {
    "inner dim 16": {
      "training-mse": 1.108754065329628e-06,
      "relative_percent_error": 1.9564569910544574,
      "max_distance_error": 0.026481150886121834,
      "mean_distance_error": 0.001198993704100356,
      "ae_training_time_s": 21.71819019317627,
      "outer_pca_training_time_s": 0.853278398513794
    }
  },
  "pca": {}
}