{
  "autoencoder": {
    "inner dim 6": {
      "training-mse": 0.0009369370782078183,
      "relative_percent_error": 49.68568968341928,
      "max_distance_error": 0.3291927551535184,
      "mean_distance_error": 0.03163992023857038,
      "ae_training_time_s": 21.263867378234863,
      "outer_pca_training_time_s": 1.2707934379577637
    }
  },
  "pca": {}
}