{
  "autoencoder": {
    "inner dim 9": {
      "training-mse": 2.7666993358913584e-07,
      "relative_percent_error": 1.111897002378738,
      "max_distance_error": 0.011982023539407237,
      "mean_distance_error": 0.0006696320668535612,
      "ae_training_time_s": 22.1269314289093,
      "outer_pca_training_time_s": 0.909630298614502
    }
  },
  "pca": {}
}