{
  "autoencoder": {
    "inner dim 14": {
      "training-mse": 3.9290438429119415e-07,
      "relative_percent_error": 1.2616386509954598,
      "max_distance_error": 0.011488492838840045,
      "mean_distance_error": 0.0007647458362385635,
      "ae_training_time_s": 21.94926691055298,
      "outer_pca_training_time_s": 0.909487247467041
    }
  },
  "pca": {}
}