{
  "autoencoder": {
    "inner dim 17": {
      "training-mse": 1.4624210269728162e-07,
      "relative_percent_error": 0.8209980578034481,
      "max_distance_error": 0.008686373565156492,
      "mean_distance_error": 0.0004903256890436996,
      "ae_training_time_s": 21.87921142578125,
      "outer_pca_training_time_s": 0.9106788635253906
    }
  },
  "pca": {}
}