{
  "autoencoder": {
    "inner dim 13": {
      "training-mse": 2.9809455496659116e-07,
      "relative_percent_error": 1.0875667861057585,
      "max_distance_error": 0.017323266870970657,
      "mean_distance_error": 0.0006528384957974155,
      "ae_training_time_s": 21.792243719100952,
      "outer_pca_training_time_s": 0.8124303817749023
    }
  },
  "pca": {}
}