{
  "autoencoder": {
    "inner dim 29": {
      "training-mse": 0.0009369317908116069,
      "relative_percent_error": 49.679512817815045,
      "max_distance_error": 0.3291939011549747,
      "mean_distance_error": 0.03163952489095546,
      "ae_training_time_s": 21.78961181640625,
      "outer_pca_training_time_s": 0.8789682388305664
    }
  },
  "pca": {}
}