{
  "autoencoder": {
    "inner dim 19": {
      "training-mse": 5.008340344976266e-07,
      "relative_percent_error": 1.3991170144771385,
      "max_distance_error": 0.018448957225876604,
      "mean_distance_error": 0.0008410846879284328,
      "ae_training_time_s": 21.987806797027588,
      "outer_pca_training_time_s": 0.8282504081726074
    }
  },
  "pca": {}
}