{
  "autoencoder": {
    "inner dim 2": {
      "training-mse": 5.56871761051549e-06,
      "relative_percent_error": 4.541992483880786,
      "max_distance_error": 0.047358260373759065,
      "mean_distance_error": 0.002742648041266658,
      "ae_training_time_s": 22.76617455482483,
      "outer_pca_training_time_s": 0.9925153255462646
    }
  },
  "pca": {}
}