{
  "autoencoder": {
    "inner dim 21": {
      "training-mse": 1.9135533445873144e-06,
      "relative_percent_error": 2.64777722248887,
      "max_distance_error": 0.0260522997911865,
      "mean_distance_error": 0.001609434389305622,
      "ae_training_time_s": 22.069095373153687,
      "outer_pca_training_time_s": 0.8953511714935303
    }
  },
  "pca": {}
}