{
  "autoencoder": {
    "inner dim 13": {
      "training-mse": 1.6636966132143843e-07,
      "relative_percent_error": 0.8553780188237683,
      "max_distance_error": 0.00975211879825198,
      "mean_distance_error": 0.0005149520737404587,
      "ae_training_time_s": 21.889958381652832,
      "outer_pca_training_time_s": 0.9677457809448242
    }
  },
  "pca": {}
}