{
  "autoencoder": {
    "inner dim 1": {
      "training-mse": 0.00034675180791195854,
      "relative_percent_error": 32.37484043541604,
      "max_distance_error": 0.24043814906896357,
      "mean_distance_error": 0.019752125192150544,
      "ae_training_time_s": 23.045929193496704,
      "outer_pca_training_time_s": 0.8689937591552734
    }
  },
  "pca": {}
}