{
  "autoencoder": {
    "inner dim 21": {
      "training-mse": 3.1471195168798626e-06,
      "relative_percent_error": 3.37836335739498,
      "max_distance_error": 0.03566841387656878,
      "mean_distance_error": 0.002043839510108285,
      "ae_training_time_s": 22.014974355697632,
      "outer_pca_training_time_s": 0.9096176624298096
    }
  },
  "pca": {}
}