{
  "autoencoder": {
    "inner dim 9": {
      "training-mse": 2.5057544734712777e-07,
      "relative_percent_error": 1.0426105577439346,
      "max_distance_error": 0.013717328913738643,
      "mean_distance_error": 0.0006329829658373209,
      "ae_training_time_s": 21.749861001968384,
      "outer_pca_training_time_s": 2.2399470806121826
    }
  },
  "pca": {}
}