{
  "autoencoder": {
    "inner dim 18": {
      "training-mse": 5.84990213373197e-07,
      "relative_percent_error": 1.623170478165707,
      "max_distance_error": 0.007886954967858194,
      "mean_distance_error": 0.000964059777682796,
      "ae_training_time_s": 22.443334102630615,
      "outer_pca_training_time_s": 0.8678357601165771
    }
  },
  "pca": {}
}