{
  "autoencoder": {
    "inner dim 27": {
      "training-mse": 1.8939021168048524e-06,
      "relative_percent_error": 2.6135449880697226,
      "max_distance_error": 0.02773988873745575,
      "mean_distance_error": 0.0015952807305462601,
      "ae_training_time_s": 22.070375680923462,
      "outer_pca_training_time_s": 0.920759916305542
    }
  },
  "pca": {}
}