{
  "autoencoder": {
    "training-mse": 6.961919276866351e-07,
    "relative_percent_error": 2.342080838361488,
    "ae_training_time_s": 49.642250299453735,
    "pca_training_time_s": 0.4044830799102783
  },
  "pca": {
    "2-components": {
      "training-mse": 0.0001167740433397887,
      "explained_var": 0.9201908748153608,
      "relative_percent_error": 29.738568859755148
    },
    "3-components": {
      "training-mse": 4.4635623066765935e-05,
      "explained_var": 0.9694938196268136,
      "relative_percent_error": 16.755861110731512
    },
    "5-components": {
      "training-mse": 1.1057704182891992e-06,
      "explained_var": 0.9992442621047049,
      "relative_percent_error": 2.565251719324125
    },
    "10-components": {
      "training-mse": 7.002349509929026e-10,
      "explained_var": 0.9999995214249908,
      "relative_percent_error": 0.06288825783234764
    },
    "20-components": {
      "training-mse": 1.1463828423194816e-13,
      "explained_var": 0.9999999999216506,
      "relative_percent_error": 0.0008525393315180656
    }
  }
}