{
  "sim_config": {
    "alternative_full_space_mesh": "",
    "integrator_config": {
      "ae_decoded_dim": 20,
      "ae_encoded_dim": 1,
      "gravity": -9.8,
      "lbfgs_config": {
        "lbfgs_epsilon": 1e-06,
        "lbfgs_m": 8,
        "lbfgs_max_iterations": 0
      },
      "pca_dim": 2,
      "reduced_energy_method": "pcr",
      "reduced_space_type": "autoencoder",
      "save_obj_every_iteration": true,
      "start_pose_from_training_data": 300,
      "timestep": 0.00333333333333333,
      "use_partial_decode": true,
      "use_preconditioner": true,
      "use_reduced_energy": true
    },
    "logging_enabled": true,
    "material_config": {
      "density": 1000,
      "poissons_ratio": 0.47,
      "youngs_modulus": 1000000
    },
    "mesh": "models/new_25cm_bar_11k_twist_and_bend_1d/tets.mesh",
    "save_objs": false,
    "visualization_config": {
      "full_space_constrained_axis": 0,
      "gpu_decode": true,
      "interaction_spring_stiffness": 10000.0,
      "max_frames": 1,
      "print_every_n_frames": 1,
      "show_energy": false,
      "show_stress": false
    }
  },
  "timesteps": [
    {
      "current_frame": 0,
      "iteration_info": {
        "lbfgs_iteration": [
          0,
          1,
          2,
          3,
          3,
          3,
          4,
          5,
          6
        ],
        "lbfgs_line_iteration": [
          0,
          0,
          0,
          0,
          1,
          2,
          0,
          0,
          0
        ],
        "lbfgs_obj_vals": [
          0.000252183806093027,
          0.000148975743045022,
          1.5542211005933e-05,
          8.11709744440662e-05,
          2.26272663350256e-05,
          7.16789702122967e-06,
          6.22868353775407e-06,
          5.65549372902434e-06,
          5.6198395655747e-06
        ],
        "timing": {
          "energy_forces_time_s": [
            0.000988245010375977,
            0.000478506088256836,
            0.000303745269775391,
            0.000375509262084961,
            0.000321865081787109,
            0.000242710113525391,
            0.000240802764892578,
            0.000282526016235352,
            0.000873565673828125
          ],
          "linear_decode_time_s": [
            6.58035278320312e-05,
            7.84397125244141e-05,
            4.72068786621094e-05,
            6.00814819335938e-05,
            3.45706939697266e-05,
            2.57492065429688e-05,
            2.47955322265625e-05,
            2.88486480712891e-05,
            0.000164031982421875
          ],
          "obj_and_grad_eval_time_s": [
            0.0191199779510498,
            0.000243663787841797,
            0.000474452972412109,
            0.000271081924438477,
            0.000239372253417969,
            0.000217437744140625,
            0.000197887420654297,
            0.000177145004272461,
            0.000298023223876953
          ],
          "predict_weight_time": [
            0.0,
            0.0,
            0.0,
            0.0,
            0.0,
            0.0,
            0.0,
            0.0,
            0.0
          ],
          "tf_time_s": [
            0.000128507614135742,
            0.000188350677490234,
            0.000179290771484375,
            0.000156641006469727,
            0.00020146369934082,
            0.000120162963867188,
            0.000120639801025391,
            0.000146150588989258,
            0.000527381896972656
          ],
          "tot_obj_time_s": [
            0.020305871963501,
            0.000992059707641602,
            0.0010077953338623,
            0.000866174697875977,
            0.000799894332885742,
            0.000609636306762695,
            0.000587940216064453,
            0.00063776969909668,
            0.00186562538146973
          ]
        }
      },
      "lbfgs_iterations": 6,
      "mouse_info": {
        "dragged_pos": [
          0.0,
          0.0,
          0.0
        ],
        "dragged_vert": 0,
        "is_dragging": false
      },
      "precondition_time": 0.000246286392211914,
      "tot_step_time_s": 0.111839056015015
    }
  ]
}