{
  "autoencoder": {
    "training-mse": 1.2157403538337735e-07,
    "relative_percent_error": 0.8979698965072336,
    "ae_training_time_s": 42.08502197265625,
    "pca_training_time_s": 0.2637777328491211
  },
  "pca": {
    "2-components": {
      "training-mse": 3.746999063233488e-06,
      "explained_var": 0.9985272568874939,
      "relative_percent_error": 3.936710530630298
    },
    "4-components": {
      "training-mse": 7.459179717166273e-08,
      "explained_var": 0.999970681990126,
      "relative_percent_error": 0.5789680764257731
    }
  }
}