{
  "autoencoder": {
    "inner dim 15": {
      "training-mse": 4.031682068905463e-08,
      "relative_percent_error": 0.8621307669956675,
      "max_distance_error": 0.004648730492673814,
      "mean_distance_error": 0.0002552266724749042,
      "ae_training_time_s": 146.61042261123657,
      "outer_pca_training_time_s": 39.08068823814392
    }
  },
  "pca": {
    "99-components": {
      "training-mse": 1.66226312090524e-09,
      "max-distance-error": 0.002893371866997266,
      "mean-distance-error": 4.935775596617324e-05
    },
    "72-components": {
      "training-mse": 9.031794835410818e-09,
      "max-distance-error": 0.004914791796432073,
      "mean-distance-error": 0.00011970601785649831
    },
    "15-components": {
      "training-mse": 2.6975835693805632e-06,
      "max-distance-error": 0.03521805162092056,
      "mean-distance-error": 0.0018920997485355555
    }
  }
}