{
  "total_user_interaction_time": 0.0013813972473144531,
  "total_replay_time": 0.016756772994995117,
  "total_training_time": 3519.541924238205
}