{
  "total_user_interaction_time": 0.00046443939208984375,
  "total_replay_time": 0.0013298988342285156,
  "total_training_time": 159.98812675476074
}