{
  "autoencoder": {
    "inner dim 7": {
      "training-mse": 2.8071506729153175e-08,
      "relative_percent_error": 6.462594335108361,
      "max_distance_error": 0.010220144916043535,
      "mean_distance_error": 0.00015522424726253158,
      "ae_training_time_s": 135.47344183921814,
      "outer_pca_training_time_s": 5.155768394470215
    }
  },
  "pca": {
    "28-components": {
      "training-mse": 3.179818943576128e-09,
      "max-distance-error": 0.003192291690251151,
      "mean-distance-error": 4.790298522012426e-05
    },
    "18-components": {
      "training-mse": 2.171535911253982e-08,
      "max-distance-error": 0.009117400689491765,
      "mean-distance-error": 0.00011466470386901427
    },
    "7-components": {
      "training-mse": 3.249253689304562e-07,
      "max-distance-error": 0.025591528764826222,
      "mean-distance-error": 0.00045424649477458155
    }
  }
}