{
  "sim_config": {
    "alternative_full_space_mesh": "",
    "integrator_config": {
      "ae_decoded_dim": 20,
      "ae_encoded_dim": 1,
      "gravity": -9.8,
      "lbfgs_config": {
        "lbfgs_epsilon": 1e-06,
        "lbfgs_m": 8,
        "lbfgs_max_iterations": 0
      },
      "pca_dim": 2,
      "reduced_energy_method": "pcr",
      "reduced_space_type": "autoencoder",
      "save_ply_every_evaluation": true,
      "start_pose_from_training_data": 300,
      "timestep": 0.00333333333333333,
      "use_partial_decode": true,
      "use_preconditioner": true,
      "use_reduced_energy": true
    },
    "logging_enabled": true,
    "material_config": {
      "density": 1000,
      "poissons_ratio": 0.47,
      "youngs_modulus": 1000000
    },
    "mesh": "models/new_25cm_bar_11k_twist_and_bend_1d/tets.mesh",
    "save_objs": false,
    "visualization_config": {
      "full_space_constrained_axis": 0,
      "gpu_decode": true,
      "interaction_spring_stiffness": 10000.0,
      "max_frames": 1,
      "print_every_n_frames": 1,
      "show_energy": false,
      "show_stress": false
    }
  },
  "timesteps": [
    {
      "current_frame": 0,
      "iteration_info": {
        "lbfgs_iteration": [
          0,
          1,
          1,
          1,
          2,
          2,
          2,
          3,
          3,
          4,
          4,
          5,
          5,
          6,
          7,
          8,
          9,
          10,
          11
        ],
        "lbfgs_line_iteration": [
          0,
          0,
          1,
          2,
          0,
          1,
          2,
          0,
          1,
          0,
          1,
          0,
          1,
          0,
          0,
          0,
          0,
          0,
          0
        ],
        "lbfgs_obj_vals": [
          0.000726203220891093,
          0.000664818433389052,
          0.000595984694693273,
          0.000452705478200185,
          400607954.328825,
          317485.570518198,
          0.000157840769632516,
          0.00037977857283497,
          0.000125178103673589,
          8.85847344482284e-05,
          5.3756588067537e-05,
          11.1113121369967,
          5.07634477248828e-05,
          2.93521804966481e-05,
          1.50048497113744e-05,
          9.46751965611434e-06,
          8.23247356082565e-06,
          8.16230018025221e-06,
          8.09919479595401e-06
        ],
        "timing": {
          "energy_forces_time_s": [
            0.000685453414916992,
            0.0031893253326416,
            0.000349998474121094,
            0.000292301177978516,
            0.000290155410766602,
            0.000219821929931641,
            0.00326657295227051,
            0.000252723693847656,
            0.000376462936401367,
            0.000350236892700195,
            0.000299215316772461,
            0.000264883041381836,
            0.000298738479614258,
            0.000339269638061523,
            0.000550270080566406,
            0.000314474105834961,
            0.000291824340820312,
            0.000277996063232422,
            0.000240564346313477
          ],
          "linear_decode_time_s": [
            6.43730163574219e-05,
            3.50475311279297e-05,
            4.76837158203125e-05,
            4.07695770263672e-05,
            3.98159027099609e-05,
            2.98023223876953e-05,
            2.38418579101562e-05,
            2.78949737548828e-05,
            4.26769256591797e-05,
            3.83853912353516e-05,
            2.93254852294922e-05,
            2.57492065429688e-05,
            3.814697265625e-05,
            4.76837158203125e-05,
            4.74452972412109e-05,
            3.33786010742188e-05,
            4.22000885009766e-05,
            2.83718109130859e-05,
            2.47955322265625e-05
          ],
          "obj_and_grad_eval_time_s": [
            0.011368989944458,
            0.00021052360534668,
            0.00159239768981934,
            0.000118494033813477,
            0.00150704383850098,
            0.00128293037414551,
            0.000121355056762695,
            0.000639915466308594,
            0.000207424163818359,
            0.000215768814086914,
            0.000208139419555664,
            0.000217437744140625,
            0.000236988067626953,
            0.000214815139770508,
            0.000192403793334961,
            0.000240564346313477,
            0.000177860260009766,
            0.000227451324462891,
            0.000176668167114258
          ],
          "predict_weight_time": [
            0.0,
            0.0,
            0.0,
            0.0,
            0.0,
            0.0,
            0.0,
            0.0,
            0.0,
            0.0,
            0.0,
            0.0,
            0.0,
            0.0,
            0.0,
            0.0,
            0.0,
            0.0,
            0.0
          ],
          "tf_time_s": [
            9.13143157958984e-05,
            0.000175952911376953,
            0.000134706497192383,
            0.000115156173706055,
            0.000118732452392578,
            7.79628753662109e-05,
            0.00011897087097168,
            8.7738037109375e-05,
            0.000177383422851562,
            0.000170230865478516,
            0.000156402587890625,
            0.000199317932128906,
            0.000189065933227539,
            0.000184774398803711,
            0.000177621841430664,
            0.000150203704833984,
            0.000208854675292969,
            0.000185012817382812,
            0.000160932540893555
          ],
          "tot_obj_time_s": [
            0.0122125148773193,
            0.00361347198486328,
            0.00212812423706055,
            0.00056910514831543,
            0.00195813179016113,
            0.00161290168762207,
            0.00353288650512695,
            0.00101017951965332,
            0.000806808471679688,
            0.000777959823608398,
            0.000696420669555664,
            0.000710964202880859,
            0.000766992568969727,
            0.000789403915405273,
            0.000970840454101562,
            0.000741958618164062,
            0.00072479248046875,
            0.00072169303894043,
            0.000605583190917969
          ]
        }
      },
      "lbfgs_iterations": 11,
      "mouse_info": {
        "dragged_pos": [
          0.0,
          0.0,
          0.0
        ],
        "dragged_vert": 0,
        "is_dragging": false
      },
      "precondition_time": 0.000142574310302734,
      "tot_step_time_s": 0.215073108673096
    }
  ]
}