{
  "autoencoder": {
    "inner dim 7": {
      "training-mse": 5.579156253553333e-07,
      "relative_percent_error": 3.2124604378405657,
      "max_distance_error": 0.02077895641291559,
      "mean_distance_error": 0.0009182202664381069,
      "ae_training_time_s": 36.632105112075806,
      "outer_pca_training_time_s": 0.5520708560943604
    }
  },
  "pca": {}
}