{
  "autoencoder": {
    "inner dim 3": {
      "training-mse": 5.8270517794269175e-06,
      "relative_percent_error": 9.568563881514546,
      "max_distance_error": 0.05606420764378927,
      "mean_distance_error": 0.0026535450290669934,
      "ae_training_time_s": 37.100656509399414,
      "outer_pca_training_time_s": 0.6125462055206299
    }
  },
  "pca": {}
}