{
  "autoencoder": {
    "inner dim 9": {
      "training-mse": 2.4155898400130445e-07,
      "relative_percent_error": 2.1875031921675805,
      "max_distance_error": 0.017573062781100768,
      "mean_distance_error": 0.0006128838468016286,
      "ae_training_time_s": 36.70033359527588,
      "outer_pca_training_time_s": 0.5655453205108643
    }
  },
  "pca": {}
}