{
  "autoencoder": {
    "inner dim 8": {
      "training-mse": 5.375610736237563e-07,
      "relative_percent_error": 3.2977272899689716,
      "max_distance_error": 0.02449459717368185,
      "mean_distance_error": 0.0009251677820429426,
      "ae_training_time_s": 36.900492668151855,
      "outer_pca_training_time_s": 0.5130927562713623
    }
  },
  "pca": {}
}