{
  "autoencoder": {
    "inner dim 14": {
      "training-mse": 4.946538355373044e-07,
      "relative_percent_error": 3.106212536740282,
      "max_distance_error": 0.025894760536929018,
      "mean_distance_error": 0.0008704413163315709,
      "ae_training_time_s": 36.667041540145874,
      "outer_pca_training_time_s": 0.5909292697906494
    }
  },
  "pca": {}
}