{
  "autoencoder": {
    "inner dim 13": {
      "training-mse": 4.0214276036374356e-07,
      "relative_percent_error": 2.7421201894108855,
      "max_distance_error": 0.014531369589776848,
      "mean_distance_error": 0.0007706432792641512,
      "ae_training_time_s": 38.34815573692322,
      "outer_pca_training_time_s": 0.5601656436920166
    }
  },
  "pca": {}
}