{
  "autoencoder": {
    "inner dim 5": {
      "training-mse": 1.5669293374056369e-06,
      "relative_percent_error": 5.267574153232516,
      "max_distance_error": 0.0380019339271284,
      "mean_distance_error": 0.0014840649508290893,
      "ae_training_time_s": 35.7762405872345,
      "outer_pca_training_time_s": 0.5327811241149902
    }
  },
  "pca": {}
}