{
  "autoencoder": {
    "inner dim 3": {
      "training-mse": 5.800658310533553e-06,
      "relative_percent_error": 9.5601256230559,
      "max_distance_error": 0.056290519315674144,
      "mean_distance_error": 0.0026571390265292026,
      "ae_training_time_s": 38.03015875816345,
      "outer_pca_training_time_s": 1.3645541667938232
    }
  },
  "pca": {}
}