{
  "autoencoder": {
    "inner dim 10": {
      "training-mse": 7.380609628720609e-07,
      "relative_percent_error": 3.6733385546621107,
      "max_distance_error": 0.021682523838333606,
      "mean_distance_error": 0.001024274978991318,
      "ae_training_time_s": 36.38443946838379,
      "outer_pca_training_time_s": 0.5446035861968994
    }
  },
  "pca": {}
}