{
  "autoencoder": {
    "inner dim 15": {
      "training-mse": 5.024551354583357e-07,
      "relative_percent_error": 3.1339721949283676,
      "max_distance_error": 0.026092929126210133,
      "mean_distance_error": 0.0008759876792665622,
      "ae_training_time_s": 36.890644550323486,
      "outer_pca_training_time_s": 0.5601711273193359
    }
  },
  "pca": {}
}