{
  "autoencoder": {
    "inner dim 2": {
      "training-mse": 1.2798287546450123e-05,
      "relative_percent_error": 13.370065772638526,
      "max_distance_error": 0.08922040803277582,
      "mean_distance_error": 0.0037382096201166127,
      "ae_training_time_s": 37.26781153678894,
      "outer_pca_training_time_s": 1.4376206398010254
    }
  },
  "pca": {}
}