{
  "autoencoder": {
    "inner dim 15": {
      "training-mse": 3.037743329145605e-07,
      "relative_percent_error": 2.2444143141080963,
      "max_distance_error": 0.01657645117972097,
      "mean_distance_error": 0.000627200527694445,
      "ae_training_time_s": 37.743998765945435,
      "outer_pca_training_time_s": 0.5684664249420166
    }
  },
  "pca": {}
}