{
  "autoencoder": {
    "inner dim 11": {
      "training-mse": 5.379558564486064e-07,
      "relative_percent_error": 3.0532442227809025,
      "max_distance_error": 0.0189287864274112,
      "mean_distance_error": 0.000883330943423035,
      "ae_training_time_s": 37.18966054916382,
      "outer_pca_training_time_s": 0.5480751991271973
    }
  },
  "pca": {}
}