{
  "autoencoder": {
    "inner dim 3": {
      "training-mse": 5.308222958650358e-06,
      "relative_percent_error": 8.98551677762858,
      "max_distance_error": 0.05199151076168644,
      "mean_distance_error": 0.002513554478863467,
      "ae_training_time_s": 37.84757995605469,
      "outer_pca_training_time_s": 1.2838032245635986
    }
  },
  "pca": {}
}