{
  "autoencoder": {
    "inner dim 3": {
      "training-mse": 5.456654305996894e-06,
      "relative_percent_error": 9.321400682875336,
      "max_distance_error": 0.05191388901067683,
      "mean_distance_error": 0.002603569647725308,
      "ae_training_time_s": 38.41014099121094,
      "outer_pca_training_time_s": 0.563239574432373
    }
  },
  "pca": {}
}