{
  "autoencoder": {
    "inner dim 7": {
      "training-mse": 1.0452440203169398e-06,
      "relative_percent_error": 4.465433470797512,
      "max_distance_error": 0.0299413598128806,
      "mean_distance_error": 0.0012483906714599953,
      "ae_training_time_s": 36.277151107788086,
      "outer_pca_training_time_s": 0.484356164932251
    }
  },
  "pca": {}
}