{
  "autoencoder": {
    "inner dim 15": {
      "training-mse": 5.635456866463688e-07,
      "relative_percent_error": 3.2849469752098153,
      "max_distance_error": 0.026469331189148407,
      "mean_distance_error": 0.0009233713432411656,
      "ae_training_time_s": 36.661258935928345,
      "outer_pca_training_time_s": 0.4955780506134033
    }
  },
  "pca": {}
}