{
  "autoencoder": {
    "inner dim 7": {
      "training-mse": 5.265690345120517e-07,
      "relative_percent_error": 3.062015667566626,
      "max_distance_error": 0.02315687594149496,
      "mean_distance_error": 0.0008546476597173728,
      "ae_training_time_s": 36.82199239730835,
      "outer_pca_training_time_s": 0.5638439655303955
    }
  },
  "pca": {}
}