{
  "autoencoder": {
    "inner dim 11": {
      "training-mse": 6.720685007134219e-07,
      "relative_percent_error": 3.5816686356304688,
      "max_distance_error": 0.0276537685091776,
      "mean_distance_error": 0.0010129166961751145,
      "ae_training_time_s": 36.56366038322449,
      "outer_pca_training_time_s": 0.5561237335205078
    }
  },
  "pca": {}
}