{
  "autoencoder": {
    "inner dim 13": {
      "training-mse": 5.523381296650969e-07,
      "relative_percent_error": 3.2238917224715133,
      "max_distance_error": 0.027345645747801295,
      "mean_distance_error": 0.0009070640594663439,
      "ae_training_time_s": 38.08618092536926,
      "outer_pca_training_time_s": 0.5362517833709717
    }
  },
  "pca": {}
}