{
  "autoencoder": {
    "inner dim 15": {
      "training-mse": 5.505580975432774e-07,
      "relative_percent_error": 3.3330279046875035,
      "max_distance_error": 0.02409277567809604,
      "mean_distance_error": 0.0009401552780958876,
      "ae_training_time_s": 37.203408002853394,
      "outer_pca_training_time_s": 0.4853515625
    }
  },
  "pca": {}
}