{
  "autoencoder": {
    "inner dim 2": {
      "training-mse": 1.2692729961541402e-05,
      "relative_percent_error": 13.707747497898973,
      "max_distance_error": 0.08349440603888007,
      "mean_distance_error": 0.0038454365185811557,
      "ae_training_time_s": 37.49076318740845,
      "outer_pca_training_time_s": 1.4693310260772705
    }
  },
  "pca": {}
}