{
  "autoencoder": {
    "inner dim 11": {
      "training-mse": 3.244592404649685e-07,
      "relative_percent_error": 2.44177847974178,
      "max_distance_error": 0.016008922447514177,
      "mean_distance_error": 0.0006850505670478814,
      "ae_training_time_s": 37.10653352737427,
      "outer_pca_training_time_s": 0.5454919338226318
    }
  },
  "pca": {}
}