{
  "autoencoder": {
    "inner dim 12": {
      "training-mse": 5.797006153392152e-07,
      "relative_percent_error": 3.277441144981992,
      "max_distance_error": 0.023244919976687022,
      "mean_distance_error": 0.0009221940542654665,
      "ae_training_time_s": 36.788177251815796,
      "outer_pca_training_time_s": 0.4855313301086426
    }
  },
  "pca": {}
}