{
  "autoencoder": {
    "inner dim 8": {
      "training-mse": 8.52229071350608e-07,
      "relative_percent_error": 4.051983712842925,
      "max_distance_error": 0.0322524182496016,
      "mean_distance_error": 0.0011380132733812022,
      "ae_training_time_s": 36.96069645881653,
      "outer_pca_training_time_s": 0.5590753555297852
    }
  },
  "pca": {}
}