{
  "autoencoder": {
    "inner dim 8": {
      "training-mse": 5.888212344393041e-07,
      "relative_percent_error": 3.2341174751060198,
      "max_distance_error": 0.019489075990462373,
      "mean_distance_error": 0.0009069481300347339,
      "ae_training_time_s": 37.06867265701294,
      "outer_pca_training_time_s": 0.49423980712890625
    }
  },
  "pca": {}
}