{
  "autoencoder": {
    "inner dim 14": {
      "training-mse": 5.838622193245253e-07,
      "relative_percent_error": 3.3558203745326334,
      "max_distance_error": 0.026266575607934228,
      "mean_distance_error": 0.0009385108181563569,
      "ae_training_time_s": 37.343751430511475,
      "outer_pca_training_time_s": 0.5389938354492188
    }
  },
  "pca": {}
}