{
  "autoencoder": {
    "inner dim 7": {
      "training-mse": 5.357856621124102e-07,
      "relative_percent_error": 3.229972526509442,
      "max_distance_error": 0.02476730636487982,
      "mean_distance_error": 0.0009093850314112925,
      "ae_training_time_s": 37.10188937187195,
      "outer_pca_training_time_s": 0.5397369861602783
    }
  },
  "pca": {}
}