{
  "autoencoder": {
    "inner dim 3": {
      "training-mse": 5.755915598337795e-06,
      "relative_percent_error": 9.42164440526306,
      "max_distance_error": 0.05519273348046052,
      "mean_distance_error": 0.002625629266676644,
      "ae_training_time_s": 37.19558620452881,
      "outer_pca_training_time_s": 1.398582935333252
    }
  },
  "pca": {}
}