{
  "autoencoder": {
    "inner dim 3": {
      "training-mse": 5.78660470998145e-06,
      "relative_percent_error": 9.651731401776425,
      "max_distance_error": 0.05465546023286146,
      "mean_distance_error": 0.0027145787393718355,
      "ae_training_time_s": 36.99907183647156,
      "outer_pca_training_time_s": 1.242642879486084
    }
  },
  "pca": {}
}