{
  "autoencoder": {
    "inner dim 2": {
      "training-mse": 1.2688674261645416e-05,
      "relative_percent_error": 13.197647527961934,
      "max_distance_error": 0.08296674224247888,
      "mean_distance_error": 0.00369038739379386,
      "ae_training_time_s": 37.35529708862305,
      "outer_pca_training_time_s": 0.651235818862915
    }
  },
  "pca": {}
}