{
  "autoencoder": {
    "inner dim 13": {
      "training-mse": 2.5147906768002828e-06,
      "relative_percent_error": 6.649618416033654,
      "max_distance_error": 0.04890063308685826,
      "mean_distance_error": 0.0018569799478561897,
      "ae_training_time_s": 38.07277870178223,
      "outer_pca_training_time_s": 0.4786984920501709
    }
  },
  "pca": {}
}