{
  "autoencoder": {
    "inner dim 2": {
      "training-mse": 1.2750250555864168e-05,
      "relative_percent_error": 13.283769557195006,
      "max_distance_error": 0.08810212535131944,
      "mean_distance_error": 0.0037181156950841852,
      "ae_training_time_s": 37.256630182266235,
      "outer_pca_training_time_s": 0.6378993988037109
    }
  },
  "pca": {}
}