{
  "autoencoder": {
    "inner dim 9": {
      "training-mse": 2.892806127190015e-07,
      "relative_percent_error": 2.3493562470467597,
      "max_distance_error": 0.01822636349797568,
      "mean_distance_error": 0.0006578680756359388,
      "ae_training_time_s": 36.9345817565918,
      "outer_pca_training_time_s": 0.5071971416473389
    }
  },
  "pca": {}
}