{
  "autoencoder": {
    "inner dim 14": {
      "training-mse": 5.284434769705663e-07,
      "relative_percent_error": 3.208105581806312,
      "max_distance_error": 0.01740124933748337,
      "mean_distance_error": 0.0008894879357949264,
      "ae_training_time_s": 36.193180084228516,
      "outer_pca_training_time_s": 0.5580811500549316
    }
  },
  "pca": {}
}