{
  "autoencoder": {
    "inner dim 14": {
      "training-mse": 5.978455719217322e-07,
      "relative_percent_error": 3.2168518183341104,
      "max_distance_error": 0.01139739055888371,
      "mean_distance_error": 0.0009321439820037197,
      "ae_training_time_s": 37.42146682739258,
      "outer_pca_training_time_s": 0.533362627029419
    }
  },
  "pca": {}
}