{
  "autoencoder": {
    "inner dim 7": {
      "training-mse": 5.44185471853696e-07,
      "relative_percent_error": 3.214507167483935,
      "max_distance_error": 0.026220009921113587,
      "mean_distance_error": 0.0008995908244758028,
      "ae_training_time_s": 37.81918740272522,
      "outer_pca_training_time_s": 0.5817289352416992
    }
  },
  "pca": {}
}