{
  "autoencoder": {
    "inner dim 13": {
      "training-mse": 8.132701327569001e-07,
      "relative_percent_error": 3.94897824377617,
      "max_distance_error": 0.02381646449501087,
      "mean_distance_error": 0.0011006957659288447,
      "ae_training_time_s": 37.12636160850525,
      "outer_pca_training_time_s": 0.5205504894256592
    }
  },
  "pca": {}
}