{
  "autoencoder": {
    "inner dim 2": {
      "training-mse": 1.2731539140875098e-05,
      "relative_percent_error": 13.487903484894291,
      "max_distance_error": 0.08498674147511086,
      "mean_distance_error": 0.0037587499912968407,
      "ae_training_time_s": 36.96321988105774,
      "outer_pca_training_time_s": 1.3597218990325928
    }
  },
  "pca": {}
}