{
  "autoencoder": {
    "inner dim 10": {
      "training-mse": 5.797178595753112e-07,
      "relative_percent_error": 3.3286092843039867,
      "max_distance_error": 0.02831161035470327,
      "mean_distance_error": 0.0009380132628612973,
      "ae_training_time_s": 36.77616810798645,
      "outer_pca_training_time_s": 0.5379223823547363
    }
  },
  "pca": {}
}