{
  "autoencoder": {
    "inner dim 9": {
      "training-mse": 5.355324066068121e-07,
      "relative_percent_error": 3.178026044251003,
      "max_distance_error": 0.020648983054291067,
      "mean_distance_error": 0.0008760629332901751,
      "ae_training_time_s": 37.18270564079285,
      "outer_pca_training_time_s": 0.5579414367675781
    }
  },
  "pca": {}
}