{
  "autoencoder": {
    "inner dim 8": {
      "training-mse": 6.209948153878219e-07,
      "relative_percent_error": 3.525285188924165,
      "max_distance_error": 0.016961898919146786,
      "mean_distance_error": 0.0009820178056644583,
      "ae_training_time_s": 37.39914608001709,
      "outer_pca_training_time_s": 0.545217752456665
    }
  },
  "pca": {}
}