{
  "autoencoder": {
    "inner dim 7": {
      "training-mse": 5.321564459422635e-07,
      "relative_percent_error": 3.23096207595556,
      "max_distance_error": 0.02276452000472544,
      "mean_distance_error": 0.0009039471247474375,
      "ae_training_time_s": 37.119120836257935,
      "outer_pca_training_time_s": 0.5307679176330566
    }
  },
  "pca": {}
}