{
  "autoencoder": {
    "inner dim 7": {
      "training-mse": 4.12548612890631e-07,
      "relative_percent_error": 2.766398391342805,
      "max_distance_error": 0.02199524364851532,
      "mean_distance_error": 0.0007734809003552122,
      "ae_training_time_s": 36.82630252838135,
      "outer_pca_training_time_s": 0.6052944660186768
    }
  },
  "pca": {}
}