{
  "autoencoder": {
    "inner dim 10": {
      "training-mse": 3.455365162508207e-07,
      "relative_percent_error": 2.5703435201518383,
      "max_distance_error": 0.021655840445352518,
      "mean_distance_error": 0.0007192284481289951,
      "ae_training_time_s": 37.13650631904602,
      "outer_pca_training_time_s": 0.5362467765808105
    }
  },
  "pca": {}
}