{
  "autoencoder": {
    "inner dim 14": {
      "training-mse": 1.9439400353938383e-07,
      "relative_percent_error": 1.935370442009555,
      "max_distance_error": 0.012545815821599773,
      "mean_distance_error": 0.0005393182934361793,
      "ae_training_time_s": 37.716726541519165,
      "outer_pca_training_time_s": 0.5443990230560303
    }
  },
  "pca": {}
}