{
  "autoencoder": {
    "inner dim 10": {
      "training-mse": 2.1711161665675547e-07,
      "relative_percent_error": 2.0779487627642315,
      "max_distance_error": 0.01694715452462163,
      "mean_distance_error": 0.0005833684996794799,
      "ae_training_time_s": 36.918498039245605,
      "outer_pca_training_time_s": 0.6254079341888428
    }
  },
  "pca": {}
}