{
  "autoencoder": {
    "inner dim 7": {
      "training-mse": 1.203400600801984e-06,
      "relative_percent_error": 4.82753132416474,
      "max_distance_error": 0.02789386953392749,
      "mean_distance_error": 0.0013299366165414777,
      "ae_training_time_s": 37.12996792793274,
      "outer_pca_training_time_s": 0.5460484027862549
    }
  },
  "pca": {}
}