{
  "autoencoder": {
    "inner dim 3": {
      "training-mse": 5.775723255924985e-06,
      "relative_percent_error": 9.351394517597232,
      "max_distance_error": 0.05283729357318985,
      "mean_distance_error": 0.002609243544731518,
      "ae_training_time_s": 37.846622705459595,
      "outer_pca_training_time_s": 1.1716251373291016
    }
  },
  "pca": {}
}