{
  "autoencoder": {
    "inner dim 3": {
      "training-mse": 5.979035491945531e-06,
      "relative_percent_error": 9.703034029138024,
      "max_distance_error": 0.053310848626575445,
      "mean_distance_error": 0.002695474931975516,
      "ae_training_time_s": 37.03348350524902,
      "outer_pca_training_time_s": 1.3454232215881348
    }
  },
  "pca": {}
}