{
  "autoencoder": {
    "inner dim 7": {
      "training-mse": 5.668944993837467e-07,
      "relative_percent_error": 3.3458241814584118,
      "max_distance_error": 0.020362359537084294,
      "mean_distance_error": 0.0009362821020228258,
      "ae_training_time_s": 37.32207942008972,
      "outer_pca_training_time_s": 0.542496919631958
    }
  },
  "pca": {}
}