{
  "autoencoder": {
    "inner dim 6": {
      "training-mse": 9.07026693474977e-07,
      "relative_percent_error": 4.034664587020772,
      "max_distance_error": 0.028058455107424853,
      "mean_distance_error": 0.0011326608493273773,
      "ae_training_time_s": 36.986196517944336,
      "outer_pca_training_time_s": 0.4974186420440674
    }
  },
  "pca": {}
}