{
  "autoencoder": {
    "inner dim 13": {
      "training-mse": 2.3178787555201718e-07,
      "relative_percent_error": 2.08211136346547,
      "max_distance_error": 0.011315954419623029,
      "mean_distance_error": 0.0005900405403353725,
      "ae_training_time_s": 37.038724184036255,
      "outer_pca_training_time_s": 0.5598025321960449
    }
  },
  "pca": {}
}