{
  "autoencoder": {
    "inner dim 12": {
      "training-mse": 4.5417414469326126e-07,
      "relative_percent_error": 2.951170693644951,
      "max_distance_error": 0.025580915073881785,
      "mean_distance_error": 0.0008262861926952331,
      "ae_training_time_s": 37.16031503677368,
      "outer_pca_training_time_s": 0.5347597599029541
    }
  },
  "pca": {}
}