{
  "autoencoder": {
    "inner dim 7": {
      "training-mse": 5.83855344740017e-07,
      "relative_percent_error": 3.288297594383605,
      "max_distance_error": 0.025639673290358694,
      "mean_distance_error": 0.0009188093272904359,
      "ae_training_time_s": 37.747044801712036,
      "outer_pca_training_time_s": 0.4991617202758789
    }
  },
  "pca": {}
}