{
  "autoencoder": {
    "inner dim 14": {
      "training-mse": 2.702489875602798e-07,
      "relative_percent_error": 2.239312640952325,
      "max_distance_error": 0.013254155133762987,
      "mean_distance_error": 0.0006293432124384091,
      "ae_training_time_s": 37.259130001068115,
      "outer_pca_training_time_s": 0.5048196315765381
    }
  },
  "pca": {}
}