{
  "autoencoder": {
    "inner dim 3": {
      "training-mse": 5.994749500966666e-06,
      "relative_percent_error": 9.61231650284635,
      "max_distance_error": 0.05389603641442037,
      "mean_distance_error": 0.002675546383340703,
      "ae_training_time_s": 38.26323318481445,
      "outer_pca_training_time_s": 1.2358014583587646
    }
  },
  "pca": {}
}