{
  "autoencoder": {
    "inner dim 10": {
      "training-mse": 4.0929352412273746e-07,
      "relative_percent_error": 2.7369733636435862,
      "max_distance_error": 0.018234855044773065,
      "mean_distance_error": 0.0007626964560793957,
      "ae_training_time_s": 36.99175238609314,
      "outer_pca_training_time_s": 0.5003254413604736
    }
  },
  "pca": {}
}