{
  "autoencoder": {
    "inner dim 10": {
      "training-mse": 5.475817002603929e-07,
      "relative_percent_error": 3.2634818257175566,
      "max_distance_error": 0.01769573752479654,
      "mean_distance_error": 0.000925239748544549,
      "ae_training_time_s": 36.55928421020508,
      "outer_pca_training_time_s": 0.49915075302124023
    }
  },
  "pca": {}
}