{
  "autoencoder": {
    "inner dim 2": {
      "training-mse": 1.2348822336603081e-05,
      "relative_percent_error": 13.207235956342844,
      "max_distance_error": 0.08518348729518177,
      "mean_distance_error": 0.0037052433383083635,
      "ae_training_time_s": 36.920488119125366,
      "outer_pca_training_time_s": 1.526740312576294
    }
  },
  "pca": {}
}