{
  "autoencoder": {
    "inner dim 2": {
      "training-mse": 1.2753634262530865e-05,
      "relative_percent_error": 13.27094293799107,
      "max_distance_error": 0.08550219771966137,
      "mean_distance_error": 0.0037049414213272303,
      "ae_training_time_s": 37.5031259059906,
      "outer_pca_training_time_s": 1.17094087600708
    }
  },
  "pca": {}
}