{
  "autoencoder": {
    "inner dim 14": {
      "training-mse": 3.619992726375047e-07,
      "relative_percent_error": 2.6356054726086398,
      "max_distance_error": 0.01830184208418241,
      "mean_distance_error": 0.0007397259180586389,
      "ae_training_time_s": 37.01250958442688,
      "outer_pca_training_time_s": 0.5531449317932129
    }
  },
  "pca": {}
}