{
  "autoencoder": {
    "inner dim 11": {
      "training-mse": 5.192494511438349e-07,
      "relative_percent_error": 3.177382782030328,
      "max_distance_error": 0.018632821894073247,
      "mean_distance_error": 0.0008801057850195963,
      "ae_training_time_s": 36.79139280319214,
      "outer_pca_training_time_s": 0.5527646541595459
    }
  },
  "pca": {}
}