{
  "autoencoder": {
    "inner dim 3": {
      "training-mse": 5.820385109540584e-06,
      "relative_percent_error": 9.686199800074741,
      "max_distance_error": 0.05668576276621811,
      "mean_distance_error": 0.002709468409572795,
      "ae_training_time_s": 37.30366778373718,
      "outer_pca_training_time_s": 1.173882246017456
    }
  },
  "pca": {}
}