{
  "autoencoder": {
    "inner dim 3": {
      "training-mse": 5.5531285487597615e-06,
      "relative_percent_error": 9.291963209055833,
      "max_distance_error": 0.05543990263799711,
      "mean_distance_error": 0.002598784314764138,
      "ae_training_time_s": 38.34096097946167,
      "outer_pca_training_time_s": 0.5795648097991943
    }
  },
  "pca": {}
}