{
  "autoencoder": {
    "inner dim 12": {
      "training-mse": 5.366347231413136e-07,
      "relative_percent_error": 3.058782894024678,
      "max_distance_error": 0.01698895530111882,
      "mean_distance_error": 0.0008592895021161085,
      "ae_training_time_s": 38.01337504386902,
      "outer_pca_training_time_s": 0.5434463024139404
    }
  },
  "pca": {}
}