{
  "autoencoder": {
    "inner dim 9": {
      "training-mse": 5.172444433193505e-07,
      "relative_percent_error": 3.205729850689719,
      "max_distance_error": 0.021843910207987715,
      "mean_distance_error": 0.0008987567768295437,
      "ae_training_time_s": 36.73224902153015,
      "outer_pca_training_time_s": 0.5397393703460693
    }
  },
  "pca": {}
}