{
  "autoencoder": {
    "inner dim 6": {
      "training-mse": 1.341955810046435e-06,
      "relative_percent_error": 4.922845353437876,
      "max_distance_error": 0.028944552573939443,
      "mean_distance_error": 0.001388687952682096,
      "ae_training_time_s": 36.70260787010193,
      "outer_pca_training_time_s": 0.5078620910644531
    }
  },
  "pca": {}
}