{
  "autoencoder": {
    "inner dim 7": {
      "training-mse": 9.561992779445744e-07,
      "relative_percent_error": 4.1635827028231684,
      "max_distance_error": 0.027489490479594775,
      "mean_distance_error": 0.0011733186906906013,
      "ae_training_time_s": 36.864012241363525,
      "outer_pca_training_time_s": 0.5437259674072266
    }
  },
  "pca": {}
}