{
  "autoencoder": {
    "inner dim 14": {
      "training-mse": 1.9408019421904824e-07,
      "relative_percent_error": 1.9877081780708987,
      "max_distance_error": 0.012631859689627182,
      "mean_distance_error": 0.0005555090499043797,
      "ae_training_time_s": 37.828957319259644,
      "outer_pca_training_time_s": 0.5445201396942139
    }
  },
  "pca": {}
}