{
  "autoencoder": {
    "inner dim 3": {
      "training-mse": 5.733338571157519e-06,
      "relative_percent_error": 9.318195729197896,
      "max_distance_error": 0.08412951675618177,
      "mean_distance_error": 0.0025908690056838887,
      "ae_training_time_s": 37.41094613075256,
      "outer_pca_training_time_s": 1.1795759201049805
    }
  },
  "pca": {}
}