{
  "autoencoder": {
    "inner dim 7": {
      "training-mse": 5.701166368364013e-07,
      "relative_percent_error": 3.27886007887181,
      "max_distance_error": 0.019074646996158486,
      "mean_distance_error": 0.0009168837867920292,
      "ae_training_time_s": 36.81921195983887,
      "outer_pca_training_time_s": 0.5100135803222656
    }
  },
  "pca": {}
}