{
  "autoencoder": {
    "inner dim 7": {
      "training-mse": 8.871824917807167e-07,
      "relative_percent_error": 4.170731443433838,
      "max_distance_error": 0.03291399073810788,
      "mean_distance_error": 0.0011659470832542458,
      "ae_training_time_s": 37.45773911476135,
      "outer_pca_training_time_s": 0.5551838874816895
    }
  },
  "pca": {}
}