{
  "autoencoder": {
    "inner dim 3": {
      "training-mse": 5.835793114867281e-06,
      "relative_percent_error": 9.66341992114309,
      "max_distance_error": 0.056137417057580886,
      "mean_distance_error": 0.0027075345714211527,
      "ae_training_time_s": 36.45784282684326,
      "outer_pca_training_time_s": 0.589240550994873
    }
  },
  "pca": {}
}