{
  "autoencoder": {
    "inner dim 8": {
      "training-mse": 4.0394248015219276e-07,
      "relative_percent_error": 2.8865291658303223,
      "max_distance_error": 0.019675841473649196,
      "mean_distance_error": 0.00080408587060014,
      "ae_training_time_s": 36.83459424972534,
      "outer_pca_training_time_s": 0.5091633796691895
    }
  },
  "pca": {}
}