{
  "autoencoder": {
    "inner dim 9": {
      "training-mse": 6.45095110512655e-07,
      "relative_percent_error": 3.4340717388897977,
      "max_distance_error": 0.020752610510516318,
      "mean_distance_error": 0.0009559361014083365,
      "ae_training_time_s": 37.58780384063721,
      "outer_pca_training_time_s": 0.4918081760406494
    }
  },
  "pca": {}
}