{
  "autoencoder": {
    "inner dim 3": {
      "training-mse": 5.546516989057631e-06,
      "relative_percent_error": 9.483532828587157,
      "max_distance_error": 0.056089804138765624,
      "mean_distance_error": 0.0026465048205966267,
      "ae_training_time_s": 36.814958572387695,
      "outer_pca_training_time_s": 1.4018867015838623
    }
  },
  "pca": {}
}