{
  "autoencoder": {
    "inner dim 7": {
      "training-mse": 5.442323884052693e-07,
      "relative_percent_error": 3.2581446431435914,
      "max_distance_error": 0.01811509987429241,
      "mean_distance_error": 0.0009257631659959505,
      "ae_training_time_s": 37.148760080337524,
      "outer_pca_training_time_s": 0.5202538967132568
    }
  },
  "pca": {}
}