{
  "autoencoder": {
    "inner dim 7": {
      "training-mse": 4.618124759033472e-07,
      "relative_percent_error": 2.865932359301356,
      "max_distance_error": 0.02116076624670714,
      "mean_distance_error": 0.0008060979162500091,
      "ae_training_time_s": 36.90998435020447,
      "outer_pca_training_time_s": 0.6233439445495605
    }
  },
  "pca": {}
}