{
  "autoencoder": {
    "inner dim 13": {
      "training-mse": 3.957360917130741e-07,
      "relative_percent_error": 2.644768953359671,
      "max_distance_error": 0.012214237313426581,
      "mean_distance_error": 0.0007632047686091055,
      "ae_training_time_s": 37.07675623893738,
      "outer_pca_training_time_s": 0.4962630271911621
    }
  },
  "pca": {}
}