{
  "autoencoder": {
    "inner dim 3": {
      "training-mse": 5.810611481204564e-06,
      "relative_percent_error": 9.510460903899501,
      "max_distance_error": 0.05719003323657846,
      "mean_distance_error": 0.0026711608812107633,
      "ae_training_time_s": 37.022690296173096,
      "outer_pca_training_time_s": 1.099684238433838
    }
  },
  "pca": {}
}