{
  "autoencoder": {
    "inner dim 7": {
      "training-mse": 5.291541972282568e-07,
      "relative_percent_error": 3.201111226323289,
      "max_distance_error": 0.02423379202691333,
      "mean_distance_error": 0.0009034409772462304,
      "ae_training_time_s": 37.427749156951904,
      "outer_pca_training_time_s": 0.49352288246154785
    }
  },
  "pca": {}
}