{
  "autoencoder": {
    "inner dim 12": {
      "training-mse": 7.289537270100698e-07,
      "relative_percent_error": 3.6923364648863846,
      "max_distance_error": 0.019235204541182993,
      "mean_distance_error": 0.0010487934061203848,
      "ae_training_time_s": 37.265318155288696,
      "outer_pca_training_time_s": 0.561816930770874
    }
  },
  "pca": {}
}