{
  "autoencoder": {
    "inner dim 3": {
      "training-mse": 5.360820353183439e-06,
      "relative_percent_error": 9.312092111414424,
      "max_distance_error": 0.05093135051613762,
      "mean_distance_error": 0.0025940823574375723,
      "ae_training_time_s": 38.66095209121704,
      "outer_pca_training_time_s": 1.449542760848999
    }
  },
  "pca": {}
}