{
  "autoencoder": {
    "inner dim 3": {
      "training-mse": 5.65229490461411e-06,
      "relative_percent_error": 9.507099124488716,
      "max_distance_error": 0.05618842559806891,
      "mean_distance_error": 0.0026463645721131494,
      "ae_training_time_s": 37.94559979438782,
      "outer_pca_training_time_s": 1.4487524032592773
    }
  },
  "pca": {}
}