{
  "autoencoder": {
    "inner dim 4": {
      "training-mse": 1.8121296177883462e-06,
      "relative_percent_error": 5.876179932114962,
      "max_distance_error": 0.03756329091491584,
      "mean_distance_error": 0.0016515245168959552,
      "ae_training_time_s": 37.711405992507935,
      "outer_pca_training_time_s": 0.5148582458496094
    }
  },
  "pca": {}
}