{
  "autoencoder": {
    "inner dim 12": {
      "training-mse": 5.333254051606999e-07,
      "relative_percent_error": 3.0430927038263893,
      "max_distance_error": 0.013167801775092679,
      "mean_distance_error": 0.0008702969919695581,
      "ae_training_time_s": 36.75717902183533,
      "outer_pca_training_time_s": 0.5415482521057129
    }
  },
  "pca": {}
}