{
  "autoencoder": {
    "inner dim 12": {
      "training-mse": 1.9996564537812217e-07,
      "relative_percent_error": 1.9663165811343764,
      "max_distance_error": 0.011912957229189095,
      "mean_distance_error": 0.0005489790181318137,
      "ae_training_time_s": 38.10847854614258,
      "outer_pca_training_time_s": 0.5569400787353516
    }
  },
  "pca": {}
}