{
  "autoencoder": {
    "inner dim 7": {
      "training-mse": 3.3230300967267133e-06,
      "relative_percent_error": 7.489159670229898,
      "max_distance_error": 0.05057687912542535,
      "mean_distance_error": 0.002109551298518482,
      "ae_training_time_s": 36.68492531776428,
      "outer_pca_training_time_s": 0.5192751884460449
    }
  },
  "pca": {}
}