{
  "autoencoder": {
    "inner dim 5": {
      "training-mse": 1.206071141419513e-06,
      "relative_percent_error": 4.62409248585942,
      "max_distance_error": 0.040424996176163845,
      "mean_distance_error": 0.0013102335546120224,
      "ae_training_time_s": 37.053847551345825,
      "outer_pca_training_time_s": 0.4896512031555176
    }
  },
  "pca": {}
}