{
  "autoencoder": {
    "inner dim 3": {
      "training-mse": 5.636503694621144e-06,
      "relative_percent_error": 9.42692164998498,
      "max_distance_error": 0.05528070886365384,
      "mean_distance_error": 0.0026278947349555283,
      "ae_training_time_s": 38.32966089248657,
      "outer_pca_training_time_s": 1.4265272617340088
    }
  },
  "pca": {}
}