{
  "autoencoder": {
    "inner dim 8": {
      "training-mse": 5.019412680165589e-07,
      "relative_percent_error": 3.1348008858758396,
      "max_distance_error": 0.028145810421966178,
      "mean_distance_error": 0.0008780852533083378,
      "ae_training_time_s": 36.88726019859314,
      "outer_pca_training_time_s": 0.5303065776824951
    }
  },
  "pca": {}
}