{
  "autoencoder": {
    "inner dim 3": {
      "training-mse": 6.548791919251371e-06,
      "relative_percent_error": 10.230204397557419,
      "max_distance_error": 0.06670646547106462,
      "mean_distance_error": 0.002843908840863064,
      "ae_training_time_s": 37.030152559280396,
      "outer_pca_training_time_s": 1.183394193649292
    }
  },
  "pca": {}
}