{
  "autoencoder": {
    "inner dim 7": {
      "training-mse": 1.3067187186267015e-06,
      "relative_percent_error": 5.039305251377848,
      "max_distance_error": 0.03398863851315881,
      "mean_distance_error": 0.0014079342508519705,
      "ae_training_time_s": 36.11393141746521,
      "outer_pca_training_time_s": 0.559746265411377
    }
  },
  "pca": {}
}