{
  "autoencoder": {
    "inner dim 10": {
      "training-mse": 5.759121012581108e-07,
      "relative_percent_error": 3.2973825864365796,
      "max_distance_error": 0.02844052293362098,
      "mean_distance_error": 0.0009275551393794639,
      "ae_training_time_s": 36.56364345550537,
      "outer_pca_training_time_s": 0.5269434452056885
    }
  },
  "pca": {}
}