{
  "autoencoder": {
    "inner dim 9": {
      "training-mse": 2.3854883900626553e-06,
      "relative_percent_error": 6.417921051695489,
      "max_distance_error": 0.04931763955627321,
      "mean_distance_error": 0.0017888052027442256,
      "ae_training_time_s": 36.86621379852295,
      "outer_pca_training_time_s": 0.49089884757995605
    }
  },
  "pca": {}
}