{
  "autoencoder": {
    "inner dim 11": {
      "training-mse": 5.879604277558813e-07,
      "relative_percent_error": 3.3592408025884364,
      "max_distance_error": 0.028705027462858582,
      "mean_distance_error": 0.0009470099694261772,
      "ae_training_time_s": 36.422799825668335,
      "outer_pca_training_time_s": 0.4987220764160156
    }
  },
  "pca": {}
}