{
  "autoencoder": {
    "inner dim 15": {
      "training-mse": 1.731033045139538e-07,
      "relative_percent_error": 1.8315668911555427,
      "max_distance_error": 0.011576978184810259,
      "mean_distance_error": 0.0005103462849061652,
      "ae_training_time_s": 37.604681730270386,
      "outer_pca_training_time_s": 0.550647497177124
    }
  },
  "pca": {}
}