{
  "autoencoder": {
    "inner dim 13": {
      "training-mse": 1.2114620607780347e-06,
      "relative_percent_error": 4.609234573963014,
      "max_distance_error": 0.0440536712744254,
      "mean_distance_error": 0.0012959299818041895,
      "ae_training_time_s": 38.24427914619446,
      "outer_pca_training_time_s": 0.563239336013794
    }
  },
  "pca": {}
}