{
  "autoencoder": {
    "inner dim 3": {
      "training-mse": 5.9874998304121885e-06,
      "relative_percent_error": 9.902077651164419,
      "max_distance_error": 0.05031182516124702,
      "mean_distance_error": 0.00274123543676758,
      "ae_training_time_s": 37.15084743499756,
      "outer_pca_training_time_s": 0.620305061340332
    }
  },
  "pca": {}
}