{
  "autoencoder": {
    "inner dim 7": {
      "training-mse": 5.738031235608901e-07,
      "relative_percent_error": 3.3337518546292753,
      "max_distance_error": 0.023573348965142033,
      "mean_distance_error": 0.0009329541893282881,
      "ae_training_time_s": 37.12842631340027,
      "outer_pca_training_time_s": 0.5362911224365234
    }
  },
  "pca": {}
}