{
  "autoencoder": {
    "inner dim 3": {
      "training-mse": 5.816980507532862e-06,
      "relative_percent_error": 9.422006658007717,
      "max_distance_error": 0.05329640231717046,
      "mean_distance_error": 0.002620426702795068,
      "ae_training_time_s": 38.38939428329468,
      "outer_pca_training_time_s": 1.3505337238311768
    }
  },
  "pca": {}
}