{
  "autoencoder": {
    "inner dim 3": {
      "training-mse": 5.969661662784957e-06,
      "relative_percent_error": 9.988712278219078,
      "max_distance_error": 0.05414768433124566,
      "mean_distance_error": 0.002779893747444748,
      "ae_training_time_s": 38.46380400657654,
      "outer_pca_training_time_s": 1.436844825744629
    }
  },
  "pca": {}
}