{
  "autoencoder": {
    "inner dim 12": {
      "training-mse": 5.577161692285639e-07,
      "relative_percent_error": 3.0218369876833413,
      "max_distance_error": 0.018804783274024253,
      "mean_distance_error": 0.00084463417091876,
      "ae_training_time_s": 37.09432125091553,
      "outer_pca_training_time_s": 0.4783170223236084
    }
  },
  "pca": {}
}