{
  "autoencoder": {
    "inner dim 8": {
      "training-mse": 3.7517288989860417e-07,
      "relative_percent_error": 2.695266569157696,
      "max_distance_error": 0.020476778610072372,
      "mean_distance_error": 0.0007552600298088386,
      "ae_training_time_s": 36.93768930435181,
      "outer_pca_training_time_s": 0.5435326099395752
    }
  },
  "pca": {}
}