{
  "autoencoder": {
    "inner dim 7": {
      "training-mse": 1.1785988462934729e-06,
      "relative_percent_error": 4.722507712072332,
      "max_distance_error": 0.03640650645466231,
      "mean_distance_error": 0.00132845898167866,
      "ae_training_time_s": 36.397937059402466,
      "outer_pca_training_time_s": 0.5314393043518066
    }
  },
  "pca": {}
}