{
  "autoencoder": {
    "inner dim 3": {
      "training-mse": 5.980318602836392e-06,
      "relative_percent_error": 9.757857518472026,
      "max_distance_error": 0.057270911752230605,
      "mean_distance_error": 0.0027193501531205663,
      "ae_training_time_s": 37.016544818878174,
      "outer_pca_training_time_s": 0.5836894512176514
    }
  },
  "pca": {}
}