{
  "autoencoder": {
    "inner dim 7": {
      "training-mse": 5.564844317587499e-07,
      "relative_percent_error": 3.2607652155088553,
      "max_distance_error": 0.023051432734435925,
      "mean_distance_error": 0.0009149307673157279,
      "ae_training_time_s": 37.0513813495636,
      "outer_pca_training_time_s": 0.5566315650939941
    }
  },
  "pca": {}
}