{
  "autoencoder": {
    "inner dim 7": {
      "training-mse": 5.258344924495841e-07,
      "relative_percent_error": 3.2129934919420573,
      "max_distance_error": 0.024014202323075082,
      "mean_distance_error": 0.0009011705571285767,
      "ae_training_time_s": 36.776859998703,
      "outer_pca_training_time_s": 0.548053503036499
    }
  },
  "pca": {}
}