{
  "autoencoder": {
    "inner dim 3": {
      "training-mse": 5.954155748596933e-06,
      "relative_percent_error": 9.624302174517968,
      "max_distance_error": 0.051455070612840666,
      "mean_distance_error": 0.0026828429203974015,
      "ae_training_time_s": 38.11581039428711,
      "outer_pca_training_time_s": 1.2989988327026367
    }
  },
  "pca": {}
}