{
  "autoencoder": {
    "inner dim 13": {
      "training-mse": 2.11518129906266e-07,
      "relative_percent_error": 2.0654465253576886,
      "max_distance_error": 0.015896978018371605,
      "mean_distance_error": 0.0005779705142500824,
      "ae_training_time_s": 37.76939058303833,
      "outer_pca_training_time_s": 0.4843628406524658
    }
  },
  "pca": {}
}