{
  "autoencoder": {
    "inner dim 7": {
      "training-mse": 6.432527808894029e-07,
      "relative_percent_error": 3.412197992001164,
      "max_distance_error": 0.0234720000536366,
      "mean_distance_error": 0.0009702321750422342,
      "ae_training_time_s": 37.589900970458984,
      "outer_pca_training_time_s": 0.5479857921600342
    }
  },
  "pca": {}
}