{
  "autoencoder": {
    "inner dim 11": {
      "training-mse": 5.210098874327387e-07,
      "relative_percent_error": 3.1000249801887994,
      "max_distance_error": 0.015196025849655301,
      "mean_distance_error": 0.0008775647398482968,
      "ae_training_time_s": 36.88171315193176,
      "outer_pca_training_time_s": 0.5520975589752197
    }
  },
  "pca": {}
}