{
  "autoencoder": {
    "inner dim 6": {
      "training-mse": 9.276041000045911e-07,
      "relative_percent_error": 3.962032044176374,
      "max_distance_error": 0.030398395739527222,
      "mean_distance_error": 0.0011335945145404154,
      "ae_training_time_s": 37.54485034942627,
      "outer_pca_training_time_s": 0.5166807174682617
    }
  },
  "pca": {}
}