{
  "autoencoder": {
    "inner dim 7": {
      "training-mse": 5.1138626402951e-07,
      "relative_percent_error": 3.0582103404357213,
      "max_distance_error": 0.01683498745139021,
      "mean_distance_error": 0.0008593511611729395,
      "ae_training_time_s": 36.9928514957428,
      "outer_pca_training_time_s": 0.5884349346160889
    }
  },
  "pca": {}
}