{
  "autoencoder": {
    "inner dim 11": {
      "training-mse": 2.637552185593804e-07,
      "relative_percent_error": 2.2179585583492236,
      "max_distance_error": 0.018083738812023787,
      "mean_distance_error": 0.0006249942062003256,
      "ae_training_time_s": 36.66194152832031,
      "outer_pca_training_time_s": 0.5440995693206787
    }
  },
  "pca": {}
}