{
  "autoencoder": {
    "inner dim 2": {
      "training-mse": 1.2696102841155707e-05,
      "relative_percent_error": 13.395313522489968,
      "max_distance_error": 0.08284122525351653,
      "mean_distance_error": 0.0037331451370754137,
      "ae_training_time_s": 38.157288789749146,
      "outer_pca_training_time_s": 0.6062111854553223
    }
  },
  "pca": {}
}