{
  "autoencoder": {
    "inner dim 3": {
      "training-mse": 5.6070977547400715e-06,
      "relative_percent_error": 9.206215035617019,
      "max_distance_error": 0.05829635790775206,
      "mean_distance_error": 0.002571680915618258,
      "ae_training_time_s": 37.281248807907104,
      "outer_pca_training_time_s": 0.6081225872039795
    }
  },
  "pca": {}
}