{
  "autoencoder": {
    "inner dim 8": {
      "training-mse": 5.426782506840872e-07,
      "relative_percent_error": 3.1742447596092522,
      "max_distance_error": 0.023521809880482296,
      "mean_distance_error": 0.000890112983034076,
      "ae_training_time_s": 36.788249254226685,
      "outer_pca_training_time_s": 0.537010908126831
    }
  },
  "pca": {}
}