{
  "autoencoder": {
    "inner dim 7": {
      "training-mse": 2.884510069114185e-06,
      "relative_percent_error": 6.956936942944124,
      "max_distance_error": 0.050544649297225734,
      "mean_distance_error": 0.0019449480664888903,
      "ae_training_time_s": 36.881537437438965,
      "outer_pca_training_time_s": 0.48200178146362305
    }
  },
  "pca": {}
}