{
  "autoencoder": {
    "inner dim 6": {
      "training-mse": 8.289317947900522e-07,
      "relative_percent_error": 3.7698914782781294,
      "max_distance_error": 0.03405539889506061,
      "mean_distance_error": 0.0010690940637579176,
      "ae_training_time_s": 36.9774808883667,
      "outer_pca_training_time_s": 0.5902783870697021
    }
  },
  "pca": {}
}