{
  "autoencoder": {
    "inner dim 8": {
      "training-mse": 7.966313676376855e-07,
      "relative_percent_error": 3.92081725896785,
      "max_distance_error": 0.0316942259399584,
      "mean_distance_error": 0.0011020800503260132,
      "ae_training_time_s": 36.08500385284424,
      "outer_pca_training_time_s": 0.5353536605834961
    }
  },
  "pca": {}
}