{
  "autoencoder": {
    "inner dim 15": {
      "training-mse": 5.016077274206231e-07,
      "relative_percent_error": 3.0654877858254728,
      "max_distance_error": 0.01658019862944054,
      "mean_distance_error": 0.0008532033368653233,
      "ae_training_time_s": 37.15573525428772,
      "outer_pca_training_time_s": 0.5525076389312744
    }
  },
  "pca": {}
}