{
  "autoencoder": {
    "inner dim 3": {
      "training-mse": 5.674755629928919e-06,
      "relative_percent_error": 9.659921930429128,
      "max_distance_error": 0.054088303730999245,
      "mean_distance_error": 0.002687989973361613,
      "ae_training_time_s": 37.607901096343994,
      "outer_pca_training_time_s": 0.6406633853912354
    }
  },
  "pca": {}
}