{
  "autoencoder": {
    "inner dim 7": {
      "training-mse": 1.1005433030418173e-06,
      "relative_percent_error": 4.639331200745425,
      "max_distance_error": 0.03284025781310935,
      "mean_distance_error": 0.001300629686256732,
      "ae_training_time_s": 37.15234899520874,
      "outer_pca_training_time_s": 0.5481340885162354
    }
  },
  "pca": {}
}