{
  "autoencoder": {
    "inner dim 12": {
      "training-mse": 2.426963810005634e-07,
      "relative_percent_error": 2.134107245521042,
      "max_distance_error": 0.013461331906762441,
      "mean_distance_error": 0.0006070580208809727,
      "ae_training_time_s": 37.97180986404419,
      "outer_pca_training_time_s": 0.528709888458252
    }
  },
  "pca": {}
}