{
  "autoencoder": {
    "inner dim 3": {
      "training-mse": 5.469401473702786e-06,
      "relative_percent_error": 9.268888906430412,
      "max_distance_error": 0.05517483864674387,
      "mean_distance_error": 0.0025790085252482436,
      "ae_training_time_s": 37.442033767700195,
      "outer_pca_training_time_s": 1.3950228691101074
    }
  },
  "pca": {}
}