{
  "autoencoder": {
    "inner dim 15": {
      "training-mse": 5.778764556538311e-07,
      "relative_percent_error": 3.3273501356712316,
      "max_distance_error": 0.026158412542493327,
      "mean_distance_error": 0.0009346213743001557,
      "ae_training_time_s": 37.82109069824219,
      "outer_pca_training_time_s": 0.4924185276031494
    }
  },
  "pca": {}
}