{
  "autoencoder": {
    "inner dim 8": {
      "training-mse": 5.340514704088431e-07,
      "relative_percent_error": 3.1971415829752883,
      "max_distance_error": 0.021990674167224108,
      "mean_distance_error": 0.0008947483892319888,
      "ae_training_time_s": 36.74098300933838,
      "outer_pca_training_time_s": 0.5480852127075195
    }
  },
  "pca": {}
}