{
  "autoencoder": {
    "inner dim 3": {
      "training-mse": 5.566213085160306e-06,
      "relative_percent_error": 9.345976215705962,
      "max_distance_error": 0.05233010337998945,
      "mean_distance_error": 0.0026038127554046907,
      "ae_training_time_s": 38.55292630195618,
      "outer_pca_training_time_s": 0.6043598651885986
    }
  },
  "pca": {}
}