{
  "sim_config": {
    "alternative_full_space_mesh": "",
    "integrator_config": {
      "ae_decoded_dim": 20,
      "ae_encoded_dim": 1,
      "gravity": 0,
      "lbfgs_config": {
        "lbfgs_epsilon": 1e-08,
        "lbfgs_m": 8,
        "lbfgs_max_iterations": 0
      },
      "pca_dim": 20,
      "reduced_energy_method": "pcr",
      "reduced_space_type": "autoencoder",
      "save_obj_every_iteration": true,
      "start_pose_from_training_data": 300,
      "timestep": 0.00333333333333333,
      "use_partial_decode": true,
      "use_preconditioner": true,
      "use_reduced_energy": false
    },
    "logging_enabled": true,
    "material_config": {
      "density": 1000,
      "poissons_ratio": 0.47,
      "youngs_modulus": 1000000
    },
    "mesh": "models/new_25cm_bar_11k_twist_and_bend_1d_v2/tets.mesh",
    "save_objs": false,
    "visualization_config": {
      "full_space_constrained_axis": 0,
      "gpu_decode": true,
      "interaction_spring_stiffness": 10000.0,
      "max_frames": 1,
      "print_every_n_frames": 1,
      "show_energy": false,
      "show_stress": false
    }
  },
  "timesteps": [
    {
      "current_frame": 0,
      "iteration_info": {
        "lbfgs_iteration": [
          0,
          1,
          1,
          1,
          2,
          3,
          4,
          5,
          6,
          7
        ],
        "lbfgs_line_iteration": [
          0,
          0,
          1,
          2,
          0,
          0,
          0,
          0,
          0,
          0
        ],
        "lbfgs_obj_vals": [
          0.000232383407921762,
          0.000221276170588563,
          0.00020638412391311,
          0.000179336411567592,
          1.51005862285841e-05,
          1.20420854131921e-06,
          6.07921099512815e-07,
          5.90161858415394e-07,
          5.89269826150704e-07,
          5.89262599766163e-07
        ],
        "timing": {
          "energy_forces_time_s": [
            0.0416285991668701,
            0.0279786586761475,
            0.0254991054534912,
            0.0257933139801025,
            0.0249285697937012,
            0.0218496322631836,
            0.0217959880828857,
            0.0211961269378662,
            0.0203831195831299,
            0.0263252258300781
          ],
          "linear_decode_time_s": [
            0.000216484069824219,
            0.000183582305908203,
            9.84668731689453e-05,
            9.89437103271484e-05,
            0.000102996826171875,
            0.000105381011962891,
            0.000118255615234375,
            9.58442687988281e-05,
            8.70227813720703e-05,
            8.46385955810547e-05
          ],
          "obj_and_grad_eval_time_s": [
            0.0144963264465332,
            0.000222444534301758,
            0.000211715698242188,
            0.000230312347412109,
            0.000225543975830078,
            0.000245332717895508,
            0.000177145004272461,
            0.000209808349609375,
            0.000235080718994141,
            0.000520944595336914
          ],
          "predict_weight_time": [
            0.0,
            0.0,
            0.0,
            0.0,
            0.0,
            0.0,
            0.0,
            0.0,
            0.0,
            0.0
          ],
          "tf_time_s": [
            8.32080841064453e-05,
            0.000107288360595703,
            0.000119209289550781,
            0.000165462493896484,
            0.000133991241455078,
            0.000121116638183594,
            0.00010371208190918,
            0.000100135803222656,
            0.000106096267700195,
            0.000107765197753906
          ],
          "tot_obj_time_s": [
            0.0564277172088623,
            0.0284945964813232,
            0.0259308815002441,
            0.0262906551361084,
            0.0253937244415283,
            0.0223238468170166,
            0.022197961807251,
            0.0216042995452881,
            0.0208139419555664,
            0.0270407199859619
          ]
        }
      },
      "lbfgs_iterations": 7,
      "mouse_info": {
        "dragged_pos": [
          0.0,
          0.0,
          0.0
        ],
        "dragged_vert": 0,
        "is_dragging": false
      },
      "precondition_time": 0.000154495239257812,
      "tot_step_time_s": 0.297928333282471
    }
  ]
}